:020000040800F2
:1000000000000120754400083F2B0008412B000828
:10001000432B0008452B0008472B00080000000078
:10002000000000000000000000000000492B000854
:100030004B2B0008000000004D2B00084F2B000840
:10004000C5440008C5440008592B0008C5440008F1
:10005000C5440008C5440008C5440008C54400085C
:10006000C5440008C5440008C54400086D2B0008BD
:100070007D2B0008C54400088D2B00089D2B00082F
:10008000AD2B0008BD2B0008C5440008C54400087E
:1000900000000000C5440008C5440008C54400082D
:1000A000C5440008C5440008C5440008C54400080C
:1000B000C5440008C5440008C5440008C5440008FC
:1000C000C5440008C5440008C5440008C5440008EC
:1000D000CD2B0008DD2B0008ED2B0008C5440008DF
:1000E000C5440008692B0008FD2B0008C544000822
:1000F000C54400080000000000000000C5440008DE
:10010000C5440008C54400080D2C0008C54400087B
:10011000C5440008C5440008C5440008C54400089B
:10012000C5440008C5440008C5440008C54400088B
:08013000C5440008C5440008A5
:1001400010B5054C237833B9044B13B10448AFF311
:1001500000800123237010BD400700200000000034
:1001600014DA010808B5034B1BB103490348AFF388
:10017000008008BD000000004407002014DA0108D8
:1001800010F8012B11F8013B012A28BF9A42F7D041
:10019000D01A7047000000000000000000000000BE
:1001A00001F0FF01102A2BDB10F0070F08D010F828
:1001B000013B013A8B422DD010F0070F42B3F6D12C
:1001C000F0B441EA012141EA014122F007047FF045
:1001D00000070023F0E80256083C85EA010586EA9C
:1001E000010685FA47F5A3FA87F586FA47F6A5FAD8
:1001F00087F68EB9EED1F0BC01F0FF0102F00702E4
:1002000032B110F8013B013A83EA010313B1F8D18E
:100210000020704701387047002D06BF354603386F
:10022000073815F0010F07D1013015F4807F02BFA8
:10023000013015F4C03F0130F0BC0138704700BFF9
:10024000034613F8012B002AFBD1181A0138704716
:1002500081F0004102E000BF83F0004330B54FEA77
:1002600041044FEA430594EA050F08BF90EA020FE4
:100270001FBF54EA000C55EA020C7FEA645C7FEA77
:10028000655C00F0E2804FEA5454D4EB5555B8BF9A
:100290006D420CDD2C4480EA020281EA030382EA0B
:1002A000000083EA010180EA020281EA0303362D9D
:1002B00088BF30BD11F0004F4FEA01314FF4801C70
:1002C0004CEA113102D0404261EB410113F0004F82
:1002D0004FEA03334CEA133302D0524263EB430339
:1002E00094EA050F00F0A780A4F10104D5F1200ED7
:1002F0000DDB02FA0EFC22FA05F2801841F1000132
:1003000003FA0EF2801843FA05F359410EE0A5F105
:1003100020050EF1200E012A03FA0EFC28BF4CF036
:10032000020C43FA05F3C01851EBE37101F00045EC
:1003300007D54FF0000EDCF1000C7EEB00006EEBF9
:100340000101B1F5801F1BD3B1F5001F0CD3490883
:100350005FEA30004FEA3C0C04F101044FEA4452DA
:1003600012F5800F80F09A80BCF1004F08BF5FEA61
:10037000500C50F1000041EB045141EA050130BD41
:100380005FEA4C0C404141EB0101013C28BFB1F553
:10039000801FE9D291F0000F04BF01460020B1FA9E
:1003A00081F308BF2033A3F10B03B3F120020CDA71
:1003B0000C3208DD02F1140CC2F10C0201FA0CF04F
:1003C00021FA02F10CE002F11402D8BFC2F1200CB4
:1003D00001FA02F120FA0CFCDCBF41EA0C0190406A
:1003E000E41AA2BF01EB0451294330BD6FEA0404B3
:1003F0001F3C1CDA0C340EDC04F11404C4F120029E
:1004000020FA04F001FA02F340EA030021FA04F3AF
:1004100045EA030130BDC4F10C04C4F1200220FA06
:1004200002F001FA04F340EA0300294630BD21FA44
:1004300004F0294630BD94F0000F83F4801306BF0A
:1004400081F480110134013D4EE77FEA645C18BFFE
:100450007FEA655C29D094EA050F08BF90EA020F95
:1004600005D054EA000C04BF1946104630BD91EA8D
:10047000030F1EBF0021002030BD5FEA545C05D190
:100480004000494128BF41F0004130BD14F58004CF
:100490003CBF01F5801130BD01F0004545F0FE4143
:1004A00041F470014FF0000030BD7FEA645C1ABF78
:1004B000194610467FEA655C1CBF0B46024650EAAF
:1004C000013406BF52EA033591EA030F41F40021DB
:1004D00030BD00BF90F0000F04BF0021704730B561
:1004E0004FF4806404F132044FF000054FF0000136
:1004F00050E700BF90F0000F04BF0021704730B5F7
:100500004FF4806404F1320410F0004548BF4042CB
:100510004FF000013EE700BF42004FEAE2014FEA20
:1005200031014FEA02701FBF12F07F4393F07F4FFB
:1005300081F06051704732F07F4208BF704793F0FE
:100540007F4F04BF41F40021704730B54FF4607411
:1005500001F0004521F000411CE700BF50EA010214
:1005600008BF704730B54FF000050AE050EA0102BD
:1005700008BF704730B511F0004502D5404261EB2D
:1005800041014FF4806404F132045FEA915C3FF46E
:10059000D8AE4FF003025FEADC0C18BF03325FEA0B
:1005A000DC0C18BF033202EBDC02C2F1200300FABC
:1005B00003FC20FA02F001FA03FE40EA0E0021FAE1
:1005C00002F11444BDE600BF70B54FF0FF0C4CF4CF
:1005D000E06C1CEA11541DBF1CEA135594EA0C0F81
:1005E00095EA0C0F00F0DEF82C4481EA030621EABC
:1005F0004C5123EA4C5350EA013518BF52EA0335F7
:1006000041F4801143F4801338D0A0FB02CE4FF0A8
:100610000005E1FB02E506F00042E0FB03E54FF0D8
:100620000006E1FB03569CF0000F18BF4EF0010ED0
:10063000A4F1FF04B6F5007F64F5407404D25FEACC
:100640004E0E6D4146EB060642EAC62141EA55517F
:100650004FEAC52040EA5E504FEACE2EB4F1FD0CC1
:1006600088BFBCF5E06F1ED8BEF1004F08BF5FEA3F
:10067000500E50F1000041EB045170BD06F00046F1
:1006800046EA010140EA020081EA0301B4EB5C049E
:10069000C2BFD4EB0C0541EA045170BD41F4801196
:1006A0004FF0000E013C00F3AB8014F1360FDEBFBB
:1006B000002001F0004170BDC4F10004203C35DA97
:1006C0000C341BDC04F11404C4F1200500FA05F31A
:1006D00020FA04F001FA05F240EA020001F00042BB
:1006E00021F0004110EBD37021FA04F642EB060131
:1006F0005EEA430E08BF20EAD37070BDC4F10C045B
:10070000C4F1200500FA04F320FA05F001FA04F21E
:1007100040EA020001F0004110EBD37041F100010A
:100720005EEA430E08BF20EAD37070BDC4F1200515
:1007300000FA05F24EEA020E20FA04F301FA05F27D
:1007400043EA020321FA04F001F0004121FA04F225
:1007500020EA020000EBD3705EEA430E08BF20EAF5
:10076000D37070BD94F0000F0FD101F0004640002F
:1007700041EB010111F4801F08BF013CF7D041EAB1
:10078000060195F0000F18BF704703F000465200B5
:1007900043EB030313F4801F08BF013DF7D043EA86
:1007A0000603704794EA0C0F0CEA135518BF95EA3C
:1007B0000C0F0CD050EA410618BF52EA4306D1D1C3
:1007C00081EA030101F000414FF0000070BD50EAE2
:1007D000410606BF1046194652EA430619D094EA6C
:1007E0000C0F02D150EA013613D195EA0C0F05D156
:1007F00052EA03361CBF104619460AD181EA0301AA
:1008000001F0004141F0FE4141F470014FF0000061
:1008100070BD41F0FE4141F4780170BD70B54FF0FC
:10082000FF0C4CF4E06C1CEA11541DBF1CEA13557C
:1008300094EA0C0F95EA0C0F00F0A7F8A4EB05045E
:1008400081EA030E52EA03354FEA013100F0888055
:100850004FEA03334FF0805545EA131343EA12631E
:100860004FEA022245EA111545EA10654FEA0026D3
:100870000EF000419D4208BF964244F1FD0404F58C
:10088000407402D25B084FEA3202B61A65EB0305E8
:100890005B084FEA32024FF480104FF4002CB6EBA5
:1008A000020E75EB030E22BFB61A754640EA0C0025
:1008B0005B084FEA3202B6EB020E75EB030E22BF65
:1008C000B61A754640EA5C005B084FEA3202B6EBA6
:1008D000020E75EB030E22BFB61A754640EA9C0065
:1008E0005B084FEA3202B6EB020E75EB030E22BF35
:1008F000B61A754640EADC0055EA060E18D04FEAF3
:10090000051545EA16754FEA06164FEAC30343EA92
:1009100052734FEAC2025FEA1C1CC0D111F4801F5F
:100920000BD141EA00014FF000004FF0004CB6E758
:1009300011F4801F04BF01430020B4F1FD0C88BFF7
:10094000BCF5E06F3FF6AFAEB5EB030C04BFB6EB02
:10095000020C5FEA500C50F1000041EB045170BDF5
:100960000EF0004E4EEA113114EB5C04C2BFD4EB22
:100970000C0541EA045170BD41F480114FF0000EA6
:10098000013C90E645EA060E8DE60CEA135594EA22
:100990000C0F08BF95EA0C0F3FF43BAF94EA0C0F25
:1009A0000AD150EA01347FF434AF95EA0C0F7FF49A
:1009B00025AF104619462CE795EA0C0F06D152EAEE
:1009C00003353FF4FDAE1046194622E750EA4106D2
:1009D00018BF52EA43067FF4C5AE50EA41047FF4E3
:1009E0000DAF52EA43057FF4EBAE12E74FF0FF3C48
:1009F00006E000BF4FF0010C02E000BF4FF0010C19
:100A00004DF804CD4FEA410C7FEA6C5C4FEA430C91
:100A100018BF7FEA6C5C1BD001B050EA410C0CBFE0
:100A200052EA430C91EA030F02BF90EA020F002042
:100A3000704710F1000F91EA030F58BF994208BFA9
:100A400090422CBFD8176FEAE37040F00100704766
:100A50004FEA410C7FEA6C5C02D150EA013C07D1BD
:100A60004FEA430C7FEA6C5CD6D152EA033CD3D008
:100A70005DF8040B704700BF8446104662468C4602
:100A80001946634600E000BF01B5FFF7B7FF002835
:100A900048BF10F1000F01BD4DF808EDFFF7F4FF5E
:100AA0000CBF012000205DF808FB00BF4DF808EDE9
:100AB000FFF7EAFF34BF012000205DF808FB00BF0C
:100AC0004DF808EDFFF7E0FF94BF012000205DF82E
:100AD00008FB00BF4DF808EDFFF7CEFF94BF0120E3
:100AE00000205DF808FB00BF4DF808EDFFF7C4FFDC
:100AF00034BF012000205DF808FB00BF4FEA410C25
:100B00007FEA6C5C02D150EA013C0AD14FEA430C07
:100B10007FEA6C5C02D152EA033C02D14FF0000044
:100B200070474FF0010070474FEA410212F5001282
:100B300015D211D56FF47873B3EB625212D94FEA24
:100B4000C12343F0004343EA505311F0004F23FA0E
:100B500002F018BF404270474FF00000704750EA63
:100B6000013005D111F0004008BF6FF00040704720
:100B70004FF00000704700BF4A0011D212F500127A
:100B800011D20DD56FF47873B3EB62520ED44FEAE5
:100B9000C12343F0004343EA505323FA02F0704765
:100BA0004FF00000704750EA013002D14FF0FF30A3
:100BB00070474FF0000070474FEA4102B2F1E04346
:100BC00024BFB3F5001CDCF1FE5C0DD901F0004C34
:100BD0004FEAC0024CEA5070B2F1004F40EB830084
:100BE00008BF20F00100704711F0804F21D113F1B0
:100BF0003872BCBF01F00040704741F480114FEAE9
:100C00005252C2F11802C2F1200C10FA0CF320FA71
:100C100002F018BF40F001004FEAC1234FEAD3238E
:100C200003FA0CFC40EA0C0023FA02F34FEA4303F8
:100C3000CCE77FEA625307D150EA01331EBF4FF081
:100C4000FE4040F44000704701F0004040F0FE409C
:100C500040F40000704700BF80F0004002E000BF99
:100C600081F0004142001FBF5FEA410392EA030F97
:100C70007FEA226C7FEA236C6AD04FEA1262D2EBE1
:100C80001363C1BFD218414048404140B8BF5B42E6
:100C9000192B88BF704710F0004F40F4000020F07F
:100CA0007F4018BF404211F0004F41F4000121F095
:100CB0007F4118BF494292EA030F3FD0A2F10102DF
:100CC00041FA03FC10EB0C00C3F1200301FA03F11D
:100CD00000F0004302D5494260EB4000B0F5000F40
:100CE00013D3B0F1807F06D340084FEA310102F1FF
:100CF0000102FE2A51D2B1F1004F40EBC25008BFB1
:100D000020F0010040EA03007047490040EB00007A
:100D1000013A28BFB0F5000FEDD2B0FA80FCACF17B
:100D2000080CB2EB0C0200FA0CF0AABF00EBC250A8
:100D300052421843BCBFD0401843704792F0000F96
:100D400081F4000106BF80F400000132013BB5E7E9
:100D50004FEA41037FEA226C18BF7FEA236C21D05F
:100D600092EA030F04D092F0000F08BF08467047C4
:100D700090EA010F1CBF0020704712F07F4F04D192
:100D8000400028BF40F00040704712F100723CBFA5
:100D900000F50000704700F0004343F0FE4040F4CF
:100DA000000070477FEA226216BF08467FEA23638D
:100DB0000146420206BF5FEA412390EA010F40F478
:100DC000800070474FF0000304E000BF10F00043C4
:100DD00048BF40425FEA000C08BF704743F09643AB
:100DE00001464FF000001CE050EA010208BF7047C6
:100DF0004FF000030AE000BF50EA010208BF70474D
:100E000011F0004302D5404261EB41015FEA010C61
:100E100002BF84460146002043F0B64308BFA3F159
:100E20008053A3F50003BCFA8CF2083AA3EBC2533B
:100E300010DB01FA02FC634400FA02FCC2F120025A
:100E4000BCF1004F20FA02F243EB020008BF20F091
:100E50000100704702F1200201FA02FCC2F12002F7
:100E600050EA4C0021FA02F243EB020008BF20EAEC
:100E7000DC7070474FF0FF0C1CEAD0521EBF1CEA1A
:100E8000D15392EA0C0F93EA0C0F6FD01A4480EA08
:100E9000010C400218BF5FEA41211ED04FF00063F1
:100EA00043EA501043EA5111A0FB01310CF000401D
:100EB000B1F5000F3EBF490041EAD3715B0040EA43
:100EC000010062F17F02FD2A1DD8B3F1004F40EB13
:100ED000C25008BF20F00100704790F0000F0CF0E6
:100EE000004C08BF49024CEA502040EA51207F3AAA
:100EF000C2BFD2F1FF0340EAC250704740F4000085
:100F00004FF00003013A5DDC12F1190FDCBF00F075
:100F100000407047C2F10002410021FA02F1C2F123
:100F2000200200FA02FC5FEA310040F1000053EABF
:100F30004C0308BF20EADC70704792F0000F00F00D
:100F4000004C02BF400010F4000F013AF9D040EA13
:100F50000C0093F0000F01F0004C02BF490011F4A7
:100F6000000F013BF9D041EA0C018FE70CEAD153A5
:100F700092EA0C0F18BF93EA0C0F0AD030F0004C25
:100F800018BF31F0004CD8D180EA010000F00040D9
:100F9000704790F0000F17BF90F0004F084691F097
:100FA000000F91F0004F14D092EA0C0F01D14202D1
:100FB0000FD193EA0C0F03D14B0218BF084608D19A
:100FC00080EA010000F0004040F0FE4040F40000E4
:100FD000704740F0FE4040F4400070474FF0FF0C77
:100FE0001CEAD0521EBF1CEAD15392EA0C0F93EABE
:100FF0000C0F69D0A2EB030280EA010C49024FEA10
:10100000402037D04FF0805343EA111143EA1013C8
:101010000CF000408B4238BF5B0042F17D024FF480
:10102000000C8B4224BF5B1A40EA0C00B3EB510F5B
:1010300024BFA3EB510340EA5C00B3EB910F24BF44
:10104000A3EB910340EA9C00B3EBD10F24BFA3EBC9
:10105000D10340EADC001B0118BF5FEA1C1CE0D191
:10106000FD2A3FF650AF8B4240EBC25008BF20F044
:10107000010070470CF0004C4CEA50207F32C2BF98
:10108000D2F1FF0340EAC250704740F400004FF035
:101090000003013A37E792F0000F00F0004C02BF66
:1010A000400010F4000F013AF9D040EA0C0093F030
:1010B000000F01F0004C02BF490011F4000F013B8A
:1010C000F9D041EA0C0195E70CEAD15392EA0C0FF2
:1010D00008D142027FF47DAF93EA0C0F7FF470AF2A
:1010E000084676E793EA0C0F04D14B023FF44CAF6D
:1010F00008466EE730F0004C18BF31F0004CCAD102
:1011000030F000427FF45CAF31F000437FF43CAF3D
:101110005FE700BF4FF0FF3C06E000BF4FF0010C5F
:1011200002E000BF4FF0010C4DF804CD4FEA400241
:101130004FEA41037FEA226C18BF7FEA236C11D08B
:1011400001B052EA530C18BF90EA010F58BFB2EB3E
:10115000030088BFC81738BF6FEAE17018BF40F0BE
:10116000010070477FEA226C02D15FEA402C05D172
:101170007FEA236CE4D15FEA412CE1D05DF8040BF7
:10118000704700BF844608466146FFE70FB5FFF78A
:10119000C9FF002848BF10F1000F0FBD4DF808ED42
:1011A000FFF7F4FF0CBF012000205DF808FB00BF33
:1011B0004DF808EDFFF7EAFF34BF012000205DF88D
:1011C00008FB00BF4DF808EDFFF7E0FF94BF0120DA
:1011D00000205DF808FB00BF4DF808EDFFF7D2FFD7
:1011E00094BF012000205DF808FB00BF4DF808ED1A
:1011F000FFF7C8FF34BF012000205DF808FB00BFE7
:101200004FEA40024FEA41037FEA226C02D15FEAD3
:10121000402C08D17FEA236C02D15FEA412C02D135
:101220004FF0000070474FF0010070474FEA400256
:10123000B2F1FE4F0FD34FF09E03B3EB12620DD904
:101240004FEA002343F0004310F0004F23FA02F06E
:1012500018BF404270474FF00000704712F1610F15
:1012600001D1420205D110F0004008BF6FF00040EC
:1012700070474FF00000704742000ED2B2F1FE4FAF
:101280000BD34FF09E03B3EB126209D44FEA002355
:1012900043F0004323FA02F070474FF0000070471C
:1012A00012F1610F01D1420202D14FF0FF307047BD
:1012B0004FF00000704700BF7BB972B90029BEBF74
:1012C00000204FF0004106E008BF00281CBF6FF06F
:1012D00000414FF0FF3000F009BAADF1080C6DE9A4
:1012E00004CE002909DB002B1ADB00F083F8DDF8BF
:1012F00004E0DDE9022304B07047404261EB4101A4
:10130000002B1BDB00F076F8DDF804E0DDE90223BA
:1013100004B0404261EB4101524263EB430370472A
:10132000524263EB430300F065F8DDF804E0DDE9C9
:10133000022304B0404261EB41017047524263EB2B
:10134000430300F057F8DDF804E0DDE9022304B0C0
:10135000524263EB4303704753B94AB9002908BFAF
:1013600000281CBF4FF0FF314FF0FF3000F0BEB936
:10137000ADF1080C6DE904CE00F03CF8DDF804E0B6
:10138000DDE9022304B0704738B50022002304468B
:101390000D46FFF78BFB28B920462946BDE83840AB
:1013A00000F00AB8204605F1004100F005F840427F
:1013B00061EB410138BD00BFD0B50C4B00220646A1
:1013C0000F46FFF701F9FFF7D7FB0446FFF782F856
:1013D000074B0022FFF7F8F802460B463046394625
:1013E000FEF73AFFFFF7C8FB2146D0BD0000F03DF5
:1013F0000000F0412DE9F047089D8E4604468846DE
:10140000002B4AD18A42174662D9B2FA82F64EB10F
:10141000C6F1200301FA06F820FA03F3B74043EAC5
:101420000808B4404FEA174E1FFA87FCB8FBFEF1DC
:10143000230C0EFB118843EA084301FB0CF29A428D
:1014400009D9FB1801F1FF3080F0EA809A4240F29E
:10145000E78002393B449A1AA3B2B2FBFEF00EFBBE
:10146000102243EA024300FB0CFC9C4509D9FB18FF
:1014700000F1FF3280F0D6809C4540F2D3803B449F
:10148000023840EA0140A3EB0C0300211DB1F340F8
:101490000022C5E90032BDE8F0878B4205D90DB1C5
:1014A000C5E9000100210846F5E7B3FA83F10029F8
:1014B00046D1734502D3824200F20581841A6EEB55
:1014C000030201209046002DE5D0C5E90048E2E77F
:1014D000002A00F09080B2FA82F6002E40F0A4803C
:1014E0008A1A030C4FEA174E80B2BCB20121B2FB3C
:1014F000FEFC0EFB1C2243EA024304FB0CF29A4260
:1015000007D9FB180CF1FF3802D29A4200F2E080B2
:10151000C4469B1AB3FBFEF20EFB123340EA0343B0
:1015200002FB04F49C4207D9FB1802F1FF3002D2FF
:101530009C4200F2CA8002461B1B42EA0C40A5E70F
:10154000C1F120068B4022FA06F71F430EFA01F480
:1015500020FA06F32EFA06FE4FEA1749234300FA53
:1015600001F81FFA87FCBEFBF9F01C0C09FB10EE1A
:1015700044EA0E4400FB0CFEA64502FA01F209D92A
:101580003C1900F1FF3A80F09C80A64540F299801A
:1015900002383C44A4EB0E041FFA83FEB4FBF9F3BB
:1015A00009FB13444EEA044403FB0CFCA44508D990
:1015B0003C1903F1FF3E80F08280A4457FD9023BB5
:1015C0003C4443EA0040A4EB0C04A0FB02EC64455D
:1015D0007346E14662D35FD05DB1B8EB030264EBC2
:1015E000090404FA06F622FA01F31E43CC40C5E9C9
:1015F000006400214FE7B1FBF2FC010C41EA0E410F
:1016000080B240EA01423B4638463C46B846BE46B8
:101610002026B1FBF7F1A2EB080241EA0C4166E794
:10162000014618E710462CE7C6F120022EFA02F315
:10163000B740B14020FA02F24FEA174E0A43B3FB1B
:10164000FEF8BCB20EFB1833110C41EA034108FB53
:1016500004F9B04089454FEA104380B23ED9791869
:1016600008F1FF3C01D289451FD8A1EB0901B1FB6C
:10167000FEF909FB04F80EFB191192B242EA01428D
:10168000424529D2BA1809F1FF31C4D24245C2D22B
:10169000A9F102013A44BEE7F0459DD2BEEB020338
:1016A0006CEB070C0138E14696E7A7EB09094944C2
:1016B000A8F1020CB1FBFEF909FB04F8DBE7734665
:1016C0007FE7504666E70846FDE63B44023A33E7CB
:1016D000ACF1020C3B441CE749469CE7A1EB090135
:1016E000C446B1FBFEF909FB04F8C4E7704700BF2C
:1016F00008B501F03FFC044B9860044A002151609A
:1017000052685A6008BD00BF94260020001000E017
:10171000F8B5124B5D68124E73680027ED1A3C460F
:1017200001F028FCB368C01A3268904213D93B46D6
:101730003946FFF711FECA0742EA5002C3071B1AD7
:1017400062EB0102DB1852411B1842EB01045B19EA
:101750001D4644F1000428462146F8BD001000E073
:101760009426002030B585B010F01EFB144D0024E7
:101770006C60642001F002FC6868124BA3FB00302F
:101780006A464009214610F09DFA039A0199029B8E
:10179000642000FB01310C4810F082FA6A464FF0D9
:1017A000FF30002110F08EFA019A029B4FF47A71FB
:1017B00001FB0233054A136010F0F6FA05B030BDA4
:1017C000001000E01F85EB5130DA0108942600205C
:1017D00010B514F03BFA0A4C204600F0B7FF012286
:1017E0000849204600F052FF074A0849204600F009
:1017F000C9FE074A0749204600F0F8FE002010BD48
:10180000A0070020040000209C070020940700206F
:1018100098070020900700202DE9F04385B0FFF7DE
:10182000A1FF2D4C2D4B196804F1380010F038FA47
:1018300004F15C0104F1640010F032FAFFF758FF84
:1018400001F098FB07460121254800F027FC81465E
:10185000002834D1FFF75CFF0446224E336803446E
:10186000336001F087FB80466A462046002110F075
:1018700029FA194D039A0199029B4FF47A7000FBE3
:10188000013105F1B40010F00BFAA8EB070105F1E6
:10189000D40010F005FA214605F1F00010F000FA2E
:1018A00031680E4A136801331360B1FBF3F105F59B
:1018B000867010F0F5F9484605B0BDE8F083084899
:1018C00000F0C8FE814614F0A7F8014604F18C0030
:1018D00010F0E6F9BEE700BF30DA01088C070020FF
:1018E000A00700208807002070B582B006460D468C
:1018F000002417E0002C15DD0023335502B070BD25
:10190000002C0FDD013C0DE0164B1A680821116216
:10191000072111620022C3F88C202021C3F888100F
:1019200083F880206B1EA342E6DD4FF0FF330122D7
:101930000DF107010B4806F001FF0028E4D19DF8E6
:1019400007300A2BD6D00D2BD4D0082BD8D07F2B24
:10195000D6D0A3F12002D2B25E2AE3D833550134A7
:10196000E0E700BF9C15002010B5A2B0294C04F59B
:10197000947010F095F9402112A8FFF7B5FF12A955
:1019800004F5AC7010F08CF9242200210DEB02005C
:1019900017F065F804AB029305AB019306AB009317
:1019A00007AB08AA04F5BC7112A816F0CDFF0528F4
:1019B00014D1089B0C93079B013B0D93069BA3F24C
:1019C0006C730E93059B0B93049B0A9309A817F065
:1019D00043FA114BC3E9000122B010BD04AB0293DE
:1019E00005AB019306AB009307AB08AA04F5C471DD
:1019F00012A816F0A9FF0528DBD001230C930023C1
:101A00000D937E220E920B930A93044810F048F92E
:101A1000DCE700BF30DA0108D0070020C8DB01088E
:101A20002DE9F04F9FB04FF0000B4DE03E4810F015
:101A300037F954E001300C900C980378202BF9D042
:101A4000092BF7D02C2BF5D00A220DA916F0C4F9DA
:101A500007900D9A0C9B9A4205D1344810F020F95A
:101A600032E001310D910D990878A0F10903DBB244
:101A7000172B05D82E4A22FA03F313F0010FF0D1E9
:101A800000283DD10BF1010B2A4A13680133136082
:101A9000072B39DC28490B68284A42F82380013398
:101AA0005A4203F0070302F0070258BF53420B608B
:101AB000234B079A1A60234A1368516813F5617320
:101AC00041F10001136051601A4B1968082900F3B5
:101AD000ED810729AADC01311B4810F0E1F80EACBA
:101AE00040212046FFF700FF0CA9204616F0A0F881
:101AF00080460C9BA3429FD1144810F0D1F8E3E735
:101B0000134810F0CDF8DFE7124B1C680798FFF779
:101B10005DF91149FFF762FA206010494046FFF76E
:101B20005DFA606000222EE034DC010884DC0108EC
:101B30001300800084070020800700206007002039
:101B40005C070020D0070020FCDB01085CDC0108FA
:101B5000BCDC0108940700200000A0400000904079
:101B6000BA4B1B68013B9B1A0833594203F0070329
:101B700001F0070158BF4B42911CB54850F8233083
:101B800044F821300132072AEADDB24816F082FF1C
:101B900082468368C3EB0313466806EB8306AE4DAB
:101BA00085FB06353544F717C7EBA5204FF4B4691C
:101BB00009FB1060FFF70AF9A849FFF70FFA089030
:101BC000C7EB65234FF4347000FB1360FFF7FEF89A
:101BD000A349FFF703FA0990C7EB25234FF4B4702C
:101BE00000FB1360FFF7F2F89E49FFF7F7F90A9040
:101BF000C7EBE517B42000FB1760FFF7E7F89A4939
:101C0000FFF7ECF90B90DAF818300633974A82FBAD
:101C100003121A44DD17C5EBA205C5EBC5055D1B14
:101C200009FB0560FFF7D2F89149FFF7D7F9814624
:101C30009049FFF71FF9FEF76FFC06460F461AF0B2
:101C4000DDFDFEF7B9FFA062304639461AF090FD7F
:101C5000FEF7B2FFE06287490898FFF70BF9FEF73D
:101C60005BFC06460F461AF0C9FDFEF7A5FF206390
:101C7000304639461AF07CFDFEF79EFF60637D49D1
:101C80000998FFF7F7F8FEF747FC06460F461AF0EB
:101C9000B5FDFEF791FFA063304639461AF068FDA6
:101CA000FEF78AFFE06373490A98FFF7E3F8FEF74F
:101CB00033FC06460F461AF0A1FDFEF77DFF2064B7
:101CC000304639461AF054FDFEF776FF60646949E4
:101CD0000B98FFF7CFF8FEF71FFC06460F461AF0E9
:101CE0008DFDFEF769FFA064304639461AF040FDCD
:101CF000FEF762FFE064C4F850902846FFF766F8EC
:101D00005D49FFF76BF960655C4B1868FFF75EF89B
:101D10005B49FFF763F9A065FFF77EFD594B1B6830
:101D2000D3F800A05D6829464046FEF799FF20F0F1
:101D300000440799B9B9544B4FF07C521A60CBB2AA
:101D4000524A137044464FF0000900212046FFF725
:101D50002FFA00283FD14E492046FFF747FA0028C6
:101D60003AD04B4C38E0079B052B0FD049494046F1
:101D7000FFF71EFA50B948494046FFF72DFA28B937
:101D80002146414B1868FFF713FAC0B143493E4B57
:101D90001868FEF767FF04464FF07F51FFF708FA17
:101DA00008B94FF07F54384B1C609DF81C30374AFF
:101DB0001370062313702C464FF00109C5E7324B10
:101DC0004FF07C521A609DF81C30304A1370444624
:101DD0004FF00009B9E700241C490B681C4A42F87F
:101DE000234001335A4203F0070302F0070258BFB1
:101DF00053420B60214B079A1A604046FEF78CFB5A
:101E000006460F465046FEF787FBCDE90401CDF8A4
:101E100008902846FEF780FBCDE9000132463B469C
:101E200059461F480FF03CFF0A4A1368516813F5E2
:101E3000617341F10001136051601A492046FFF7B8
:101E400019F8FFF719FA184B18603DE680070020D3
:101E500060070020D0070020B7600BB60000B44434
:101E6000000034440000B4430000344393244992FA
:101E700000801D46DB0FC9400000C0405C07002009
:101E80000000A0409007002000000020D80700209C
:101E900000009040CDCC4C3D66668E40CDCCCC3D14
:101EA000F4DC010800007A441818002008221A60A7
:101EB0001FB0BDE8F08F00BF08B5FFF789FC08BD73
:101EC00008B5FFF7ADFD08BD0022DAB10369012AAC
:101ED00020D00022134303610022F2B1012A24D052
:101EE000002213430361002212B3012A29D00022E9
:101EF0001343036100223AB3012A2ED00022134378
:101F00000361704702F1080350F82330002BDDD045
:101F10000132DAE74FF08062DCE702F10A0150F8A3
:101F200021100029DAD00132D7E74FF00062D8E75C
:101F300002F10A0100EB810149680029D5D0013284
:101F4000D2E74FF08052D3E702F1080100EB8101A4
:101F500049680029D0D00132CDE74FF08042CEE76A
:101F600038B50023436110F0070F11D105468446B0
:101F7000084C0FCCACE80F000FCCACE80F0094E895
:101F80000F008CE80F002846FFF79EFF686938BDF8
:101F90000148FCE700DE01080200030010B586B02E
:101FA0000446826A154B9A60DA60036A0433144A65
:101FB0009360D360836963B1002201920121029191
:101FC000104A92699268049204AA039201AAC06915
:101FD00098470D4813F03CFEA3696BB100220192B3
:101FE00001220292094A92699268059205AA039217
:101FF00001AA0221E069984706B010BD3002002016
:1020000020020020B401002064000020780100209C
:1020100010B586B00446036A194A9360D36044330E
:10202000184A9360D360C26A174B9A60DA6083697A
:102030008BB10922009202220192144A926992689D
:102040000392134A92699268049203AA02926A4622
:102050000121C06998470F4813F038FFA3696BB19D
:1020600009220092012201920B4A9269926805921C
:1020700005AA02926A460221E069984706B010BD9F
:102080001002002000020020F0010020C400002007
:1020900000010020080000203C010020002800F082
:1020A000648270B5A4B0044610F0070F40F060825F
:1020B0000268054B9A4209D0436913B94FF4403383
:1020C0004361606924B070BD0001C0B1036913F0C1
:1020D000806F00F0318213F0006F00F0348213F053
:1020E000805F00F0368213F0804F00F03882036A80
:1020F0000393826A0492436A059303F5B8530693E7
:10210000172307934023089301230993836943B15D
:102110000121009101910A920AAA02926A46C069BD
:10212000984703A814F0CEFBA36953B10122009293
:102130000192226A0B920BAA02926A460221E0697E
:102140009847256AA36943B10121039104910C9535
:102150000CAA059203AAE069984700234022294669
:10216000284614F0ABFDA3694BB1012203920492FF
:102170000D950DAA059203AA0221E0699847226AEB
:1021800002F5AE7303930492636A03F5C05105919F
:1021900003F56053069340230793202308930123FC
:1021A0000993A3694BB103210091012101910E9282
:1021B0000EAA02926A46E069984703A814F082FBCF
:1021C000A5696DB10323009301230193236A03F5ED
:1021D000AE730F930FAB02936A460221E069A847E2
:1021E000256A05F5AE76A3694BB10322039201215E
:1021F0000491109610AA059203AAE069984700235B
:1022000020223146284614F059FDA36953B1032218
:10221000039201220492119511AA059203AA0221A8
:10222000E0699847226A02F1800303930492636A8B
:1022300003F56251059103F5645306932023079338
:10224000012308930993A3694BB104210091012153
:102250000191129212AA02926A46E069984703A875
:1022600014F030FBA56965B10423009301230193A9
:10227000236A8033139313AB02936A460221E06909
:10228000A847256A05F18006A3694BB10522039290
:1022900001210491149614AA059203AAE0699847B3
:1022A000002301223146284614F0E6FCA36953B10D
:1022B0000522039201220492159515AA059203AAFC
:1022C0000221E06998472046FFF768FE236A03F180
:1022D000580203921A1D0492636A03F56451043193
:1022E000059103F59C43043306931523079340237C
:1022F000089301230993A3694BB1022100910121A5
:102300000191169216AA02926A46E069984703A8BC
:1023100014F0D8FAA5695DB102210091012301935F
:10232000236A5833179317AB02936A46E069A847AC
:10233000256A5835A3694BB1022203920121049109
:10234000189518AA059203AAE0699847002340222D
:102350002946284614F0B2FCA3694BB1022103912F
:1023600001220492199519AA059203AAE0699847D7
:10237000236A03F5AC72039203F158020492636A74
:1023800003F59E410431059103F5DE4304330693C2
:10239000402307932023089301230993A3694BB19A
:1023A00006210091012101911A921AAA02926A460D
:1023B000E069984703A814F085FAA5696DB1062372
:1023C000009301230193236A03F5AC731B931BABAA
:1023D00002936A460221E069A847256A2E1D05F589
:1023E000AC75A3694BB106220392012104911C959F
:1023F0001CAA059203AAE0699847002320222946D7
:10240000304614F05BFCA36953B10622039201220B
:1024100004921D961DAA059203AA0221E06998471D
:10242000236A03F1840203921A1D0492636A03F57E
:10243000DF410431059103F5EF4304330693202374
:1024400007931023089301230993A3694BB1072134
:102450000091012101911E921EAA02926A46E06932
:10246000984703A814F02EFAA56965B107230093D5
:1024700001230193236A84331F931FAB02936A469F
:102480000221E069A847256A2E1D8435A3694BB156
:102490000722039201210491209520AA059203AA04
:1024A000E0699847002310222946304614F006FCC4
:1024B000A36953B10722039201220492219621AA13
:1024C000059203AA0221E0699847236A03F14402B6
:1024D00003921A1D0492636A03F5EF41443105919A
:1024E00003F5F04304330693102307930123089365
:1024F0000993A3694BB10821009101210191229216
:1025000022AA02926A46E069984703A814F0DAF911
:10251000A56965B10823009301230193236A44331D
:10252000239323AB02936A460221E069A847204621
:10253000FFF76EFD6069C5E5436913B94FF4802369
:1025400043616069BEE543690BB90A4B4361606949
:10255000B8E543690BB9084B43616069B2E543696B
:102560000BB9064B43616069ACE54FF440307047EE
:102570000348A7E510000400200004004000040008
:102580000200030030B3034610F0070025D110B459
:10259000134CD3F800C0A44507D05A6912B94FF4C0
:1025A00040325A61586910BC70472AB10124146046
:1025B00001B138B15869F6E75A690AB9094A5A614E
:1025C0005869F0E700F10A0253F8222041F8202070
:1025D0000130EDE74FF4403070470348704700BFCB
:1025E0000001C0B1010002000200030038B303463D
:1025F00010F0070026D110B4134CD3F800C0A44546
:1026000007D05A6912B94FF440325A61586910BC68
:1026100070472AB10124146001B138B15869F6E756
:102620005A690AB9094A5A615869F0E700F10A0281
:1026300003EB8202526841F820200130ECE74FF4AE
:1026400040307047024870470001C0B101000200ED
:1026500002000300034678B110F0070F0FD10168A4
:10266000084A914206D0426912B94FF440324261A1
:1026700058697047406970474FF4403070470248CE
:10268000704700BF0001C0B10200030000284ED017
:1026900010B582B0044610F007034BD12648D4F899
:1026A00000C0844507D0636913B94FF440336361B8
:1026B000606902B010BD0420019039B1012A1BD01D
:1026C00063690BB91D4B63616069F2E763690BB91C
:1026D0001B4B63616069ECE751F82320D2B102A87B
:1026E00000EB830050F8040C0138024219D103F1C9
:1026F000080044F820200133002BEDD00B6803F5CF
:102700008073A3620B680433E3622046FFF7DCFBAF
:102710006069CEE7636913B94FF480236361606930
:10272000C7E763690BB9074B63616069C1E74FF4A1
:10273000403070470448BCE70001C0B1010004000C
:1027400001000200700004000200030008B5FFF75A
:1027500007FC08BD08B51348134B03604FF0004356
:10276000436000238360C3600361042242610376F7
:10277000437683760122C26180F82030436283620F
:1027800080F82C304FF48052026307224263826348
:1027900080F83C30C36401F0DDFF00B908BD00F0F3
:1027A000DBF8FBE7EC070020002401400268094B3E
:1027B0009A4200D0704782B04FF0B0431A6E42F494
:1027C00000721A661B6E03F400730193019B02B042
:1027D000704700BF002401400268054B9A4200D0B8
:1027E00070474FF0B042136E23F400731366F7E79F
:1027F00000240140014B024A1A607047EC07002098
:102800000024014030B585B00446002301930293B3
:102810000393FFF79FFF164802F0F0FBF8B901940D
:1028200000230293039301A9114802F033F9C8B9B8
:102830000F4802F0F1FAC0B90D4C4FF0FF312046BD
:1028400002F0C6F8204602F0B9FB204602F01FF95C
:102850000546204602F05CFB284605B030BD00F07E
:102860007BF8DCE700F078F8E2E700F075F8E3E7E2
:10287000EC07002008B50D48FFF7C4FFA0B10346E0
:102880000B4AB2F8AA004FF6FF72904207D040F60A
:10289000E44202FB00F0B0FBF3F080B205E0054833
:1028A000B0FBF3F080B200E0002008BD002000B4CF
:1028B0000075FF1FD8084C0010B582B0FFF7DAFF93
:1028C00004461F48FFF79EFF1E4AB2F8C830B2F810
:1028D000A82093421AD000FB04F4A4081A49A1FBD3
:1028E0000414C2EB5414642101FB04F49B1A94FBFE
:1028F000F3F41E3424B20094144B0122002110463C
:1029000011F0BEFE200200B202B010BD04FB00F0C8
:102910000F4BA3FB0023C41A03EB5403DB0A4FF451
:102920007A7202FB03F3A3F53923A3F50C63094A7A
:1029300082FB0312DB17C3EBA2231E331CB2DAE7C0
:10294000001000B00075FF1F9F00EE0988560208B6
:1029500001011000AD8BDB6872B6FEE710B59AB0CE
:102960004822002108A816F07AF800240294039463
:10297000049405940694079402F0D6FF4FF0B042F9
:10298000D2F8903023F01803C2F8903002F580623C
:10299000136823F4C06343F400731360136803F4F3
:1029A000C0630193019B2423089381230B9301238C
:1029B00010931194B0231293139408A803F04EF9C6
:1029C00070B94F2302930023039304930593069356
:1029D0000793022102A803F07DFC18B91AB010BDBC
:1029E000FFF7BAFFFFF7B8FF08B501F059FEFFF790
:1029F000B5FF01F00BFBFEF7B7FF01F00DFBFCE7A5
:102A000000B58DB02C22002101A816F028F8194835
:102A1000194B03601F2383600023036143618361BB
:102A20004FF08042C26103624FF48073436203F04F
:102A300079FFA8B90F4804F0B3F8A0B900220892B2
:102A4000029206924FF0005307934FF480730B935A
:102A500001A9084803F0C8FF40B90DB05DF804FBB8
:102A6000FFF77AFFE6E7FFF777FFE7E7FFF774FF87
:102A7000F3E700BF500800200028004010B590B0D8
:102A800004463822002102A815F0E9FF22681A4BFB
:102A90009A4201D010B010BD4FF4803302934FF42E
:102AA00080730F9302A803F057FD08BB4FF0B043AB
:102AB000D3F8902042F40042C3F890209A6D42F47B
:102AC00080629A659B6D03F480630193019B0022F1
:102AD0001146022002F048FB022002F055FB0022C2
:102AE00011462A2002F040FB2A2002F04DFBD1E7DC
:102AF000FFF732FFDAE700BF002800407047704759
:102B000008B501F0EFFD0120024BC3F8880002F088
:102B10006FFF08BD0004005808B501F0EAFD08BDCC
:102B200008B501F0E6FD01F00FFA08BD08B501F0A7
:102B3000D9FD0121002002F0FFFE08BD704770475B
:102B4000704770477047704770477047704708B5C7
:102B500001F0BCFD08BD000008B5024804F04CF8C7
:102B600008BD00BF500800207047000008B50248AB
:102B700002F00EFD08BD00BF2C13002008B502486E
:102B800002F006FD08BD00BFCC12002008B50248C7
:102B900002F0FEFC08BD00BFEC13002008B502489F
:102BA00002F0F6FC08BD00BF8C13002008B50248F7
:102BB00002F0EEFC08BD00BFAC14002008B50248CE
:102BC00002F0E6FC08BD00BF4C14002008B5024826
:102BD00004F0CCFE08BD00BF9C15002008B50248DB
:102BE00004F0C4FE08BD00BF0C15002008B5024863
:102BF00004F0BCFE08BD00BF2C16002008B502483A
:102C000003F00AFE08BD00BF5008002008B50248C6
:102C100004F0A0FA08BD00BF8808002008B50548E8
:102C20000823036004F01EF800B908BDFFF794FE06
:102C3000FBE700BF8808002000B583B04FF0B04329
:102C40005A6E42F001025A665B6E03F00103019373
:102C5000019B00221146322002F086FA322002F057
:102C600093FA03B05DF804FB0CB400B583B004AB79
:102C700053F8042B019312F019FD03B05DF804EB37
:102C800002B0704730B585B004460D4602A811F079
:102C90004DFFBDF90C300093029B054A10212046E0
:102CA000FFF7E2FF2046FDF7CBFA288005B030BDE4
:102CB0009456020810B58AB0002305930693079333
:102CC000089309934FF0B044E36C43F00103E364CD
:102CD000E36C03F001030493049BE36C43F00203F1
:102CE000E364E36C03F002030393039BE36C43F0A0
:102CF0000403E364E36C03F004030293029BE36CBC
:102D000043F08003E364E36C03F080030193019BD1
:102D10000323069349F6FF73059305A94FF09040EE
:102D200002F0ACFC4FF6FF73059305A90E4802F0C4
:102D3000A5FC05A90D4802F0A1FC05A90C4802F06C
:102D40009DFCE36C23F00103E364E36C23F00203D6
:102D5000E364E36C23F00403E364E36C23F0800397
:102D6000E3640AB010BD00BF00040048000800483A
:102D7000001C004870B586B00024019402940394AE
:102D8000049405944FF0B043DA6C42F00202DA6426
:102D9000DB6C03F002030093009B0F4E22464FF4BE
:102DA0008061304602F0BAFD4FF480630193012543
:102DB00002950394049401A9304602F05FFC01954A
:102DC000039403230493029501A94FF0904002F06D
:102DD00055FC06B070BD00BF0004004810B58CB0B3
:102DE0004FF0B042936823F40043936011F022FF48
:102DF000FFF760FF00F0D3F800F0F3F8EC46134C57
:102E00000FCCACE80F000FCCACE80F0094E80F003B
:102E10008CE80F00684600F027FB11F0BDFB0C4862
:102E200011F0D4FB022011F0D7FBFFF7E3FCFFF712
:102E3000A1FF01F055FBFFF73FF811F0DDFC012188
:102E4000084611F0F9FC0CB010BD00BF34DD0108DC
:102E5000852C000808B511F005FD08BD10B582B03D
:102E6000FFF708FD40F6B83398420DD8B0F5E16F92
:102E700015D3A0F5E160C0EBC0104400094BA3FBE3
:102E80000434C4F3C71400E0FE240094064B01226E
:102E90000021022011F0F4FB204602B010BD0024F6
:102EA000F3E700BFB5814E1BA056020808B5FFF737
:102EB00003FD0346002802DBC3F30F2008BD00F129
:102EC000FF03F9E738B50446184BD3F88035B3F162
:102ED000FF3F13D0C3711A0A82711A0C42711B0E84
:102EE0000371124BD3F88425C270D3F884351A0AC3
:102EF00082701A0C42701B0E037038BD01F000FC8A
:102F0000054601F009FC054401F000FC2B0EE371BD
:102F10002B0CA3712B0A63712571030EE370030C54
:102F2000A370030A63702070E7E700BF0070FF1F03
:102F3000084BD3F88005B0F1FF3F00D0704710B5C3
:102F400001F0DEFB044601F0E1FB444001F0E4FB4C
:102F5000604010BD0070FF1F08B50121022011F074
:102F600055FC08BD08B50021022011F04FFC08BD3A
:102F70000020704708B500F0A1F808BD00B583B087
:102F80000190019800F072F903B05DF804FB08B5F8
:102F900001F0C8FB01F0CEFB01F0D4FB08BD10B579
:102FA00086B00024019402940394049405940323AE
:102FB00002934FF4C04301934FF0B043DA6C42F0F8
:102FC0000102DA64DB6C03F001030093009B01A9AA
:102FD0004FF0904002F052FB2046FFF7D8FF06B0BA
:102FE00010BD70470120704708B516F02FFC16235E
:102FF00003604FF0FF3008BD08B54FF0FF31FFF719
:10300000F3FFFEE770B50C461646002506E0AFF369
:103010000080214601F8010B01350C46B542F6DB74
:10302000304670BD4FF0FF3070474FF400534B6097
:1030300000207047012070470020704710B50346FC
:103040000C4A0D490D48006840B10C480068034423
:10305000521A934206D8094A136010BD0748084C1B
:103060000460F2E716F0F2FB0C2303604FF0FF3030
:10307000F3E700BF000001200010000098080020C6
:1030800070300020024B9868C043024B18607047B4
:10309000002800409C080020014B1868704700BFC2
:1030A0009C080020034B9B68DB43034A1068181AF6
:1030B000704700BF002800409C080020044B1B788C
:1030C0001BB1044B9868C04370470020704700BF95
:1030D000A0080020002800400320704708B50146E2
:1030E0004FF47A7200238002890DFEF735F908BD8E
:1030F000C20E43011B1A62F10002920042EA93726F
:103100009B001B1842F10000C00040EA5370C3F35B
:10311000D51343EA8050704710B5074B0122DA659A
:10312000064C4FF48071204603F036FB4FF0FF331E
:103130002363002010BD00BF00280040500800207D
:1031400008B502460221024803F06BFD08BD00BF2E
:103150005008002038B50F4B1B780BB1002038BD4C
:103160000D4C4FF0FF352563FFF74AFCFFF7D4FF06
:103170004FF48071204603F00FFB2563204603F0D7
:10318000EFFC0020FFF7DCFFFFF77CFF014B012283
:103190001A70E3E7A00800205008002008B5024696
:1031A0000021024803F03DFD08BD00BF500800208B
:1031B00008B502460121024803F033FD08BD00BFF7
:1031C0005008002010B58CB004462C22002101A824
:1031D00015F045FCFFF7A0FF0C4B1B681C440023B7
:1031E0000893E443029406934FF0005307934FF47F
:1031F00080730B93012201A9054803F0F5FB10B978
:1032000000200CB010BDFFF7A7FBF9E79C080020D9
:103210005008002008B50221014803F009FD08BD4F
:103220005008002038B50546074B9C68E443FFF77B
:10323000F1FF2346A40A44EA8054C3F30900FFF7D0
:1032400057FF2880204638BD0028004008B50021DF
:10325000014803F0EDFC08BD5008002008B501212D
:10326000014803F0E5FC08BD5008002008B5FFF751
:1032700035FF054B9A6800E000BF034B9B68D31AEB
:103280009842F9D808BD00BF0028004008B511F0E9
:10329000F5FD08BD08B5FFF7BDFF0130FFF750FF92
:1032A00008BD00000368094A934209D0A2F57442A0
:1032B000934207D002F57052934205D0FF20704729
:1032C00000207047012070470220704700380140FD
:1032D00008B5FFF7E7FFFF2804D03622024B02FBB8
:1032E000003008BD0020FCE78C09002008B5FFF77E
:1032F000D9FFFF2803D0034B03EB401008BD00208B
:10330000FCE700BF2C09002070B582B006460D46D0
:103310000368254A93423ED0A2F5744293423CD0C2
:1033200002F5705293423AD000244FF0B0439A6CA9
:1033300042F001029A649A6C02F001020192019A31
:103340009A6C42F004029A649B6C03F004030093AD
:10335000009B2B692360AB69AA7B63601023A36089
:103360000023E360802121616361A361E361226244
:10337000204601F081FFA0B9B467A6620022A97BB4
:1033800095F9200001F0F0FE95F9200001F0FCFE17
:10339000002002B070BD054CC7E7054CC5E7054CE1
:1033A000C3E76FF00300F4E7003801408C130020FE
:1033B000CC1200204C14002070B582B006460D4699
:1033C0000368254A93423ED0A2F5744293423CD012
:1033D00002F5705293423AD000244FF0B0439A6CF9
:1033E00042F001029A649A6C02F001020192019A81
:1033F0009A6C42F004029A649B6C03F004030093FD
:10340000009B6B692360EB69AA7B63600023A36068
:10341000E360802121616361A3612023E361226273
:10342000204601F029FFA0B9F467A6620022A97B1B
:1034300095F9210001F098FE95F9210001F0A4FE14
:10344000002002B070BD054CC7E7054CC5E7054C30
:10345000C3E76FF00300F4E700380140EC130020ED
:103460002C130020AC1400202DE9F04F9DB0002358
:103470001793189319931A931B93002800F0148143
:1034800005460368002B00F01281924A934200F037
:103490008A80914A934200F0BC80904A934240F067
:1034A00009814FF0B043DA6D42F00102DA65DA6D5E
:1034B00002F001020992099ADA6C42F00402DA641D
:1034C000DB6C03F004030893089B03231793022289
:1034D00018921A9308231B9317A9814802F0CEF87B
:1034E000804E814C2B68204640F8043BD5F804B050
:1034F000D5F808A0D5F80C90D5F810806F69AB69A5
:103500000193EA690292296A03912422002115F0AD
:10351000A6FAC4F804B0C4F808A0C4F80C90C4F823
:1035200010806761019BA361029AE26103992162A5
:103530006B6AA362204605F0D1F9002840F0BD80F7
:103540000021204605F093FB002840F0B9800021BF
:10355000204605F0B1FB002840F0B580204605F07C
:1035600062FB002840F0B2800022717B96F90C00CB
:1035700001F0FAFD96F90C0001F006FE95F82C30EA
:10358000023BDBB2012B68D995F82C30012B6DD0B2
:10359000032B6BD02046FFF785FEFF286FD100205C
:1035A0001DB0BDE8F08F3822002109A815F057FAA8
:1035B0000123099303F540330A9309A802F0CCFFD5
:1035C00020BB4FF0B0431A6E42F480421A661A6E66
:1035D00002F480420592059ADA6C42F00202DA6443
:1035E000DB6C03F002030493049BC02317930223B4
:1035F00018930023199303231A9307231B9317A9E6
:103600003A4802F03BF83A4E3A4C6BE76FF007004D
:10361000C6E74FF0B0439A6D42F400329A659A6D56
:1036200002F400320792079ADA6C42F00102DA647F
:10363000DB6C03F001030693069B0C231793022314
:10364000189303231A9307231B9317A94FF0904055
:1036500002F014F8284E294C44E731462046FFF783
:1036600053FE002890D06FF0030099E731462046C2
:10367000FFF7A2FE00288DD06FF0030090E700EB6B
:1036800040002B461E4A02EB001230351E685C6873
:103690009868D968166054609060D1601033103219
:1036A000AB42F3D100207BE76FF0050078E76FF0C5
:1036B000050075E74FF0FF3072E76FF007006FE726
:1036C0006FF010006CE76FF0110069E76FF0120007
:1036D00066E700BF00380140004400400080004021
:1036E00000080048946102082C16002000040048DD
:1036F0004C6102089C150020706102080C15002026
:103700003812002070B108B5026872B1FFF7CAFD27
:10371000FF280DD000EB4000074B03EB0010FFF734
:10372000A3FE08BD6FF0050070476FF00500F8E7D5
:103730004FF0FF30F5E700BF38120020014B186052
:10374000704700BFA408002010B50C46FFF7C0FD6D
:1037500028B1022C06D880F83440002010BD4FF06C
:10376000FF30FBE76FF00900F8E708B5FFF7B0FDA1
:1037700068B102783AB94278D2B28378DBB29A4221
:1037800003D0012000E0012008BD0020FCE700205C
:10379000FAE70000002867D038B50446FFF7EAFBD7
:1037A00000F57A752046FFF7E0FF30B1FFF7E2FB46
:1037B000A842F7D9204603F0C1FF23682D4A93425F
:1037C00017D0A2F57442934215D002F5705293427D
:1037D0004DD1294D204603F0CBFE2368254A934264
:1037E0000BD0264A93421AD0254A93422AD0002071
:1037F00038BD244DEEE7244DECE74FF0B042136E98
:1038000023F48043136629686B6819431F4802F04C
:1038100007F895F90C0001F0BBFC0020E8E74FF039
:10382000B042936D23F40033936529686B681943A4
:103830004FF0904001F0F4FF95F90C0001F0A8FC66
:103840000020D5E74FF0B042D36D23F00103D365DC
:1038500029686B6819430E4801F0E2FF95F90C00E6
:1038600001F096FC0020C3E76FF0050070474FF0B1
:10387000FF30BDE700380140946102080044004079
:10388000008000404C61020870610208000400489A
:1038900000080048F8B50546FFF71AFD70B3044666
:1038A00003785BB390F835304BBB72B68678F6B2CE
:1038B000394B1A6832B106EB460300EB4303197A21
:1038C0002846904706EB460604EB4606F388334A43
:1038D00011680B44C3F30A031360A37801335A42FF
:1038E00003F0070302F0070258BF5342DBB2A37094
:1038F0000023237062B6284600F054F8F8BD002378
:1039000080F835308378DEB203EB430300EB4303EA
:103910009988DA88A1F500610A4492B25B7A012B9A
:1039200026D0022B2AD11E49284603F0A9FE0746BD
:10393000002FE3D072B606EB460604EB4606F3888A
:10394000164A11680B44C3F30A031360A3780133CA
:103950005A4203F0070302F0070258BF5342DBB29A
:10396000A3700023237062B6284600F01BF8C5E759
:103970000B49284603F01EFE0746D9E74FF0FF33F8
:103980000749284604F06BFE07460028D2D1284696
:10399000FFF780FFCCE700BFA4080020300A00201A
:1039A000380A002070B50546FFF792FC002836D093
:1039B000044672B603788BBB4278D2B28378DBB20E
:1039C0009A422BD0012303708378DBB262B603EBFB
:1039D000430200EB42029188D2888818B0F5006F4C
:1039E0002EDDC1F5006292B2012084F8350003EBB0
:1039F000430304EB43035B7A834211D0022B16D1BD
:103A0000234B1944284603F03BFE06463EB172B6EE
:103A10000023237084F8353062B600E062B670BDD2
:103A20001B4B1944284603F0C5FD0646EEE74FF050
:103A3000FF3317480144284604F011FE0646E5E727
:103A4000002084F8350003EB430304EB43035B7A67
:103A5000012B08D0022B0DD10D4B1944284603F041
:103A60000FFE0646D2E70A4B1944284603F0A2FD92
:103A70000646CBE74FF0FF3305480144284604F0E3
:103A8000EEFD06460028C2D12846FFF703FFBDE73A
:103A9000380A0020002800F08E802DE9F84F0E46ED
:103AA00015469B460746002900F08880002A00F052
:103AB0008880B2F5006F80F08780FFF709FC04462C
:103AC000002800F08480FFF755FA804605E0FFF7F4
:103AD00051FAA0EB080064287CD872B63F4B1A68F4
:103AE0003F4B1B6862B69B1A013BC3F30A02637823
:103AF0000133594203F0070301F0070158BF4B425D
:103B0000DBB2A178C9B29942E1D09542DFD872B652
:103B1000324BD3F8008005EB0809B9F5006F39D9AD
:103B20001FFA88F9C9F500691FFA89F94A46314632
:103B30002C4B03EB080015F0C0FEA5EB090A52461A
:103B400006EB0901274815F0B8FE244BC3F800A086
:103B5000637803EB430204EB4202A2F80480D580B1
:103B600082F808B094F8342003EB430304EB4303DA
:103B70005A72637801335A4203F0070302F00702D6
:103B800058BF5342DBB2637062B63846FFF70AFF94
:103B9000002021E02A4631461248404415F08DFEAF
:103BA0000E4BC3F800901B68B3F5006FD0D10B4BE0
:103BB00000221A60CCE76FF0050070476FF0050037
:103BC0000AE06FF0050007E06FF0050004E04FF039
:103BD000FF3001E06FF00600BDE8F88F340A0020E6
:103BE000300A0020380A002008B5FFF77FFB38B103
:103BF00072B60023438083808383024A138062B6B7
:103C000008BD00BFA808002038B50446FFF76EFBCA
:103C100010B10546037803B938BD204603F0DAFD3C
:103C20002046FFF7E1FF2B7C022B0ED1EB7B022B12
:103C300005D0AA89A968204605F063F8ECE7AA89AF
:103C4000A968204604F098FFE6E7AB68698801227E
:103C500013FA81F1204604F009FFDDE770B582B068
:103C60000546FFF743FB38B10446037823B1037CD4
:103C7000022B03D0012B0DD002B070BDC37B022BF1
:103C8000FAD14369002BF7D08189806898470023D7
:103C90002370F1E7826843889BB2D05C8DF80700FF
:103CA00063889BB20133A28993FBF2F102FB1133CB
:103CB0009EB2A3889BB2B34219D0E37BFBB9626981
:103CC000EAB190476680A3686188012213FA81F106
:103CD000284604F0CBFE0028CED000232370A36931
:103CE000002BC9D06FF0070128469847C4E7A369A5
:103CF000002BE8D06FF00E0128469847E3E7012B30
:103D00000AD0032BDED16369002BDBD001220DF139
:103D1000070128469847D5E76269002AF1D0094A89
:103D20001388591C89B21180074AD054A37B98424A
:103D300001D07F29C6D9636903489847014B002207
:103D40001A80BFE7A8080020AC0800202DE9F8433E
:103D50000E46FFF7CBFA00286BD005460378002B00
:103D600067D0B0F81C901FFA89F94E4560D007D98A
:103D7000836803EB0908A6EB0907BFB200240BE038
:103D8000836803EB09088789A7EB0907BFB2F5E74A
:103D9000012B0DD00134A4B2A7421FD918F804009A
:103DA000EB7B002BF4D16A69002AF1D09047F1E750
:103DB0006B69002BEED0204A1388591C89B2118000
:103DC0001E4AD054AB7B834201D07F29E2D96B6974
:103DD0001A489847184B00221A80DBE74E4527D235
:103DE000AF68002403E0012B0CD00134A4B2B4422C
:103DF0001ED2385DEB7B002BF5D16A69002AF2D028
:103E00009047F2E76B69002BEFD00B4A1388591CDF
:103E100089B21180094AD054AB7B834201D07F29FB
:103E2000E3D96B6905489847034B00221A80DCE709
:103E3000AE83BDE8F88300BFA8080020AC080020CE
:103E400010B50446FFF752FA68B1D4F88C3013F07D
:103E5000080F09D083691BB16FF00F012046984706
:103E60002046FFF7D1FE10BDD4F88C3013F0070FB9
:103E7000F9D083691BB16FF00701204698472046AF
:103E8000FFF7C2FEEFE7002070470000012900D0D5
:103E9000704708B5024B1B680BB10020984708BD5E
:103EA000C812002070B504460D46064E0221304669
:103EB000FFF74AFC01232A4621463046FFF7EAFD78
:103EC000002070BD9C15002008B50248FFF762FC79
:103ED000002008BD9C15002008B5034B186003485E
:103EE000FFF72CFC002008BDC81200208D3E000802
:103EF00000B595B000210F9110911191129113917D
:103F0000382201A814F0ABFD15B05DF804FB0000E9
:103F100002680B4B9A4200D0704710B504464FF030
:103F2000B042136E23F4804313660321054801F069
:103F300077FCA06F01F010FA242001F029F910BDE0
:103F4000003801400004004808B50248FFF7DAFBDA
:103F500008BD00BF9C15002008B50368064A9342BF
:103F600007D0A2F57442934203D002F570529342F7
:103F700001D1FFF78FFC08BD0038014008B5036888
:103F8000064A934207D0A2F57442934203D002F549
:103F90007052934201D1FFF761FE08BD0038014025
:103FA00008B50368064A934207D0A2F574429342CB
:103FB00003D002F57052934201D1FFF74FFE08BDC6
:103FC0000038014008B50368064A934207D0A2F5BD
:103FD0007442934203D002F57052934201D1FFF72D
:103FE000B5FE08BD0038014008B50368064A934293
:103FF00007D0A2F57442934203D002F57052934267
:1040000001D1FFF71DFF08BD0038014008B5FEF7DC
:10401000E5FE00F0A9F908BD08B54FF0FF3010F03B
:104020008DFC08BD38B504460D461E2201460230FF
:1040300014F0FBFC258038BD002839D010B584B0C1
:10404000044603780BB904B010BD1A4B0022114688
:10405000022010F015FB237B94F9042094F914102E
:10406000039102920193A3680093134B002211461F
:10407000032010F005FB114B00221146032010F025
:10408000FFFAA378012B0CD1E37843B10C4B0093DA
:104090000C4B00221146032010F0F2FAD3E70A4B32
:1040A000F5E70A4B00221146032010F0E9FACAE7AF
:1040B000704700BFB4560208E85602081C570208B1
:1040C0009C6002082C570208AC56020840570208B0
:1040D00008B50021022010F0FDFB024810F06EFE32
:1040E00008BD00BFB017002050B310B5044690F9CA
:1040F0000130F3B9134B00221146022010F0C0FA30
:10410000A378012B0AD0104B00221146022010F098
:10411000B7FA0021022010F0DDFB10E00B4B00226B
:104120001146022010F0ACFA0021022010F0D2FB60
:1041300005E0074B00221146022010F0A1FA10BD45
:10414000704700BF50570208885702086857020896
:10415000A857020808B50021012010F0BBFB08BDDC
:1041600070B586B00C46054618B31F4B00221146A9
:10417000022010F085FA94F90C202B7894F90210A3
:1041800094F9030094F90460059604900391029356
:10419000164B53F822300193A3680093144B00226E
:1041A0001146032010F06CFA2B78032B04D006B0D4
:1041B00070BD0029D9D1FAE76B78012BF7D16B6874
:1041C0001B78012B07D0022B09D0002BEFD1002048
:1041D00004F06CFFEBE7012004F068FFE7E7022042
:1041E00004F064FFE3E700BFC4570208C861020897
:1041F000F857020870B584B001224FF480614A4834
:1042000001F08CFB40F6C410FEF7B8FE00250395C4
:1042100000F09EF90646454CA4FB0034C4F3C704E5
:10422000FDF74EFE0096424B01222946104610F043
:1042300027FA404B1B8800933F4B0122294610462A
:1042400010F01EFA3D4B1B7800933D4B012229468E
:10425000104610F015FA3B4B1B78C3B1394B0022C6
:104260001A70344B1A8838490A80384B022018706B
:104270005868120A02705A68098851705A682F49A2
:10428000097891705B68DC70002404251FE02E4BD8
:1042900019882F48FFF7C6FEE3E72D4B33F81410BB
:1042A0002A486A1C090A4668715533F814C04168E7
:1042B00001F802C0023533F8143001930094254B05
:1042C00000221146104610F0DBF90134E4B20F2C45
:1042D000E3D978220021204814F0C1FB00224FF4DA
:1042E0008061114801F01AFB18484570002303AAA9
:1042F000194604F087FF18B1039B43B904B070BDA1
:10430000164B01220021104610F0BAF9F6E7144AC4
:10431000A2FB03239B090093124B012200211046AC
:1043200010F0AEF9EAE700BF00040048CDCCCCCCD9
:1043300040580208181800205C580208D8070020CE
:104340007C58020890020020C81700204402002078
:10435000CC1700209C5802081C180020B4580208F2
:10436000D34D6210C458020870B584B00024029482
:10437000012501950095214B22462146022010F08F
:104380007FF9029403230193022600961C4B2246D8
:104390002146304610F074F9029401950095194BAE
:1043A00022462146304610F06BF9174A214628462E
:1043B00010F04CFB154A2146304610F047FB00F048
:1043C0002FF8134805F0D8F8124804F07DFD284670
:1043D00004F0CEFE104D0094104B22464FF0FF31FA
:1043E000284610F033FC4EF66021284610F02CFDD4
:1043F000284610F0E3FC04B070BD00BFE45802088A
:10440000045902082459020879900008F54100086F
:104410005C0200204C020020B0170020D1400008B0
:10442000074B00221A605A609A60DA6020225A60B4
:10443000A0225A604FF4D0725A6003221A6070476B
:10444000EC17002000487047EC17002008B500F07A
:10445000AFF808BD08B500F0DFF808BD08B500F0FA
:1044600017F908BD08B500F015F908BD08B500F04A
:1044700013F908BD0D48854600F010F90C480D49A8
:104480000D4A002302E0D458C4500433C4188C42AF
:10449000F9D30A4A0A4C002301E013600432A24215
:1044A000FBD315F0D9F9FEF79FFAFEE700000120D3
:1044B0000000002050050020A06F020840070020E7
:1044C00070300020FEE7000008B5034810F01CFC27
:1044D000024B01221A7008BDFC170020141800209E
:1044E00010B582B0074C00220092074B4FF0FF310D
:1044F000204610F0ABFB47F23051204610F0A4FCF0
:1045000002B010BDFC170020C9440008012800D0EB
:10451000704708B5064B01220021104610F0B0F894
:10452000002201214FF0904001F0F8F908BD00BFD2
:1045300080590208012800D0704708B501221146B1
:104540004FF0904001F0EAF908BD000000000000C3
:1045500010B50120FFF7DAFF42F21070FEF70EFDF2
:104560001148FEF74FF904460120FFF7E3FF20460C
:10457000FBF7C0FF0AA3D3E90023FCF725F80246A6
:104580000B46FBF76BFEFCF717FB4FF06651FCF791
:1045900071FC0649FCF76EFCFCF76EFE80B210BDA4
:1045A0006666666666660A400800000C0000C8423F
:1045B00070B586B000240194029403940494059489
:1045C0004FF0B043DA6C42F00102DA64DB6C03F0C6
:1045D00001030093009B10250195012302930323FF
:1045E000049301A94FF0904001F048F8202601966D
:1045F00001A94FF0904001F041F8224631464FF0BA
:10460000904001F08BF9224629464FF0904001F08E
:1046100085F9204606B070BD08B503280FD8DFE83D
:1046200000F002101D2A002210214FF0904001F0EE
:1046300075F9002220214FF0904001F06FF9002021
:1046400008BD012210214FF0904001F067F90022CF
:1046500020214FF0904001F061F9F0E70122102194
:104660004FF0904001F05AF9012220214FF0904084
:1046700001F054F9E3E7002210214FF0904001F0DF
:104680004DF9012220214FF0904001F047F9D6E783
:1046900002207047012070470120704770470000DA
:1046A00010B5032000F04EFD01F0C8FA064B18606B
:1046B0000F20FEF75DFC10B10124204610BD04461A
:1046C000FEF73CFAF9E700BF94020020034B1B7889
:1046D000034A11680B441360704700BF9802002022
:1046E000941800204FF0E022136923F002031361B5
:1046F00070474FF0E022136943F0020313617047E3
:10470000014BD3F8900570470070FF1F014BD3F8A1
:10471000940570470070FF1F014BD3F89805704750
:104720000070FF1F024A536823F001035360704773
:10473000002004E0024A536823F0020353607047EC
:10474000002004E0024A536823F0040353607047DA
:10475000002004E070B582B000230193002800F02F
:1047600028810446836DBBB12268936813F0805F93
:104770001FD1936823F0104323F0170343F08053B5
:1047800093608D4B1B689B098C4AA2FB03239B09FA
:1047900001335B00019309E0FEF708F80023E365AD
:1047A00084F85430E0E7019B013B0193019B002B0F
:1047B000F9D12268936813F0805F4BD1A36D43F069
:1047C0001003A365E36D43F00103E36501209368E3
:1047D00013F0040300D00123A16D11F0100F40F07D
:1047E000E180002B40F0DE80A16D21F4817141F069
:1047F0000201A165916811F0010F38D1D16821F053
:104800001801A5682943D160626802F04042E16C5A
:1048100042EA010C94F83C1001291DD021680D6971
:10482000674A2A4042EA0C020A616268B2F1404FCC
:104830001ED0B2F1804F1BD0B2F1004F18D0614DA5
:10484000D5F8081721F4701102F470120A43C5F864
:1048500008270DE00020BAE7216C0A43616C0A4387
:10486000A16C0A434CEA020242F0010CD6E79C46D6
:10487000217E627ED20342EA8132A57E42EA45323F
:10488000216B09B14FF480510A43E1680A43216961
:10489000002949DB4FF400110A4394F82C1042EA36
:1048A000410294F82010012941D0616A21B101F43C
:1048B000E071A56A29430A432568E96821F4FE31BD
:1048C00021F4F3711143E96025682E693E493140B6
:1048D00041EA0C0129612668616B756925F0070CB6
:1048E00041EA0C0171612568A66B696921F07001CC
:1048F00041EA06116961216931BB21688B6A63F065
:104900000F038B622368D968304B0B40934240D031
:10491000A36D23F0120343F01003A365E36D43F08E
:104920000103E365012042E021F00041B4E715B93D
:1049300042F48032B9E7A16D41F02001A165E16D3B
:1049400041F00101E165B0E7B1F5001FDAD1072BB5
:1049500008D8216E9D00E94001F00F010F2901D018
:104960000133F4E7012B0ED02568AB6AE369013B04
:104970009B0003F01C036FF00F0101FA03F3216E9B
:104980000B43AB62BEE721688B6A63F00F038B6257
:10499000B8E70023E365A36D23F0030343F00103AD
:1049A000A36504E0A36D43F01003A365012002B0EA
:1049B00070BD0120FBE700BF94020020632D3E057F
:1049C00002FCFF1F0020014002FCFFDFE7FF3F83E6
:1049D000F8B504460D464669082E05D00368DB6825
:1049E00013F0010F1ED10426FEF7C4FA0746236810
:1049F0001A6832421CD1B5F1FF3FF8D0FEF7BAFA7F
:104A0000C31BAB4201D8002DF1D123681B68334290
:104A1000EDD1A36D43F00403A365002384F8543063
:104A2000032028E0836D43F020038365012022E00A
:104A3000A26D42F40072A265DA6812F4406F15D1DB
:104A4000A27E9AB91A6812F0080F0FD09A6812F075
:104A5000040F11D15A6822F00C025A60A36D23F49E
:104A6000807323F0010343F00103A365207E60B946
:104A700023680C221A60F8BDA36D43F02003A365E0
:104A8000E36D43F00103E365F0E70020F3E703681B
:104A9000186C704770B483B000220192046990F8DA
:104AA0005420012A00F003810346012280F854209B
:104AB0000268906810F0040F0AD09A6D42F020024C
:104AC0009A650120002283F8542003B070BC70471F
:104AD0004868022800F09C80B4F1004F27D0754D43
:104AE000AC4224D01C6E00F01F000F25854024EA44
:104AF00005050C68C4F31106002E31D1C4F384649B
:104B000084402C431C664C68A0080130DD69A84233
:104B100013D80D68906A04F01F040F26A64020EAFF
:104B20000600C5F38365A5402843906205E00C6844
:104B3000906AC4F31104204390621C680D688A686F
:104B4000606920EA052002EA052222F07C4222F078
:104B5000FF02024362610A68002A09DB0020B1E714
:104B600094FAA4F414B1B4FA84F4C9E72024C7E792
:104B70005149D1F8080700F0E071504CA24207D02B
:104B80004F4CA24226D04F4CA24232D0002099E78F
:104B900010F4000FF4D141F400014748D0F8082781
:104BA00022F0E0721143C0F80817474A12689209D0
:104BB0004649A1FB02129209013202EB4202920025
:104BC000019202E0019A013A0192019A002AF9D178
:104BD000002077E710F0807FD5D141F08071364812
:104BE000D0F8082722F0E0721143C0F8081700201F
:104BF00068E710F4800F58D141F480022E48D0F8B5
:104C0000081721F0E0710A43C0F80827002059E78F
:104C1000B4F1004F02D02748844206D10C68906A54
:104C2000C4F3110420EA040090620A68002A01DB40
:104C3000002047E72049D1F808172048824207D0D2
:104C40001F48824213D01F4882421FD0002039E7FC
:104C500001F0A07100F1104000F58830D0F808276D
:104C600022F0E0721143C0F8081700202AE701F48F
:104C7000400200F1084000F56040D0F8081721F02C
:104C8000E0710A43C0F8082700201BE701F0C0725A
:104C900000F10C4000F58030D0F8081721F0E071E9
:104CA0000A43C0F8082700200CE700200AE702208A
:104CB0000BE700BF0400008000200140001000B09E
:104CC000004000B8002000B494020020632D3E058F
:104CD00038B503689A6812F0040F2AD004469A681F
:104CE00012F0020F07D19A6822F0004222F0170258
:104CF00042F010029A60FEF73DF9054623689B6872
:104D000013F0040F13D0FEF735F9431B022BF5D92E
:104D100023689B6813F0040FF0D0A36D43F01003D9
:104D2000A365E36D43F00103E365012002E0002089
:104D300000E0002038BD000030B583B000230193AF
:104D400003689A6812F0010F5BD1044699682E4AF5
:104D5000114217D19A6822F0004222F0170242F065
:104D600001029A60294BD3F8083713F4000F19D0C9
:104D7000274B1B689B09274AA2FB03239B0901338E
:104D800001930CE0836D43F010038365C36D43F022
:104D90000103C365012035E0019B013B0193019BA9
:104DA000002BF9D1637E012B01D100202AE0FEF710
:104DB000E1F8054623681A6812F0010F1FD19A68BE
:104DC00012F0010F07D19A6822F0004222F0170278
:104DD00042F001029A60FEF7CDF8401B0228E9D9A3
:104DE00023681B6813F0010FE4D1A36D43F0100397
:104DF000A365E36D43F00103E365012002E00020B9
:104E000000E0002003B030BD17000080002001400A
:104E100094020020632D3E0503689B6813F0040F85
:104E200028D110B5044690F85430012B24D001232A
:104E300080F85430FFF780FFC0B9A36D23F470638E
:104E400023F0010343F48073A3650023E365226824
:104E50001C21116084F854302268936823F00043C9
:104E600023F0170343F00403936010BD002384F87C
:104E70005430FAE7022070470220F6E738B50446BE
:104E80000268936813F0020300D00123916811F0C7
:104E9000010F39D0002B39D1936803F00503012BA2
:104EA00009D0A36D43F01003A365E36D43F0010344
:104EB000E365012029E0936823F0004323F0170302
:104EC00043F002039360236803221A60FEF752F84E
:104ED000054623689B6813F0010F13D0FEF74AF8CC
:104EE000401B0228F5D923689B6813F0010FF0D00E
:104EF000A36D43F01003A365E36D43F00103E36585
:104F0000012002E0002000E0002038BD0020FCE786
:104F100070B500284CD00446836D43F002038365CE
:104F2000FFF7D6FE0646002833D02268536823F4E4
:104F3000677323F003035360236840F29F321A60C3
:104F40002268D1681B4B0B40D3602268136923F0A1
:104F5000404313612268536923F0070353612268B9
:104F6000136A03F0F023136223689A6A00259D6296
:104F7000114AD2F8083723F0FE73C2F808372046EA
:104F8000FDF72AFC2566E565A56584F85450304692
:104F900070BD2046FFF772FF064608B90123A365DE
:104FA0002268936823F0104323F017039360BCE753
:104FB0000126ECE700023E830020014090F85430C7
:104FC000012B19D010B50446012380F85430FFF7A7
:104FD0007FFE18B1002384F8543010BD2046FFF73F
:104FE0004DFF0028F6D1A36D23F4807323F0010355
:104FF00043F00103A365EDE70220704710B582B0CE
:105000000023019390F85430012B45D0044601232E
:1050100080F85430FFF732FF23689A6812F0010FCE
:1050200008D0A36D43F01003A365002384F8543027
:1050300002B010BDA26D22F4817242F00202A2659C
:10504000D96801F00301DA6822F00302DA6022680D
:10505000936843F00043936023689A68002A09DB51
:10506000DA680A43DA60A36D23F0030343F0010317
:10507000A365DAE7019B01330193019BB3F52E3F52
:10508000EAD3A36D23F0120343F01003A3650023BA
:1050900084F854300120CBE70220C9E7002807DB61
:1050A00000F01F02400901239340024A42F82030D9
:1050B000704700BF00E100E000280CDB00F01F0299
:1050C0004009012393402030034A42F82030BFF3C7
:1050D0004F8FBFF36F8F704700E100E0002808DBBF
:1050E0000901C9B200F1604000F5614080F8001389
:1050F000704700F00F000901C9B2014B1954704705
:1051000014ED00E000B500F00700C0F1070CBCF1A1
:10511000040F28BF4FF0040C031D062B0FD9C31E2C
:105120004FF0FF3E0EFA0CF021EA000199400EFA12
:1051300003FE22EA0E0241EA02005DF804FB0023AE
:10514000EEE70000074AD36823F4E0631B041B0C5E
:10515000000200F4E060034343F0BF6343F4003314
:10516000D360704700ED00E010B50446054BD868E9
:10517000C0F30220FFF7C6FF01462046FFF7AEFF4F
:1051800010BD00BF00ED00E008B5FFF787FF08BDC8
:1051900008B5FFF791FF08BD10B4C46CD0F850C03B
:1051A000C4F804C0446D24B1846DD0F85CC0C4F868
:1051B00004C0446C04F01C0C012404FA0CF4D0F874
:1051C00040C0CCF80440046863608368102B05D0AD
:1051D000036899600368DA6010BC704703689A60DE
:1051E0000368D960F8E700000368144A934216D8B0
:1051F000426C22F0030202F1804202F50232826424
:10520000DBB2083B0E4AA2FB03231B090D4AC26412
:1052100003F01F03012202FA03F303657047426C97
:1052200022F00301084A0A448264DBB2083B044AC4
:10523000A2FB03231B090733E8E700BF0704024072
:10524000CDCCCCCC800802401C080240436803F05F
:105250007F03074A1A4492004265064A8265013B71
:1052600003F00303012202FA03F3C365704700BF92
:105270003F8200104009024000285ED010B504466D
:1052800003682F4A934240D82E4A1A442E49A1FB64
:1052900002121209920042642C4A0264022284F82B
:1052A00025201A686FF30E121A6021680A68A36835
:1052B000E06803432069034360690343A069034333
:1052C000E0690343206A034313430B602046FFF762
:1052D0008BFFA368B3F5804F22D06368A26C03F004
:1052E0007F031360E36C226D5A606368013B032BFC
:1052F00019D900236365A365E3650020E0630123FA
:1053000084F8253084F8240010BD114A1A440E494F
:10531000A1FB02121209920042640E4A0264BDE728
:1053200000236360D9E72046FFF790FF636D0022FA
:105330001A60A36DE26D5A60DFE70120704700BF7D
:1053400007040240F8FFFDBFCDCCCCCC00000240EA
:10535000F8FBFDBF0004024000284BD038B50446DE
:105360000268136823F0010313600268224B9A421B
:105370002CD8224B13442249A1FB03131B099B0089
:105380004364204B036400251560636C03F01C022A
:10539000216C012393404B602046FFF725FFA36C4F
:1053A0001D60E36C226D5A606368013B032B18D9C2
:1053B00000206065A065E065E06220636063A06333
:1053C000E06384F8250084F8240038BD0E4B1344B4
:1053D0000B49A1FB03131B099B0043640B4B0364A4
:1053E000D1E72046FFF732FF636D1D60A36DE26DCC
:1053F0005A60DDE70120704707040240F8FFFDBF57
:10540000CDCCCCCC00000240F8FBFDBF0004024034
:1054100038B5044690F82400012843D0012084F8D0
:10542000240094F82500C0B2012806D08023E3634D
:10543000002384F82430012038BD022084F82500A0
:105440000020E0632568286820F0010028602046DD
:10545000FFF7A2FE236BD3B12268136843F00E035B
:105460001360A36C1A6812F4803F03D01A6842F4E8
:1054700080721A60636D1BB11A6842F480721A6000
:105480002268136843F0010313600020D4E7226808
:10549000136823F0040313602268136843F00A03BF
:1054A0001360DEE70220C7E70346002834D090F8F7
:1054B0002520D2B2022A06D00422C263002280F83C
:1054C00024200120704701680A6822F00E020A6059
:1054D000816C0A6822F480720A6001680A6822F00E
:1054E00001020A60426C02F01C01006C01228A4039
:1054F0004260DA6C196D51605A6D32B1116821F455
:10550000807111609A6DD96D5160012283F8252058
:10551000002083F8240070470120704708B590F8F8
:105520002530DBB2022B03D00423C363012008BD66
:105530000268136823F00E0313600268136823F0F7
:1055400001031360826C136823F480731360436C4F
:1055500003F01C02016C012393404B60C36C026D8D
:105560005A60436D33B11A6822F480721A60836DF9
:10557000C26D5A60012380F82530002380F8243062
:10558000836B13B198470020D1E70020CFE70000DC
:1055900038B5036C196804682568436C03F01C0374
:1055A00004229A400A4215D015F0040F12D0236845
:1055B00013F0200F03D1236823F004032360436C0E
:1055C00003F01C02016C042393404B60036B03B196
:1055D000984738BD02229A400A4228D015F0020F9F
:1055E00025D0236813F0200F06D1236823F00A0387
:1055F0002360012380F8253002681C4B9A420ED9A3
:10560000436C03F01C0202239340194A53600023A9
:1056100080F82430C36A002BDBD09847D9E7436C6D
:1056200003F01C0202239340124A5360EFE7082262
:1056300002FA03F30B42CCD015F0080FC9D023684F
:1056400023F00E032360436C03F01C03016C012262
:1056500002FA03F34B60C26380F82520002380F830
:105660002430436B002BB4D09847B2E7800002404F
:105670000004024000000240C06B704770B5002378
:1056800069E085685E000324B44025EA0405CC681F
:10569000B4402C438460456825EA0C054C68C4F38B
:1056A00000149C402C43446066E0DD08083550F847
:1056B000254003F0070C4FEA8C0C4FF00F0E0EFA4A
:1056C0000CFE24EA0E0E0C6904FA0CF444EA0E04F3
:1056D00040F8254067E0022400E0002404FA0EF4BC
:1056E0002C430CF1020C4B4D45F82C404A4CD4F89D
:1056F0008050D44325EA0206D1F804C01CF4803F50
:1057000001D042EA0506444DC5F88060D5F88450C2
:1057100004EA0506D1F804C01CF4003F01D042EAB7
:1057200005063D4DC5F884602D6804EA0506D1F8EC
:1057300004C01CF4801F01D042EA0506364D2E60DD
:105740006D682C404E6816F4001F01D042EA050433
:10575000314A546001330A6832FA03F458D04FF0EA
:10576000010C0CFA03FC1CEA0202F3D04C6804F0B2
:105770000304013C012C84D94C6804F00304032C7D
:105780000CD0C4685D004FF0030C0CFA05FC24EA51
:105790000C0C8C68AC4044EA0C04C4604C6804F007
:1057A0000304022C81D004684FEA430E4FF0030C2F
:1057B0000CFA0EFC24EA0C0C4C6804F0030404FA06
:1057C0000EF444EA0C0404604C6814F4403FC1D069
:1057D0004FEA930C0CF102050E4C54F8255003F0DF
:1057E000030E4FEA8E0E072404FA0EF425EA040590
:1057F000B0F1904F3FF471AF084CA04206D004F5D1
:105800008064A0423FF467AF072467E7012465E79F
:1058100070BD00BF000001400008005800040048AF
:10582000002331FA03F271D0F0B52EE0022500E03A
:10583000002505FA0CF5A54249D004685D004FF03B
:10584000030C0CFA05FC44EA0C0404604FEAD30E86
:105850000EF1080E50F82E4003F00706B6000F2593
:10586000B54024EA050440F82E40846824EA0C047C
:105870008460446824EA02024260C26822EA0C02A0
:10588000C260013331FA03F23FD001229A4012EA9A
:105890000107F6D09E08B51C1D4C54F8254003F0B6
:1058A000030C4FEA8C0C4FF0070E0EFA0CFE0EEABA
:1058B0000404B0F1904FBBD0164DA84205D005F5B9
:1058C0008065A842B2D00725B3E70125B1E7124CA5
:1058D000D4F8805025EA0705C4F88050D4F88450E5
:1058E00025EA0705C4F88450256825EA07052560E0
:1058F000656825EA07056560054D023655F82640BE
:1059000024EA0E0445F8264097E7F0BD704700BF33
:105910000000014000040048000800580AB18161FD
:105920007047816270470000024A136843F4807335
:10593000136070470004005810B50C46A0B90F4B17
:105940005B6913F4007F0AD10D4A136923F0040345
:105950001361012C10D040BF20BF20BF10BD00F04C
:1059600021F80028F0D0F9E7044B5B6913F4007FBD
:10597000EAD100F00FF8E7E730BFEFE70004005886
:1059800000ED00E0024B186800F4C060704700BFF3
:1059900000040058024A136843F4804313607047C0
:1059A000000400580F4A136823F4804313600E4B21
:1059B0001B68322202FB03F30C4AA2FB03239B0C5D
:1059C00000E0013B074A526912F4007F01D0002B2E
:1059D000F7D1044B5B6913F4007F01D100207047BD
:1059E00003207047000400589402002083DE1B430C
:1059F0000C4A136823F0070343F0020313600A4ABA
:105A0000136943F004031361012808D040BF20BF8D
:105A100020BF054A136923F004031361704730BFA8
:105A2000F7E700BF0004005800ED00E030B589B092
:105A300004468C462A4B93E803000690ADF81C10F0
:105A400003F1080292E803000490ADF8141001ADD0
:105A5000103393E8070085E80700BCF5007F07D006
:105A6000002314E008AA02EB830353F81C5C1EE039
:105A70000023022B08D808AA02EB430232F8082CB4
:105A8000A242EFD20133F4E7002510E00133022BEC
:105A90000CD808AA02EB430232F8102CA242F5D32C
:105AA00008AA02EB830353F81C5C00E000250D4AB2
:105AB000136823F007032B431360FDF75BFA0446DA
:105AC000084B1B6803F00703AB4206D0FDF752FA00
:105AD000001B0228F4D9032000E0002009B030BDEB
:105AE00064DD01080040005810B5C0F303100C4BF2
:105AF00053F820404FF0B043D3F8083103F00F03C0
:105B0000084A52F82330B4FBF3F4FFF73BFF014699
:105B1000054BA3FB0434A00CFFF788FF10BD00BFAA
:105B2000E06102084062020883DE1B434FF0B0438D
:105B30009968DB6803F0030311F00C010AD00C290B
:105B400006D0042947D008293BD00022104626E081
:105B5000012BF6D14FF0B0431B6813F008030DD0B2
:105B60004FF0B0431B6813F0080324D14FF0B0424C
:105B7000D2F894202E4A52F823200EE04FF0B04283
:105B8000126812F0080F12D14FF0B043D3F89430DE
:105B9000C3F30323264A52F82320D1B100204FF04B
:105BA000B0439B6803F00C030C2B1AD070474FF0E6
:105BB000B0421268EEE74FF0B0431B68C3F3031323
:105BC000D8E74FF0B0431A6812F4801206D1194892
:105BD000E5E71046E3E700221748E0E70022164811
:105BE000DDE74FF0B043DB6803F00303022B09D07D
:105BF000032B08D14FF0B0431B6813F4801F15D15D
:105C00000C4A00E00C4A4FF0B041CB68C3F30623C6
:105C100003FB02F2CB68C3F302130133B2FBF3F2CE
:105C2000C868400F0130B2FBF0F0BFE7024AEAE774
:105C3000E06102080048E8010024F40008B5FFF71D
:105C400075FF4FF0B0439B68C3F30313024A52F849
:105C50002330B0FBF3F008BD40620208002800F0DA
:105C60001983F8B504464FF0B0439D6805F00C0564
:105C7000DE6806F00306036813F0200F00F08F8043
:105C8000EDB10C2D19D0236A002B00F0BC804FF031
:105C9000B042136843F001031360FDF76BF9074648
:105CA0004FF0B0431B6813F0020F65D1FDF762F9A6
:105CB000C01B0228F4D90320F9E2012EE3D14FF0F2
:105CC000B0431B6813F0020F03D0236A002B00F0CF
:105CD000E382A06A4FF0B0431B6813F0080F29D08D
:105CE0004FF0B0431B6803F0F00398422AD9FFF746
:105CF000FBFE002840F0D2824FF0B0431A6842F019
:105D000008021A601A6822F0F002A16A0A431A60B7
:105D1000616A5A6822F47F4242EA01225A60FFF720
:105D20008DFFB04B1860B04B1868FDF721F90028C3
:105D300035D0BCE24FF0B043D3F894301B0903F0E8
:105D4000F003D2E74FF0B0431A6842F008021A603D
:105D50001A6822F0F002A16A0A431A60616A5A685E
:105D600022F47F4242EA01225A60A06AFFF7BCFE99
:105D70000028D4D001209AE24FF0B0431A6842F0D4
:105D800008021A601A6822F0F002A16A0A431A6037
:105D9000616A5A6822F47F4242EA01225A6023680B
:105DA00013F0010F51D0082D45D00C2D41D04FF0EC
:105DB000B042136823F48013A1680B431360636837
:105DC000B3F5803F63D0B3F5041F65D04FF0B04307
:105DD0001A6822F480321A601A6822F400121A60DB
:105DE0006368002B63D0FDF7C5F807464FF0B0435A
:105DF0001B6813F4003F28D1FDF7BCF8C01B6428D2
:105E0000F4D9032053E24FF0B042136823F00103AA
:105E10001360FDF7AFF807464FF0B0431B6813F06F
:105E2000020FBCD0FDF7A6F8C01B0228F4D903204E
:105E30003DE2032EBBD14FF0B0431B6813F4003F8B
:105E400003D06368002B00F02B82236813F0020F4D
:105E500052D0042D3DD00C2D39D02369002B00F0F9
:105E600091804FF0B042136843F480731360FDF7E4
:105E700081F806464FF0B0431B6813F4806F77D16A
:105E8000FDF778F8801B0228F4D903200FE213688D
:105E900043F480331360A3E74FF0B0431A6842F431
:105EA00000121A601A6842F480321A6098E7FDF70F
:105EB00061F807464FF0B0431B6813F4003FC4D0AD
:105EC000FDF758F8C01B6428F4D90320EFE1022E37
:105ED000C3D14FF0B0431B6813F4806F03D0236924
:105EE000002B00F0DF8161694FF0B042536823F06E
:105EF000FE4343EA01635360236813F0080F00F088
:105F00008E80A369002B71D04FF0B043D3F894304A
:105F1000E16903F01002914211D003F00302022A5A
:105F200000F0C28113F0010F42D14FF0B042D2F81D
:105F3000943023F01003E1690B43C2F894304FF022
:105F4000B042D2F8943043F00103C2F89430FDF728
:105F500011F806464FF0B043D3F8943013F0020F17
:105F60005DD1FDF707F8801B1128F3D903209EE1CE
:105F700061694FF0B042536823F0FE4343EA016386
:105F80005360B9E74FF0B042136823F48073136095
:105F9000FCF7F0FF06464FF0B0431B6813F4806F28
:105FA000AAD0FCF7E7FF801B0228F4D903207EE18A
:105FB0004FF0B042D2F8943023F00103C2F894308D
:105FC000FCF7D8FF06464FF0B043D3F8943013F0F7
:105FD000020FAAD0FCF7CEFF801B1128F3D90320B3
:105FE00065E100BF940200209C0200204FF0B04207
:105FF000D2F8943023F00103C2F89430FCF7BAFFD2
:1060000006464FF0B043D3F8943013F0020F06D099
:10601000FCF7B0FF801B1128F3D9032047E1236868
:1060200013F0040F00F0B180A84B1B6813F4807FBD
:1060300010D1FFF779FCFCF79DFF0646A34B1B68C8
:1060400013F4807F06D1FCF795FF801B0228F5D959
:1060500003202CE1E368002B61D0852B01D0052BB8
:1060600007D14FF0B042D2F8903043F00403C2F8A9
:106070009030FCF77FFF06464FF0B042D2F89030E8
:1060800043F00103C2F890304FF0B043D3F89030A2
:1060900013F0020F08D1FCF76DFF801B41F288332B
:1060A0009842F1D9032002E1E368812B01D0852BCE
:1060B0001AD1FCF75FFF06464FF0B042D2F890309D
:1060C00043F08003C2F890304FF0B043D3F89030E3
:1060D00013F4006F59D1FCF74DFF801B41F2883358
:1060E0009842F1D90320E2E0FCF744FF06464FF066
:1060F000B042D2F8903023F08003C2F890304FF0D5
:10610000B043D3F8903013F4006F3ED0FCF732FF69
:10611000801B41F288339842F1D90320C7E0FCF795
:1061200029FF06464FF0B042D2F8903023F08003AA
:10613000C2F890304FF0B043D3F8903013F4006FB2
:1061400008D0FCF717FF801B41F288339842F1D941
:106150000320ACE0FCF70EFF06464FF0B042D2F849
:10616000903023F00103C2F890304FF0B043D3F8E1
:10617000903013F0020F08D0FCF7FCFE801B41F2B8
:1061800088339842F1D9032091E0E36A002B00F0B4
:106190008D800C2D62D0022B1FD04FF0B0431A68B7
:1061A00022F080721A60DA6822F00302DA60DA689C
:1061B00022F0885222F48032DA60FCF7DBFE0446DB
:1061C0004FF0B0431B6813F0007F73D0FCF7D2FE92
:1061D000001B0A28F4D9032069E04FF0B04213688D
:1061E00023F080731360FCF7C5FE05464FF0B04303
:1061F0001B6813F0007F2AD14FF0B042D3683449B6
:106200001940236B606B0343A06B43EA0023E06BF0
:106210000343206C0343606C03431943D16013684C
:1062200043F080731360D36843F08053D360FCF76E
:10623000A1FE04464FF0B0431B6813F0007F37D136
:10624000FCF798FE001B0A28F4D903202FE0FCF786
:1062500091FE401B0A28C9D9032028E0012B2BD02E
:106260004FF0B043DB6803F00301226B914225D16C
:1062700003F07002616B8A4222D103F4FE42A16BEB
:10628000B2EB012F1ED103F06043626C93421BD12D
:1062900000200CE001207047012008E0012006E00A
:1062A000012004E0012002E0012000E00020F8BD10
:1062B0000020FCE70020FAE70120F8E70120F6E7DC
:1062C0000120F4E70120F2E70120F0E70004005884
:1062D0008C80C111002800F0048170B50C46054681
:1062E000824B1B6803F007038B4227D32B6813F004
:1062F000020F39D12B6813F0400F4DD12B6813F0EA
:10630000040F65D12B6813F0080F79D12B6813F0B7
:10631000010F00F0C1806B68022B00F08B80032B13
:1063200000F09080002B40F095804FF0B042126852
:1063300012F0020F40F094800120D1E06B4A136804
:1063400023F007030B431360FCF714FE0646674B6C
:106350001B6803F00703A342C8D0FCF70BFE801BA9
:106360000228F4D90320BBE0AB684FF0B0418A6843
:1063700022F0F00213438B60FCF7FCFD06464FF061
:10638000B0439B6813F4803FB4D1FCF7F3FD801B4E
:106390000228F4D90320A3E069694FF0B042D2F893
:1063A000083123F00F0343EA1113C2F80831FCF758
:1063B000E1FD06464FF0B043D3F8083113F4803FB7
:1063C0009CD1FCF7D7FD801B0228F3D9032087E07E
:1063D000EB684FF0B0418A6822F4E06213438B60AF
:1063E000FCF7C8FD06464FF0B0439B6813F4003F2E
:1063F00088D1FCF7BFFD801B0228F4D903206FE091
:1064000029694FF0B042936823F4605343EAC10313
:106410009360FCF7AFFD06464FF0B0439B6813F462
:10642000802F7FF473AFFCF7A5FD801B0228F3D902
:10643000032055E04FF0B042126812F4003F0FD134
:1064400001204DE04FF0B042126812F0007F07D1FA
:10645000012045E04FF0B042126812F4806F42D044
:106460004FF0B0418A6822F0030213438B60FCF7BF
:1064700081FD06464FF0B0439B6803F00C036A6849
:10648000B3EB820F08D0FCF775FD801B41F2883317
:106490009842EFD9032023E0144B1B6803F0070355
:1064A000A34215D9114A136823F00703234313604D
:1064B000FCF760FD05460D4B1B6803F00703A34284
:1064C00006D0FCF757FD401B0228F4D9032007E053
:1064D000FFF7B4FB064B1860064B1868FCF748FD45
:1064E00070BD012070470120FAE700BF004000584E
:1064F000940200209C02002008B5FFF79FFB4FF09C
:10650000B0439B68C3F30223024A52F82330D840B9
:1065100008BD00BF2062020808B5FFF78FFB4FF0EF
:10652000B0439B68C3F3C223024A52F82330D840D9
:1065300008BD00BF206202084FF0B041D1F888309A
:10654000020902F47F2223EA0203000100F47F2003
:106550000343C1F88830704770B50446036813F4EC
:10656000803F40F0AA800025236813F0010F0AD075
:1065700062684FF0B041D1F8883023EA124392B2FA
:106580001343C1F88830236813F0020F0AD0A268C1
:106590004FF0B041D1F8883023EA124392B213434E
:1065A000C1F88830236813F0200F09D023694FF019
:1065B000B041D1F8882022F440621343C1F88830FA
:1065C000236813F4007F0CD0216A4FF0B042D2F858
:1065D0008830080C000423EA000343EA0143C2F8B0
:1065E0008830236813F4806F0CD0616A4FF0B0429A
:1065F000D2F88830080C000423EA000343EA014380
:10660000C2F88830236813F4006F0CD0A16A4FF0F1
:10661000B042D2F88830080C000423EA000343EAB1
:106620000143C2F88830236813F0400F40F09B808C
:10663000236813F0800F40F09A80236813F4807F62
:1066400040F09980236813F0100F0ED0E3684FF0EC
:10665000B041D1F8882022F440721343C1F8883049
:10666000E368B3F5807F00F08A80236813F4004F5D
:106670000FD0236B4FF0B041D1F8882022F0404278
:106680001343C1F88830236B1BB9CB6843F0807388
:10669000CB60236813F4804F0DD0E36A4FF0B04114
:1066A000D1F8882022F040521343C1F88830E36AC1
:1066B000B3F1005F68D0284670BDFFF735F9FCF7ED
:1066C00059FC0546334B1B6813F4807F06D1FCF759
:1066D00051FC401B0228F5D9032500E00025002DC0
:1066E0007FF442AF4FF0B043D3F8903003F44073DF
:1066F000626B9A4216D04FF0B043D3F8901021F459
:106700004070D3F8902042F48032C3F89020D3F840
:10671000902022F48032C3F89020C3F8900011F04A
:10672000020F0DD1002D7FF41FAF636B4FF0B0410E
:10673000D1F8902022F440721343C1F8903013E74F
:10674000FCF718FC06464FF0B043D3F8903013F036
:10675000020FE7D1FCF70EFC831B41F28832934213
:10676000F1D90325DEE76069FFF7E6FE60E7A0697F
:10677000FFF7E2FE61E7E069FFF7DEFE62E7CB6864
:1067800043F08073CB6070E7CB6843F48033CB6019
:1067900091E700BF00040058034690F82C20012A1E
:1067A00035D0012280F82C20022280F82D20194AB1
:1067B000CA20506253205062B1F5807F18D0154A2C
:1067C000916921F408519161D16C21F00041D164AB
:1067D000196B21F0020119630221D1650D4AFF21D5
:1067E0005162012283F82D20002083F82C0070478D
:1067F000916921F488519161516C21F000415164FB
:10680000196B21F0010119630121D165E6E702202E
:10681000704700BF0028004038B504460D4B5D6D41
:10682000036B1D4015F0010F06D115F0020F09D1C1
:10683000012384F82D3038BD064B0122DA65FCF7C0
:1068400025FDF2E7034B0222DA65204600F0E8F965
:10685000EEE700BF0028004010B50B4AD36823F0D4
:106860002003D360FCF786FB0446074BDB6813F07C
:10687000200F07D1FCF77EFB001BB0F57A7FF4D91F
:10688000032000E0002010BD0028004070B5114B2F
:10689000DB6813F0400F02D00024204670BD06468E
:1068A0000C4AD36843F08003D360FCF763FB0546D2
:1068B0000024084BDB6813F0400FEED1032CECD022
:1068C000FCF758FB431BB3F57A7FF2D9032486F813
:1068D0002D40EEE70028004010B50446104BDA6862
:1068E00022F08002DA609B6913F0200F06D1FFF7D7
:1068F000B3FF98B1032084F82D000FE0084A936994
:1069000023F020039361FFF7A7FF10B1032084F861
:106910002D00034A936943F02003936110BD00BF2B
:106920000028004000284ED038B5044690F82D309D
:106930007BB1022384F82D30244BCA225A625322A1
:106940005A622046FFF7A2FF40B1204BFF225A6255
:1069500038BD80F82C30FCF791F8EAE71B4B9A69B8
:1069600022F08E6222F040029A6199696268206981
:106970000243A06902430A439A61E268A16842EABD
:1069800001421A61DA6822F4F852616AA06A01438E
:106990000A43DA602046FFF79FFF18B10B4BFF2236
:1069A0005A62D5E709498B6923F06043226AE56999
:1069B0002A4365692A4313438B61FF234B620123FA
:1069C00084F82D30C4E70120704700BF0028004044
:1069D000002302E001330A38C0B20928FAD81B01AB
:1069E000DBB218437047000090F82C30012B00F008
:1069F000B0802DE9F04105460C46012380F82C308B
:106A0000022380F82D30544BDE6806F44076B6F54C
:106A1000807F43D012BB9B6913F0400F01D100234C
:106A2000CB70D4F814802078FFF7D2FF0704607889
:106A3000FFF7CEFF47EA0027A078FFF7C9FF07431B
:106A4000E37847EA835794F82400FFF7C1FF47EA49
:106A50000060236A184348EA000020E04869B0F16A
:106A6000803F09D0B0F5000F06D03B4B9B6913F077
:106A7000400F01D10023CB70227863781B0243EAD8
:106A80000243A2781343E27843EA825394F8242025
:106A900043EA0263226A1343184300E000202E4BAE
:106AA000CA225A6253225A62A36AB3F5807F2AD05F
:106AB000294B9A6922F408529A610222DA65B6F5E6
:106AC000807F40D0244B9864A269DA646268224BCC
:106AD0005A672A6B42F002022A639A6942F408520A
:106AE0009A611E4AD2F8803043F40033C2F88030F5
:106AF000194BFF225A62012385F82D30002085F8BA
:106B00002C00BDE8F081144B9A6922F488529A61F6
:106B10000122DA65B6F5807F0FD00F4B1864A269A9
:106B20005A6462680C4B1A672A6B42F001022A63AE
:106B30009A6942F488529A61D3E7A369E2691343E0
:106B4000054A5364EDE7A369E2691343024AD3643B
:106B5000BCE70220704700BF002800400008005832
:106B600090F82C30012B17D0012180F82C10022333
:106B700080F82D30094BCA225A6253225A629A6910
:106B800042F020029A61FF225A6280F82D10002301
:106B900080F82C30184670470220704700280040CB
:106BA00090F82C30012B20D010B4012180F82C104B
:106BB000022380F82D300E4BCA225A6253225A62A9
:106BC0009A6942F080029A610A4CD4F8802042F41B
:106BD0008022C4F88020FF225A6280F82D10002302
:106BE00080F82C30184610BC70470220704700BF58
:106BF000002800400008005810B50446074B5B6DA4
:106C000013F0400F03D1012384F82D3010BD034B46
:106C10004022DA65FCF73EFBF5E700BF00280040A4
:106C20007047890001F1804101F531410A607047E8
:106C3000890001F1804101F5314108687047000089
:106C4000074B1A6822F040021A6040F44170186045
:106C50004FF4B8525A601A6842F040021A60704706
:106C60000000015830B583B0002852D00446837923
:106C7000A3B10223A3714FF0B042D2F8943023F4B1
:106C80000043C2F89430244B1B68C3EBC303C3F327
:106C90004C43642202FB03F3019321E04371FBF7B1
:106CA000CBFFE6E70125A5601C4BD3F8902042F40A
:106CB0000042C3F890201A49D1F8902042F4805243
:106CC000C1F890209A6842F400629A604FF4006222
:106CD0009A61B5B10123A371284603B030BD73B1E9
:106CE000019B002BDED0019B013B01934FF0B04391
:106CF000D3F8943013F48043F1D00123EFE700255B
:106D0000D2E72068FFF79CFF012323710023A360D3
:106D1000E0E70125E0E700BF9402002000040058EE
:106D20000008005882B002461A4B1B68C3EBC3032D
:106D3000C3F34C43642000FB03F30193019B4BB16D
:106D4000019B013B0193144B9B6813F0020FF5D09C
:106D5000002001E0012090600F4B19730D4B1B6860
:106D6000C3EBC303C3F34C43642101FB03F301935F
:106D7000019B43B1019B013B0193074B9B6813F0BF
:106D8000010FF5D001E001209060034BDB6802B0F9
:106D9000704700BF940200200000015882B00246F4
:106DA0001C4B1B68C3EBC303C3F34C43642000FBC1
:106DB00003F30193019B4BB1019B013B0193164BE4
:106DC0009B6813F0020FF5D0002001E001209060D5
:106DD000114B4FF0FF0C83F80CC00E4B1B68C3EB3C
:106DE000C303C3F34C434FF0640C0CFB03F3019358
:106DF000019B43B1019B013B0193074B9B6813F03F
:106E0000010FF5D001E001209060034BDB680B70AF
:106E100002B07047940200200000015882B0134B6A
:106E20001B6803EB4303C3F34B43642202FB03F3EE
:106E3000019306E002238360012002B070471342F1
:106E400012D00B4B5B6913F0040300D00123019AAD
:106E5000002AEFD0019A013A0192054A526912F0D4
:106E60000202ECD00122EAE70020E6E794020020CB
:106E70000004005800B583B00379012B04D0FFF75C
:106E8000CDFF03B05DF804FB0D4B1B6803EB430320
:106E9000C3F34F3301930B4AD2F8903023F40043ED
:106EA000C2F89030019B013B0193019B002BF9D16B
:106EB000044AD2F8903043F40043C2F89030DEE741
:106EC00094020020000400582DE9F0410546807925
:106ED0005FFA80F8B8F1010F3ED10C4617461E4606
:106EE0006B79012B3BD001236B710223AB712846D8
:106EF000FFF7C0FF1B4AD2F8903023F40043C2F8DA
:106F000090300D212846FFF70DFF210A2846FFF794
:106F100009FFE1B22846FFF705FF002405E0395DCF
:106F20002846FFF7FFFE0134A4B2B442F7D30D4A5E
:106F3000D2F8903043F40043C2F890302846FFF76F
:106F40006DFFAB680BB94FF000080123AB71002354
:106F50006B714046BDE8F0814FF00208F9E74FF051
:106F60000208F6E7000400582DE9F0410646807952
:106F70005FFA80F8B8F1010F41D10C4615461F4663
:106F80007379012B3ED0012373713046FFF772FFF6
:106F90001E4AD2F8903023F40043C2F890301D21ED
:106FA0003046FFF7BFFE210A3046FFF7BBFEE1B2D5
:106FB0003046FFF7B7FE00213046FFF7B3FE00244E
:106FC00006E029463046FFF7E9FE01350134A4B258
:106FD000BC42F6D30D4AD2F8903043F40043C2F8D5
:106FE00090303046FFF71AFFB3680BB94FF0000836
:106FF0000123B371002373714046BDE8F0814FF067
:107000000208F9E74FF00208F6E700BF0004005855
:107010002DE9F843054680795FFA80F9B9F1010F4F
:1070200043D1884617461E466B79012B40D0012379
:107030006B712846FFF71EFFB8F1840F05D0B8F139
:10704000940F02D000232B7101E001232B711A4A07
:10705000D2F8903023F40043C2F8903041462846DD
:10706000FFF760FE002405E0395D2846FFF75AFE71
:107070000134A4B2B442F7D30F4AD2F8903043F4AB
:107080000043C2F89030B8F1840F0AD1AB680BB955
:107090004FF000090123AB7100236B714846BDE836
:1070A000F8832846FFF7BAFEF0E74FF00209F5E74C
:1070B0004FF00209F2E700BF000400582DE9F0414B
:1070C000064680795FFA80F8B8F1010F39D10C4695
:1070D00015461F467379012B36D001237371304654
:1070E000FFF7C8FE1A4AD2F8903023F40043C2F8E2
:1070F000903021463046FFF715FE00213046FFF75D
:1071000011FE002406E029463046FFF747FE013510
:107110000134A4B2BC42F6D30D4AD2F8903043F405
:107120000043C2F890303046FFF778FEB3680BB9E1
:107130004FF000080123B371002373714046BDE88E
:10714000F0814FF00208F9E74FF00208F6E700BFC0
:107150000004005830B583B005460023ADF8043074
:10716000022301AA1221FFF7A9FF9DF804209DF830
:10717000053043EA02231C4613F0010F26D114F018
:10718000020F27D114F0040F28D114F0080F29D1D1
:1071900014F0100F2AD114F0200F2BD114F0400F4F
:1071A0002CD114F0800F06D014F4807F2AD0012156
:1071B00028460DF0DDF814F4007F28D1022301AA3F
:1071C00019462846FFF724FF03B030BD28460DF0CE
:1071D000B7F8D4E728460DF0BBF8D3E728460DF002
:1071E000EBF8D2E728460DF0EFF8D1E728460DF08E
:1071F000F3F8D0E728460DF0D7F8CFE728460DF092
:10720000AFF8CEE7002128460DF0B2F8D3E72846C4
:107210000DF0C0F8D2E700002DE9F0410546807975
:107220005FFA80F8B8F1010F38D10C4617461E46B8
:107230006B79012B35D001236B712846FFF71AFEBD
:10724000194AD2F8903023F40043C2F890300E214E
:107250002846FFF767FD21462846FFF763FD002417
:1072600005E0395D2846FFF75DFD0134A4B2B44264
:10727000F7D30D4AD2F8903043F40043C2F890306F
:107280002846FFF7CBFDAB680BB94FF00008012390
:10729000AB7100236B714046BDE8F0814FF00208EE
:1072A000F9E74FF00208F6E7000400582DE9F04135
:1072B000064680795FFA80F8B8F1010F3DD10C469F
:1072C00015461F467379012B3AD00123737130465E
:1072D000FFF7D0FD1C4AD2F8903023F40043C2F8E7
:1072E00090301E213046FFF71DFD21463046FFF746
:1072F00019FD00213046FFF715FD002406E0294660
:107300003046FFF74BFD01350134A4B2BC42F6D341
:107310000D4AD2F8903043F40043C2F89030304622
:10732000FFF77CFDB3680BB94FF000080123B37180
:10733000002373714046BDE8F0814FF00208F9E781
:107340004FF00208F6E700BF00040058026852E858
:10735000003F23F0C00342E800310029F6D1026863
:1073600002F1080353E8003F23F40003083242E827
:1073700000310029F3D12023C0F88430704702681F
:1073800052E8003F23F4907342E800310029F6D11F
:10739000026802F1080353E8003F23F0805323F012
:1073A0000103083242E800310029F1D1C36E012BFC
:1073B00006D02023C0F888300023C36603677047D7
:1073C000026852E8003F23F0100342E80031002930
:1073D000F6D1EEE7D0F88430212B00D07047B0F81A
:1073E00056309BB293B9026852E8003F23F0800305
:1073F00042E800310029F6D1026852E8003F43F02C
:10740000400342E800310029F6D17047036D1A7835
:1074100003689A62036D01330365B0F856309BB27E
:10742000013B9BB2A0F85630D8E7D0F88430212B2E
:1074300000D07047B0F856309BB293B9026852E85A
:10744000003F23F0800342E800310029F6D10268B2
:1074500052E8003F43F0400342E800310029F6D1F2
:107460007047036D1B880268C3F308039362036DC2
:1074700002330365B0F856309BB2013B9BB2A0F8D3
:107480005630D6E7D0F88430212B00D07047B0F8C2
:107490006A3017E0026802F1080353E8003F23F462
:1074A0000003083242E800310029F3D1026852E8B3
:1074B000003F43F0400342E800310029F6D1704715
:1074C000013B9BB2002BE1D0B0F8562092B2002ACB
:1074D000E0D00268D16911F0800FF1D0016D097818
:1074E0009162026D01320265B0F8562092B2013A03
:1074F00092B2A0F85620E3E7D0F88430212B00D0D8
:107500007047B0F86A3017E0026802F1080353E8E8
:10751000003F23F40003083242E800310029F3D190
:10752000026852E8003F43F0400342E8003100297E
:10753000F6D17047013B9BB2002BE1D0B0F856204A
:1075400092B2002AE0D00268D16911F0800FF1D028
:10755000016D0988C1F308019162026D0232026572
:10756000B0F8562092B2013A92B2A0F85620E1E764
:10757000E8B138B505462423C0F8843002681368A2
:1075800023F001031360036800241C6003685C603F
:1075900003689C60FCF7BCFCC5F88C40C5F88440CF
:1075A000C5F88840EC6685F88040204638BD01204B
:1075B00070470000D0F88430202B50D1002950D0E3
:1075C000002A50D090F88030012B4ED0012380F853
:1075D00080300165A0F85420A0F8562000234367AE
:1075E000C0F88C302123C0F88430436EB3F1005FC3
:1075F00013D08368B3F5805F2BD01D4B4367002306
:1076000080F88030026852E8003F43F0800342E88F
:1076100000310029F6D1002070478368B3F5805F00
:1076200011D0144B4367002380F88030026802F1C8
:10763000080353E8003F43F40003083242E80031F6
:107640000029F3D1E7E70369002BEAD10A4B43672E
:10765000E9E70369002BD0D1084B4367CFE702204D
:10766000704701207047012070470220704700BF1B
:10767000D573000885740008F97400082B7400089D
:107680001346D0F88420202A4AD110B50446002998
:1076900048D0002B48D090F88020012A46D0012203
:1076A00080F880200165A0F85430A0F85630002200
:1076B000C0F88C202122C0F88420826FE2B11C49DE
:1076C000D162826F1B491163826F1B495163826FC4
:1076D0000021916302682832016D806FFDF798FEEA
:1076E00050B11023C4F88C30002384F8803020235C
:1076F000C4F88430012012E0236840221A6200237B
:1077000084F88030226802F1080353E8003F43F018
:107710008003083242E800310029F3D1002010BD77
:10772000022070470120FAE70120F8E70220F6E77F
:1077300087780008F5780008FF78000810B504463F
:10774000226852E8003F23F0C00342E800310029DC
:10775000F6D1226802F1080353E8003F23F4000346
:10776000083242E800310029F3D123689B6813F006
:10777000800F13D0226802F1080353E8003F23F082
:107780008003083242E800310029F3D1A36F2BB106
:1077900000229A63A06FFDF787FE58B90023A4F872
:1077A0005630636EB3F1005F0ED02023C4F88430EE
:1077B000002010BDA06FFDF75FFF2028EED1102341
:1077C000C4F88C300320F4E72268936943F0100377
:1077D0009361EAE710B50446226852E8003F23F4BB
:1077E000907342E800310029F6D1226802F10803C3
:1077F00053E8003F23F0805323F00103083242E8AE
:1078000000310029F1D1E36E012B28D023689B6859
:1078100013F0400F13D0226802F1080353E8003F31
:1078200023F04003083242E800310029F3D1E36F2E
:107830002BB100229A63E06FFDF736FEC8B9002035
:10784000A4F85E0023680F221A622268936943F04D
:10785000080393612023C4F88830E06610BD2268D5
:1078600052E8003F23F0100342E800310029F6D12E
:10787000CCE7E06FFDF700FF2028E0D11023C4F82B
:107880008C300320EAE708B50346806A1B681B6852
:1078900013F0200F18D10023A0F85630026802F12F
:1078A000080353E8003F23F08003083242E8003128
:1078B0000029F3D1026852E8003F43F0400342E858
:1078C00000310029F6D108BDFCF746FBFBE708B5FF
:1078D000026852E8003F23F0400342E800310029EB
:1078E000F6D12023C0F8843000234367FCF734FB33
:1078F00008BD704708B5806AFFF7FBFF08BD38B5C3
:10790000846AD4F88420D4F8885023689B6813F0E4
:10791000800F01D0212A10D023689B6813F0400FFC
:1079200001D0222D10D0D4F88C3043F01003C4F8CD
:107930008C302046FCF758FB38BD0023A4F85630A5
:107940002046FFF703FDE7E70023A4F85E3020465A
:10795000FFF715FDE7E708B5806A0023A0F85E3061
:10796000A0F85630FCF740FB08BD000070B5044697
:107970000268D3691068916840F60F0C13EA0C0F87
:107980000DD113F0200F10D010F0200F02D111F004
:10799000805F0AD0236F93B3204698472FE0B04D05
:1079A0000D402DD1AF4E30422AD1E56E012D00F0B1
:1079B000BD8013F4801F03D011F4800F40F0568176
:1079C00013F0800F07D010F0800F40F0568111F4B3
:1079D000000F40F0528113F0400F03D010F0400F21
:1079E00040F0528113F4000F03D010F0804F40F0AC
:1079F0004F8113F0807F02D00028C0F24D8170BD0E
:107A000013F0010F09D010F4807F06D00126166212
:107A1000D4F88C203243C4F88C2013F0020F0BD022
:107A200011F0010F08D0226802261662D4F88C20CB
:107A300042F00402C4F88C2013F0040F0BD011F0B4
:107A4000010F08D0226804261662D4F88C2042F078
:107A50000202C4F88C2013F0080F0BD010F0200F96
:107A600000D13DB1226808251562D4F88C202A4344
:107A7000C4F88C2013F4006F0CD010F0806F09D084
:107A800022684FF400651562D4F88C2042F0200281
:107A9000C4F88C20D4F88C20002AB0D013F0200F2A
:107AA00009D010F0200F02D111F0805F03D0236FB6
:107AB0000BB120469847D4F88C2023689B6813F0BC
:107AC000400F02D112F0280F29D02046FFF757FCB3
:107AD00023689B6813F0400F1DD0226802F1080351
:107AE00053E8003F23F04003083242E80031002908
:107AF000F3D1E36F5BB15C4A9A63E06FFDF70EFD73
:107B000000283FF47CAFE06F836B984777E720460F
:107B1000FCF76AFA73E72046FCF766FA6FE720463F
:107B2000FCF762FA0023C4F88C3068E713F0100FFA
:107B30003FF43FAF10F0100F3FF43BAF1023136240
:107B400023689B6813F0400F4FD0E26F13685B68A7
:107B50009BB2002B3FF453AFB4F85C1099427FF610
:107B60004EAFA4F85E3013681B6813F0200F31D1BC
:107B7000226852E8003F23F4807342E80031002974
:107B8000F6D1226802F1080353E8003F23F0010315
:107B9000083242E800310029F3D1226802F10803DB
:107BA00053E8003F23F04003083242E80031002947
:107BB000F3D12023C4F888300023E366226852E81A
:107BC000003F23F0100342E800310029F6D1E06FB6
:107BD000FDF76AFCB4F85C10B4F85E309BB2C91AC9
:107BE00089B22046FCF7EEF909E7B4F85C10B4F866
:107BF0005E309BB2C91A89B2B4F85E309BB2002BDA
:107C00003FF4FDAE00293FF4FAAE226852E8003F8F
:107C100023F4907342E800300028F6D1226802F184
:107C2000080353E8003F23F0805323F00103083298
:107C300042E800300028F1D12023C4F88830002326
:107C4000E3662367226852E8003F23F0100342E80E
:107C500000300028F6D12046FCF7B4F9CFE600BF8B
:107C60000100001020010004577900084FF4801330
:107C70001362204600F0D4FFC1E6636F002B3FF48F
:107C8000BEAE20469847BAE62046FFF720FEB6E68D
:107C9000204600F0C7FFB2E6204600F0C2FFAEE685
:107CA00008B5B0F86030D0F88820222A05D00268E4
:107CB000936943F00803936108BD0268516ADBB21F
:107CC000826D0B401370836D01338365B0F85E30B5
:107CD0009BB2013B9BB2A0F85E30B0F85E309BB225
:107CE000002BE9D1026852E8003F23F4907342E888
:107CF00000310029F6D1026802F1080353E8003F81
:107D000023F00103083242E800310029F3D1202397
:107D1000C0F8883000230367C36E012B16D10023FF
:107D2000C366026852E8003F23F0100342E80031C6
:107D30000029F6D10368DA6912F0100F01D0102281
:107D40001A62B0F85C10FCF73DF9B5E7FCF716F9DC
:107D5000B2E708B5B0F86020D0F88830222B05D003
:107D60000268936943F00803936108BD03685B6A86
:107D7000816D13400B80836D02338365B0F85E30F4
:107D80009BB2013B9BB2A0F85E30B0F85E309BB274
:107D9000002BEAD1026852E8003F23F4907342E8D6
:107DA00000310029F6D1026802F1080353E8003FD0
:107DB00023F00103083242E800310029F3D12023E7
:107DC000C0F8883000230367C36E012B16D100234F
:107DD000C366026852E8003F23F0100342E8003116
:107DE0000029F6D10368DA6912F0100F01D01022D1
:107DF0001A62B0F85C10FCF7E5F8B6E7FCF7BEF8DD
:107E0000B3E700002DE9F843B0F860600368DD696E
:107E1000D3F80090D3F80880D0F88820222A05D023
:107E20009A6942F008029A61BDE8F8830446B0F806
:107E3000687008E0D4F88C30002B4CD1B4F85E3078
:107E40009BB2002B4ED0002F00F0878015F0200F42
:107E500000F083802368596AF3B2A26D0B4013705F
:107E6000A36D0133A365B4F85E309BB2013B9BB2B6
:107E7000A4F85E302368DD6915F0070FDED015F039
:107E8000010F09D019F4807F06D001221A62D4F8BC
:107E90008C301343C4F88C3015F0020F0BD018F05F
:107EA000010F08D0236802221A62D4F88C3043F004
:107EB0000403C4F88C3015F0040FBBD018F0010F88
:107EC000B8D0236804221A62D4F88C3043F002033D
:107ED000C4F88C30AEE72046FCF786F80023C4F8DF
:107EE0008C30ABE7226852E8003F23F4807342E80D
:107EF00000310029F6D1226802F1080353E8003F5F
:107F000023F0805323F00103083242E800310029B6
:107F1000F1D12023C4F8883000232367E36E012BBE
:107F200003D02046FCF72AF88DE70023E366226899
:107F300052E8003F23F0100342E800310029F6D157
:107F40002368DA6912F0100F01D010221A62B4F817
:107F50005C102046FCF736F875E7B4F85E309BB24B
:107F6000002B3FF461AFB4F868209A427FF65CAF13
:107F7000226802F1080353E8003F23F080530832DF
:107F800042E800310029F3D1054B2367226852E80B
:107F9000003F43F0200342E800310029F6D143E7D7
:107FA000A17C00082DE9F843B0F860600368DD6942
:107FB000D3F80090D3F80880D0F88820222A05D082
:107FC0009A6942F008029A61BDE8F8830446B0F865
:107FD000687008E0D4F88C30002B4BD1B4F85E30D8
:107FE0009BB2002B4DD0002F00F0868015F0200FA3
:107FF00000F0828023685B6AA26D33401380A36D1A
:108000000233A365B4F85E309BB2013B9BB2A4F887
:108010005E302368DD6915F0070FDFD015F0010F22
:1080200009D019F4807F06D001221A62D4F88C306E
:108030001343C4F88C3015F0020F0BD018F0010F69
:1080400008D0236802221A62D4F88C3043F004036B
:10805000C4F88C3015F0040FBCD018F0010FB9D063
:10806000236804221A62D4F88C3043F00203C4F867
:108070008C30AFE72046FBF7B7FF0023C4F88C3005
:10808000ACE7226852E8003F23F4807342E80031F5
:108090000029F6D1226802F1080353E8003F23F0DB
:1080A000805323F00103083242E800310029F1D166
:1080B0002023C4F8883000232367E36E012B03D00C
:1080C0002046FBF75BFF8EE70023E366226852E859
:1080D000003F23F0100342E800310029F6D1236865
:1080E000DA6912F0100F01D010221A62B4F85C1095
:1080F0002046FBF767FF76E7B4F85E309BB2002BB3
:108100003FF462AFB4F868209A427FF65DAF226810
:1081100002F1080353E8003F23F08053083242E89D
:1081200000310029F3D1064B2367226852E8003F53
:1081300043F0200342E800310029F6D144E700BFB4
:10814000537D000808B5806AC36E012B02D0FBF78F
:1081500027FF08BDB0F85C104908FBF733FFF8E7CC
:1081600008B50346806A1B681B6813F0200F29D1ED
:108170000023A0F85E30026852E8003F23F48073C9
:1081800042E800310029F6D1026802F1080353E801
:10819000003F23F00103083242E800310029F3D107
:1081A000026802F1080353E8003F23F0400308325D
:1081B00042E800310029F3D12023C0F88830C36E93
:1081C000012B05D0C36E012B0CD0FBF7D7FE08BDE9
:1081D000026852E8003F23F0100342E80031002912
:1081E000F6D1EFE7B0F85C10FBF7ECFEEFE700002C
:1081F00070B5044683680269134342691343C26938
:108200001343016808689D4A02401A430A602268C5
:10821000536823F44053E1680B435360A16922681B
:10822000974B9A4201D0236A1943936823F06E4317
:1082300023F430630B4393602268D36A23F00F0367
:10824000616A0B43D36223688E4A93421CD08E4AE4
:10825000934231D08A4A93424BD0102288498B42B4
:1082600068D0E069B0F5004F00F0A580082A00F260
:108270001F81DFE812F0D300F500D1001D01F800E6
:108280001D011D011D01FB004FF0B042D2F88820F6
:1082900002F0030242F44032A2F54032032A09D828
:1082A000DFE802F002043C060122D7E70422D5E70A
:1082B0000822D3E71022D1E74FF0B042D2F888204D
:1082C00002F00C0242F44022A2F540220C2A0ED801
:1082D000DFE802F0070D0D0D090D0D0D260D0D0D3A
:1082E0000B000022BAE70422B8E70822B6E7102202
:1082F000B4E74FF0B042D2F8882002F44062B2F501
:10830000006F0FD005D87AB1B2F5806F0ED104227C
:10831000A4E7B2F5406F0BD108229FE702229DE748
:1083200002229BE7022299E7002297E7102295E7B5
:10833000102293E7082A00F29C80DFE802F0089AF6
:108340003A9A379A9A9A05004FF4004004E0FEF7F3
:10835000D3F8002800F08F80626A4C4B33F812206B
:10836000B0FBF2F3656805EB4501994200F2948099
:10837000B3EB053F00F29280002633463146F8F712
:10838000EBFF090241EA106100026B08C0182A469F
:10839000334641F10001F8F7DFFFA0F540723C4B96
:1083A0009A427DD82368D860304650E0FDF7BEFB86
:1083B000CFE73848D0E7082A74D8DFE802F007276B
:1083C00005732A7373730B00324803E0FEF794F8C9
:1083D000002869D0626A2D4B33F81230B0FBF3F0FD
:1083E0006268530803EB4003B3FBF2F39BB2A3F1C3
:1083F00010014FF6EF72914258D823F00F02C3F3E9
:10840000420313432268D360002020E0FEF784F883
:10841000DEE7FDF78BFBDBE71E4803E0FEF76CF8B9
:10842000002847D0626A194B33F81230B0FBF3F0E2
:10843000636800EB5300B0FBF3F080B2A0F11002D0
:108440004FF6EF739A4237D82368D8600020012393
:10845000A4F86A30A4F8683000232367636770BD0E
:10846000FEF75AF8DCE7FDF761FBD9E74FF400406F
:10847000D8E70120EBE70020E9E700BFF369FFCF71
:108480000080004000380140004400408062020843
:10849000FFFC0F000024F4000120D8E70120D6E7FC
:1084A0000120D4E70120D2E70020D0E70120CEE769
:1084B0000120CCE70020CAE70120C8E7836A13F057
:1084C000010F06D00268536823F40033C16A0B43DE
:1084D0005360836A13F0020F06D00268536823F4D6
:1084E0008033016B0B435360836A13F0040F06D093
:1084F0000268536823F48023416B0B435360836A03
:1085000013F0080F06D00268536823F40043816B10
:108510000B435360836A13F0100F06D00268936810
:1085200023F48053C16B0B439360836A13F0200FD5
:1085300006D00268936823F40053016C0B439360E8
:10854000836A13F0400F0AD00268536823F4801343
:10855000416C0B435360436CB3F5801F0BD0836AAF
:1085600013F0800F06D00268536823F40023C16C17
:108570000B43536070470268536823F4C003816C57
:108580000B435360EBE72DE9F84305460F461646CB
:108590009946DDF820802B68DC6937EA04040CBFBB
:1085A00001240024B44257D1B8F1FF3FF3D0FAF7C9
:1085B000E1FCA0EB090040452FD8B8F1000F2CD00A
:1085C0002B681A6812F0040FE5D0DA6912F4006F14
:1085D000E1D04FF400621A622A6852E8003F23F4A7
:1085E000D07342E800310029F6D12A6802F108036D
:1085F00053E8003F23F00103083242E8003100292C
:10860000F3D12023C5F88430C5F88830C5F88C3004
:10861000002385F8803003201FE02A6852E8003FDD
:1086200023F4D07342E800310029F6D12A6802F120
:10863000080353E8003F23F00103083242E8003109
:108640000029F3D12023C5F88430C5F888300023F1
:1086500085F88030032000E00020BDE8F8832DE994
:10866000F04182B01E46D0F88430202B58D1044609
:108670000D469046002957D0002A57D090F88030F8
:10868000012B55D0012380F880300023C0F88C30B6
:108690002123C0F88430FAF76DFC0746A4F8548013
:1086A000A4F85680A368B3F5805F05D04FF00008AA
:1086B000002384F8803014E0236913B14FF00008E0
:1086C000F6E7A8460025F3E738F8023B2268C3F333
:1086D00008039362B4F8562092B2013A92B2A4F819
:1086E0005620B4F856309BB273B100963B46002238
:1086F00080212046FFF747FFE0B9002DE4D015F8B0
:10870000012B23689A62E5E700963B460022402150
:108710002046FFF738FF78B92023C4F8843000E002
:10872000022002B0BDE8F0810120FAE70120F8E75D
:108730000220F6E70320F4E70320F2E72DE9F043F7
:1087400083B01E46D0F88830202B40F0818004464C
:108750000D46904600297FD0002A7FD090F88030C7
:10876000012B7DD0012380F880300023C0F88C30AD
:108770002222C0F88820C366FAF7FCFB0746A4F85B
:108780005C80A4F85E80A368B3F5805F06D0A3B9CF
:10879000226972B9FF22A4F8602014E0226922B98C
:1087A00040F2FF12A4F860200DE0FF22A4F8602040
:1087B00009E07F22A4F8602005E0B3F1805F0DD0CE
:1087C0000022A4F86020B4F86080B3F5805F0FD079
:1087D0004FF00009002384F880301EE022691AB9A6
:1087E0007F22A4F86020EEE73F22A4F86020EAE7A9
:1087F000236913B14FF00009ECE7A9460025E9E72A
:1088000023685B6A08EA030329F8023BB4F85E2098
:1088100092B2013A92B2A4F85E20B4F85E309BB2F4
:108820008BB100963B46002220212046FFF7ABFE8D
:10883000C0B9002DE4D023685A6A5FFA88F3134068
:1088400005F8013BE2E72023C4F88830002000E06F
:10885000022003B0BDE8F0830120FAE70120F8E729
:108860000220F6E70320F4E730B583B00446002386
:10887000C0F88C30FAF77EFB05462268126812F0C9
:10888000080F0FD123681B6813F0040F18D12023A1
:10889000C4F88430C4F888300020E06684F8800092
:1088A00003B030BD6FF07E430093034600224FF4C7
:1088B00000112046FFF767FE0028E3D00320EFE712
:1088C0006FF07E4300932B4600224FF48001204638
:1088D000FFF759FE0028DAD00320E1E778B310B59E
:1088E0000446D0F884300BB32423C4F884302268C3
:1088F000136823F0010313602046FFF779FC012879
:1089000013D0A36ABBB92268536823F49043536021
:108910002268936823F02A0393602268136843F067
:10892000010313602046FFF79FFF10BD80F88030E1
:10893000FBF7DEFAD8E72046FFF7C0FDE3E70120AA
:108940007047000010B48165A0F85C20A0F85E209C
:10895000002303678368B3F5805F06D0A3B903697A
:1089600073B9FF23A0F8603014E0036923B940F223
:10897000FF13A0F860300DE0FF23A0F8603009E09D
:108980007F23A0F8603005E0B3F1805F2DD0002395
:10899000A0F860300023C0F88C302223C0F8883063
:1089A000016801F1080353E8003F43F00103083177
:1089B00041E80034002CF3D1436EB3F1005F1ED0C8
:1089C0008368B3F5805F43D0244B0367002380F8AE
:1089D0008030026852E8003F43F4907342E800316F
:1089E0000029F6D1002010BC704703691BB97F2312
:1089F000A0F86030CEE73F23A0F86030CAE7B0F8B7
:108A000068309342DCD88368B3F5805F1AD0144B8A
:108A10000367002380F88030026852E8003F43F487
:108A2000807342E800310029F6D1026802F10803A0
:108A300053E8003F43F08053083242E800310029F8
:108A4000F3D1CFE70369002BE1D1064B0367E0E7E1
:108A50000369002BB8D1044B0367B7E7A17C00087A
:108A6000057E0008A57F0008537D000838B5D0F8C2
:108A70008830202B1ED1F9B102B390F88030012B41
:108A80001ED0012380F880300023C36603680D4C9C
:108A9000A3420CD05B6813F4000F08D0046854E8BC
:108AA000003F43F0806344E80035002DF6D1FFF726
:108AB00049FF00E0022038BD0120FCE70120FAE771
:108AC0000220F8E70080004010B504461346816597
:108AD000A0F85C200022C0F88C202222C0F8882058
:108AE000C26F8AB12149D162C26F21491163C26F3D
:108AF00020495163C26F002191630168826D243166
:108B0000C06FFCF785FC28BB002384F88030226806
:108B100052E8003F43F4807342E800310029F6D167
:108B2000226802F1080353E8003F43F001030832D2
:108B300042E800310029F3D1226802F1080353E82A
:108B4000003F43F04003083242E800310029F3D1EE
:108B5000002010BD1023C4F88C30002384F880302E
:108B60002023C4F888300120F3E700BF61810008AA
:108B700045810008FF78000838B5D0F88830202BF0
:108B80001ED1F9B102B390F88030012B1ED0012321
:108B900080F880300023C36603680D4CA3420CD0DC
:108BA0005B6813F4000F08D0046854E8003F43F0FA
:108BB000806344E80035002DF6D1FFF785FF00E023
:108BC000022038BD0120FCE70120FAE70220F8E787
:108BD00000800040436E2BB90123A0F86A30A0F852
:108BE0006830704730B403689A68C2F3426299688B
:108BF000490F094D6B5CDB00084C615C93FBF1F3A2
:108C0000A0F86A30AB5CDB00A25C93FBF2F3A0F847
:108C1000683030BC704700BFA0620208986202084A
:108C200070477047704790F88030012B1DD010B509
:108C30000446012380F880302423C0F88430026881
:108C40001368116821F00101116043F000534FF0E7
:108C50000052426602681360FFF7BCFF2023C4F88D
:108C60008430002084F8800010BD0220704738B5A1
:108C700090F88030012B1DD00446012380F880300D
:108C80002423C0F8843003681D681A6822F00102AA
:108C90001A600268936823F0604319439160FFF7FC
:108CA00099FF23681D602023C4F88430002084F8D5
:108CB000800038BD0220FCE738B590F88030012BE9
:108CC0001DD00446012380F880302423C0F884306E
:108CD00003681D681A6822F001021A60026893682E
:108CE00023F0606319439160FFF774FF23681D60F0
:108CF0002023C4F88430002084F8800038BD02208E
:108D0000FCE7D0F88830202B20D110B50446F9B10B
:108D100002B390F88030012B1ED0012380F8803000
:108D2000C366FFF7D1FEB0B9E36E012B01D001207D
:108D300011E0236810221A62226852E8003F43F0D3
:108D4000100342E800310029F6D104E00220704708
:108D5000012000E0012010BD0220FCE7042807D814
:108D600008B5054B53F820309B681BB1984708BDE8
:108D7000002070470020FAE7E0190020F8B505460A
:108D80000F46002418E0DA69A2B11A78FB789A42FB
:108D900005D07CB9134B1B68DB68984750B1114B69
:108DA00053F82630DB693846984703E01B6A0BB15D
:108DB00038469847013464B2042C11DC2646094B2E
:108DC00053F82430002BF5D0012DDCD0022DEDD04E
:108DD000002DEFD19B69002BECD038469847E9E78E
:108DE000F8BD00BFE019002010B504460C4801236F
:108DF00003706378437094F902300371E368836011
:108E000094F903300375236943752379C370054BC7
:108E10001B681B6A984721460020FFF7AFFF10BD73
:108E200090190020CC19002038B5002401E001344D
:108E300064B2042C12DC0A4B53F82430002BF6D019
:108E40001B69002BF3D0E0B2FFF788FF0028EED0BB
:108E5000034B53F824301B699847E8E738BD00BF3F
:108E6000E019002000B583B0054B1B5C0093054B57
:108E70000022114602200BF003FC03B05DF804FB56
:108E8000B05902089459020800B58BB022238DF81E
:108E90000430029001A803F083FA10B90BB05DF81A
:108EA00004FB4FF0FF30F9E700B587B00A238DF8D7
:108EB000043001A803F0F0FC10B907B05DF804FB22
:108EC0004FF0FF30F9E70000F0B595B00146614C76
:108ED000102220460BF0EAFCFBF7B4FA22780123BB
:108EE000934041680B4200F0A7805B495B4802F069
:108EF000F3FE002840F0AB8004F0CBFE002800F029
:108F0000A280574B01221A7002258DF82C500BA815
:108F100003F02AF9534C08220C99204608F039FE38
:108F200003238DF82C300BA803F01EF908220C99AE
:108F3000A01808F02EFE06238DF82C3063690C93E0
:108F40000BA803F02DFA23786278A178E0782679CF
:108F5000677994F806C094F807E0CDF81CE0CDF8E6
:108F600018C00597049603900291019200933E4B1E
:108F70000022114628460BF083FB237A627AA17AFD
:108F8000E07A267B94F80DC094F80EE0E77B079713
:108F9000CDF818E0CDF814C0049603900291019228
:108FA0000093324B0022114628460BF069FBE37D0B
:108FB000A27D617D207D03900291019200932C4B54
:108FC0000022114628460BF05BFB0F268DF82C6023
:108FD00001238DF830300BA803F0E2F905238DF85A
:108FE0002C3000240C940BA803F0DAF910238DF830
:108FF0002C308DF830400BA803F0D2F904238DF803
:109000002C30144DAB788DF830300BA803F0C8F934
:109010008DF8246009A9287804F04CFE0890031B01
:1090200018BF01236B711420FFF72EFF687903F03E
:10903000C5FD204615B0F0BD0E4B012200210846AB
:109040000BF01EFBFEE7064B00221A705CE74FF0A8
:10905000FF30EFE7D0190020A8190020BC1900202C
:1090600098180020C0020020005A02083C5A02084A
:10907000785A0208B459020808B502F0F9FDFFF762
:10908000D3FE04F004FE08BD00B58BB001238DF8BB
:10909000043001A803F068F820B99DF8080010B169
:1090A000012000E000200BB05DF804FB10B58AB091
:1090B000044602F0CBFD002839D1FFF7E5FF012877
:1090C00038D100238DF8043001A803F04DF8A0BB7F
:1090D0009DF80830A34233D0012C34D0022C14D098
:1090E000A4BB0BB900202CE08DF8084001A803F0C8
:1090F00057F968BB2046FFF7B5FE1C4B1B689B6AFF
:109100004BB32046984700201BE033BB8DF8084046
:1091100001A803F045F918BB2046FFF7A3FE134B47
:109120001B689B6AFBB120469847002009E06FF05E
:10913000010006E06FF0020003E04FF0FF3000E0B6
:1091400000200AB010BD4FF0FF30FAE70020F8E72A
:109150004FF0FF30F5E70020F3E74FF0FF30F0E786
:109160004FF0FF30EDE70020EBE700BFCC19002007
:1091700000B58FB0022821D01D4B01229A701D4AE4
:1091800092F903201A7000225A701B4B1B782BB3E4
:1091900002F07CFF01238DF814308DF8183005A8FB
:1091A00003F0FEF8154B1B68DB6911489847114B1B
:1091B0005878FFF77BFF0FB05DF804FB0C4B0222E1
:1091C0009A7002F063FF01238DF80030094BDB78C1
:1091D0008DF80430684603F05FFBECE727238DF839
:1091E0001430074B069305A803F0DAF8D0E700BF68
:1091F000B0020020D019002098180020CC190020BF
:1092000000030001F0B587B004460F4615461E4620
:1092100002F01CFD00286CD1FFF736FF01283DD17C
:10922000394B1B68DB68984738B12378364A126897
:109230001278934201D0002B5ED1344B93F9033066
:109240008DF812306946607802F028FF68B300227A
:109250002F4B9A708DF804200392ADF810202C4A01
:1092600002F10C0C94E803008CE80300274B93F9FF
:1092700003301371314601A803F0E4FB0DB1059BE7
:109280002B60112832D8DFE800F0263A3131313135
:1092900031283131312E31313A3A3A2B1D4B987801
:1092A000FFF766FF6FF002002BE0194B9F702378E9
:1092B0008DF808306378ADF81030636803931FB9F8
:1092C00000238DF80430CAE701238DF80430082309
:1092D0008DF81330C3E7002013E06FF0020010E0B8
:1092E0006FF004000DE06FF005000AE04FF0FF3072
:1092F00007E06FF0010004E06FF0030001E06FF0A1
:10930000010007B0F0BD00BFE0190020D019002017
:1093100090190020B002002010B582B00446174B0F
:1093200000221A7042785A70B1F90000D87091F991
:109330000200187191F9031019730E2A05D0104B11
:109340001B685B6A0D49002098472378072B01D0E2
:1093500002B010BD00238DF800308DF8013001936C
:10936000084B1B68DB6898470028F1D101230022D5
:1093700011466846FFF746FFEAE700BFA00200205B
:10938000CC190020E019002070B110B58AB0044655
:1093900000238DF8043001A802F0E6FE38B99DF8EC
:1093A000083023700AB010BD4FF0FF3070474FF007
:1093B000FF30F7E730B587B00B4600228DF80F205D
:1093C000224901220A7042784A7062BB044690F931
:1093D00004208A70B3F90020CA7093F902200A7140
:1093E00093F903300B7303698B60C3788DF81030E9
:1093F000037B8DF8113083680593154D2B685B6AEC
:1094000004A898472B681B6B13B1227E02B19847C2
:1094100021460120FFF7B2FC0DF10F00FFF7B4FF6A
:109420006379012B01D007B030BD9DF80F30002BC0
:10943000F9D100218DF804108DF805100291012357
:109440000A4601A8FFF7DEFEEDE700BFA0020020FC
:10945000CC19002080B110B58AB004461F238DF8C6
:10946000043001A802F080FE48B99DF9083023704D
:10947000044AD3700AB010BD4FF0FF3070474FF070
:10948000FF30F7E7D019002010B58AB004461D4818
:1094900000230370637843701B4B1B681B6A98475B
:1094A00021460220FFF76AFC2378012B09D0042B08
:1094B0001DD1164B01225A73227A9A73627ADA739B
:1094C00015E006238DF8043001A802F04DFE029A43
:1094D0000F4B5A610F48FFF7BDFF63784BB10D4B3F
:1094E000FF225A70084B1B68DB690A4898470AB08C
:1094F00010BD084B00225A70074B5878FFF7D6FD75
:10950000F0E700BF90190020CC190020A002002035
:10951000C0020020B0020020D0190020E0B938B508
:109520000C46054600F020FA98B10D4A42F8250095
:109530000C4A42620C4A82620C4AC2620C4A1268AD
:10954000126942614368F2220A4920469847002086
:1095500038BD4FF0FF30FBE74FF0FF30704700BFE2
:10956000E01900207191000805920008A98E0008FA
:10957000CC1900209C18002008B50F4B18600F4B29
:109580000F4A1A600F4A5A600F4A9A600F4ADA600F
:1095900002680F4B1A6042685A6082689A600D4AEE
:1095A000DA6002691A610C490020FFF7B7FF00B9C1
:1095B00008BD4FF0FF30FBE7CC190020BC1900209C
:1095C000E98D0008B59300088994000819930008F4
:1095D000A81900208DDC0008B4020020034640B129
:1095E00039B107480360074B99605A7101221A701C
:1095F00070470023024A1360024A1370704700BF8D
:10960000F4190020F8190020014B1878704700BFAA
:10961000F8190020024B187800B15878704700BF45
:10962000F8190020084B1B782BB1074B5B7813B15E
:109630000378012B00D070470379002BFBD0024A3E
:10964000938901339381F6E7F8190020084B1B78C2
:109650002BB1074B5B7813B10378042B00D0704714
:10966000034B01229A73027ADA73427A1A74F6E78C
:10967000F819002070470000234B1B78002B3ED0C8
:10968000214B5B78002B3DD030B583B01E4B9B7BCC
:1096900013B31D4B00229A7303229A719A68052115
:1096A0001170D97B5170197C917001229A70E0235E
:1096B0008DF80030144CA3798DF80130A368019324
:1096C00012480BF07BFB124B9D6A01230022E178CC
:1096D0006846A84703B030BD0B4B9B78012B05D0E3
:1096E000042BE4D1084B01229A70E0E7064B0222DA
:1096F0009A719A899B68110A19705A70D7E74FF0CE
:10970000FF30704700207047F81900200C1A002025
:10971000D80200208D4B1B78002B00F01681437B74
:10972000002B00F01281894B5B782BB1827B1AB938
:1097300086498A8901328A81C278E02A40F005810F
:1097400010B58CB0002B40D1037B042B01D00CB0A2
:1097500010BD83681A78012AF9D15A78012AF6D106
:109760009A78012AF3D1DB78012BF0D1774B0024D2
:10977000DC70E0221A7102229A719C819C73DC7366
:109780001C7401225A709A7004238DF80C308DF8E5
:10979000102003A802F004FE204603F00FFA6C4BE1
:1097A0001B685B6803B198476A4C002200926A4BC1
:1097B0004FF0FF3120460BF049FA41F28831204644
:1097C0000BF042FBFFF758FFC1E7826813785F494F
:1097D0008B700A2BBBD8DFE803F00622262B31471B
:1097E0004E6D9DA4AE005B480BF08EFA574B0022E5
:1097F0009A815A7004238DF80C30554C23681B78DD
:109800008DF8103003A802F0CBFD2368587803F0E0
:10981000D5F923689B68002B99D0984797E74B4B65
:1098200002229A7193E7494B0122DA709A708EE70F
:10983000464B0022DA7001229A7088E7017B434B85
:1098400099719C68042323700123404A52798A420B
:1098500028BF0A469A427FF67AAF8268D25C01320C
:10986000E2540133DBB2F0E704238DF80C3003A897
:1098700003F012F86BE737480BF046FA334B00223F
:109880009A815A7004238DF80C30314C23681B7870
:109890008DF8103003A802F083FD2368587803F098
:1098A0008DF923689B6803B198472C4B5B6A0220B3
:1098B00098474CE7037B032B08D0072B10D003A855
:1098C00002F0EAFF214B01229A7040E705238DF850
:1098D0000C305178937843EA0123ADF81030EEE76D
:1098E00006238DF80C305178937843EA0123ADF8C4
:1098F0001030D17813791B0243EA014352791343A4
:10990000642202FB03F30593836893F906308DF814
:109910001830D4E70A238DF80C3003A802F0BCFFFE
:1099200015E700238DF80C3053788DF8103003A81C
:1099300002F036FD0BE70D238DF80C3053788DF8CF
:10994000103003A802F0A8FF01E77047F8190020C3
:10995000F41900200C1A002061990008D802002098
:1099600008B5FFF789FE08BD00487047D8020020FF
:1099700008B5064A137843F002031370044BD3F87A
:10998000483313B11B6903B1984708BD381A00204A
:109990004C200020074B93F8FC30022B04D0064BE0
:1099A000062283F880247047034B022283F8802428
:1099B000704700BF3C1A00204C200020014B83F868
:1099C000820470474C20002030B589B0224B93F8B8
:1099D000813413F0080F0ED01F4890F8813423F023
:1099E000080380F88134D0F84433DB6800F27C410E
:1099F00000F58C609847184B93F8813413F0100FE2
:109A000013D007238DF8043000258DF80550124C33
:109A1000D4F84433DB6804F27C4101A8984794F8F9
:109A2000813465F3041384F881340B4B93F881344B
:109A300013F0020F0ED0084890F8813423F002038F
:109A400080F88134D0F844335B6800F27C4100F246
:109A50001C40984709B030BD4C200020074BD3F87C
:109A6000403313F0800F08D0044A23F08001C2F87D
:109A7000401323F08203C2F8403370474C2000208B
:109A8000034A92F8813443F0100382F8813470471E
:109A90004C200020064B1B6B4BB9054AB2F8023133
:109AA0000449D1F81814013B01FB03F31363704719
:109AB0003C1A00204C20002008B584460846114678
:109AC000064BDB6B624649B29847054AD2F84033F1
:109AD00043F00203C2F84033002008BDB866020814
:109AE0004C200020004870473C1A00200246F8B184
:109AF00001B3037B13F00F0305D090F8200010B1E1
:109B000000200870704792F8280010B901230B70EC
:109B100070472BB992F8200010B902230B707047E0
:109B200053B992F820204AB103220A7018467047B0
:109B30000320704703207047172070471720704795
:109B40000F4B93F810240F4B93F860309A420FD2CA
:109B50000B4B93F8813413F0020F0BD0094B93F8A1
:109B6000FC304BB1064B93F87F343BB1002070477B
:109B70000120704700207047012070470120704786
:109B80004C2000203C1A00200A4B93F8122493F832
:109B900011349A4209D2074B93F8813413F0020F23
:109BA00005D0044B93F83C04704701207047002017
:109BB000704700BF4C200020114B93F8813413F004
:109BC000020F04D00E4B93F87F34012B07D90D4BB5
:109BD00093F8FE301BB10B4A936A01339362084B32
:109BE000002283F8102483F8142483F81324D3F874
:109BF000402322F00202C3F840230120704700BF37
:109C00004C2000203C1A002008B5044BD3F8483300
:109C100013B1DB6803B1984708BD00BF4C2000209A
:109C2000044B93F8810410F0050000D17047012027
:109C3000FCE700BF4C200020134A92F8123492F83F
:109C40001124934207D20133DBB20F4A82F8123457
:109C500013F0010F00D1704710B584B022238DF8A6
:109C600008300A4C94F874308DF80A3094F9393081
:109C70008DF8093002A994F8400004F01BF8019017
:109C800084F8390004B010BD4C2000203C1A00209C
:109C900000B585B00D4B93F874208DF80A208DF82F
:109CA00009000D228DF8082093F8803013B10E239F
:109CB0008DF8083002A9054B93F8400003F0FAFF35
:109CC0000190C0B205B05DF804FB00BF3C1A002053
:109CD00038B5044615460846FFF7DAFF2C44A04283
:109CE00001D2002038BD0120FCE70000F0B58FB0A4
:109CF000394B93F8FC30022B02D0384BDB6A984783
:109D0000374C04F56075D4F8B01328460BF09CF876
:109D100028460BF053F804F56675D4F8B4132846BA
:109D20000BF092F828460BF049F82B4B93F8FC30D7
:109D3000022B02D094F81434ABB116238DF82830DE
:109D40000AA9254B93F8400003F0B4FF0990244C76
:109D5000D4F8B41304F57E74014420460BF074F873
:109D600020460BF02BF81F4B1B681B4CE3621C4F6B
:109D700097F815248DF8102005930CAE30460AF0A4
:109D8000F7FE02ADD4F808310093D4F8043196E818
:109D9000060028460AF089FE07AB95E8030083E831
:109DA0000300D7F81834069301238DF8113094F886
:109DB00010310BB98DF8113004A9074B93F840000E
:109DC00003F096FF064B93F814341BB9044B0022A2
:109DD00083F839240FB0F0BD3C1A0020B8660208A1
:109DE0004C200020341A002010B5104C20460AF0F8
:109DF0008BFF237F23B1A4F57E73012283F8132404
:109E00000B4B93F8FC30022B07D00A4BD3F84833A6
:109E100013B11B6903B1984710BD064A92F881340B
:109E200043F0200382F88134EFE700BF4424002090
:109E30003C1A00204C20002008B50E4BD3F84023DC
:109E400042F08002C3F8402393F8143473B9094BED
:109E500093F8812442F0020283F88124D2B242F0C6
:109E6000200283F88124FFF795FD08BD0020FFF74D
:109E7000BBFFECE74C20002008B50C2003F0ACF948
:109E800088B10B4B93F8810410F0010F0DD110F045
:109E9000040009D01A46D3F8403323F00203C2F875
:109EA0004033012000E0002008BD0020FCE700BF97
:109EB0004C20002038B5059C069D02B3944604B39F
:109EC0000DB388B1012820D1C3F30742012A02D083
:109ED000032323700AE021B1032902D00123237058
:109EE00004E00223237001E0042323702B46BCF816
:109EF0000E20BDF81010207803F08CFB38BD0A202E
:109F0000FCE70A20FAE70A20F8E70520F6E701282F
:109F100000D9704708B5012A05D111F0200F04D0EF
:109F200002F0F6FF01E002F0F3FF08BD2DE9F04F6B
:109F30008FB005460C461646984600278DF82F70C0
:109F4000ADF82C70B44280F0C682285D03F048F86A
:109F50002044B04200F3BF82631C5FFA83F9295D9D
:109F60000239112900F2B782DFE811F0120029004E
:109F70009100A500ED0005013F015801AE01B502B9
:109F8000B502E101B502B50241025802780294021D
:109F9000042003F021F908B94C46D3E7042100203E
:109FA00003F0CEF8A31CDBB215F80910C24A82F800
:109FB00054140334E4B2EB5C82F85534C2E7002356
:109FC0008DF80A308DF80B308DF80C308DF8143088
:109FD0000FB14C46B6E709F1FF332B440893A6EBCB
:109FE000090301338DF82430B44890F8FE308DF821
:109FF000263090F874308DF8253090F939308DF88E
:10A00000273090F938308DF8283090F860308DF88E
:10A010002930D0F80C31079305AB019303AB0093C3
:10A020000DF10B030DF10A0207A990F8400003F0AF
:10A0300006FF8DF82F0000F00700072801D000244C
:10A0400015E09E4B9DF80A2083F839209DF80B20DF
:10A0500083F838209DF80C2083F86020EFE7012278
:10A060000DF12F01032002F0F3FE0134E4B29DF85C
:10A070001420934BA3FB0213B4EB930FEFD302EB2B
:10A080000903DBB2013B5FFA83F90127A1E7023440
:10A09000E4B215F8093003F00F03884981F8FF3066
:10A0A000012202FA03F3A1F8023100220BA90420D5
:10A0B00002F0CEFE46E707238DF82F3015F8093061
:10A0C000C3F302128DF81D2003F00F038DF81C302E
:10A0D000A31CDBB2E11CC9B2EB5C0893221DD2B217
:10A0E000695C43EA012308930534E4B2AA5C43EABD
:10A0F00002430893642202FB03F3089307A96F4B02
:10A1000093F8400003F0C0FE8DF82F0000F0070325
:10A11000072B09D08DF82C0001220BA9052002F095
:10A1200097FEFFF7ADFC0DE79DF81C20634B83F80D
:10A13000682083F87020089A5A66DA669DF81D2018
:10A1400083F86120E6E75C4BD3F848337BB11B68AA
:10A150007BB198478DF82C0008F03F038DF82D3027
:10A1600002220BA9062002F073FE4C46EAE6FF200D
:10A17000F0E7FF20EEE703238DF82F30A31CDBB2BE
:10A1800015F909208DF8182007AA0592E21CD2B211
:10A19000EB5C0793211DC9B2AA5C43EA0223079333
:10A1A000621DD2B2695C43EA01430793642101FB5B
:10A1B00003F30793002308930634E4B2AB568DF8FB
:10A1C000243005A93D4B93F8400003F071FEC3B263
:10A1D0008DF82F300028FFF6B5AE8DF82C30012217
:10A1E0000BA9072002F034FEACE60234E4B215F805
:10A1F000093013F00F0300D101334FF47A7202FBE0
:10A2000003F32E4A136503F57A73536500220BA9F5
:10A21000082002F01DFEFFF733FC93E60234E4B29F
:10A2200015F8093000228DF80C208DF80D2013F060
:10A23000200F02D001228DF80D2013F0100F02D054
:10A2400001228DF80C2003F00F038DF80E3003A9C6
:10A250001A4B93F8400003F03FFEB0F1FF3F3FF48C
:10A2600071AE9DF80CA0DFF8549089F874A09DF8A9
:10A270000D3089F875309DF80E30124AD05CF6F733
:10A28000A1FDC9F8780002238DF81C308DF81EA0BE
:10A2900007A999F8400003F00DFD059040B299F927
:10A2A00039309842B8BF184689F8390000220BA906
:10A2B000092002F0CDFD45E64C2000203C1A00208C
:10A2C000CDCCCCCCA862020803238DF82F30A31C80
:10A2D000DBB215F809208DF81C20E11CC9B2EB5C3B
:10A2E0000893221DD2B2695C43EA01230893053426
:10A2F000E4B2AA5C43EA02430893642202FB03F33C
:10A30000089307A9754B93F8400003F0F9FDC3B219
:10A310008DF82F300028FFF615AE8DF82C30012275
:10A320000BA90A2002F094FDFFF7AAFB0AE60A2017
:10A3300002F052FF08B94C4604E60A21002002F060
:10A34000FFFE03A90023039304930DF1140A059360
:10A3500006930DF11C0B07930893A01CC0B215F8CF
:10A3600009300393E21CD2B2285C43EA0023039332
:10A37000201DC0B2AA5C43EA02430393621DD2B21D
:10A38000285C43EA006303930634E4B2AA5CADF8A8
:10A3900010204FF47A7000FB02F2120AADF8102080
:10A3A00003C98AE803004E4A1A44059258460AF047
:10A3B000BDFBDFF83091D9F83C330093D9F838333E
:10A3C0009AE806000CA80AF070FB0D9B00930C9B0A
:10A3D0009BE8060050460AF049FB9AE803000AF0A1
:10A3E00083FB02F09DFC012389F83434AAE50D209B
:10A3F00002F0F2FE08B94C46A4E50D21002002F05F
:10A400009FFE384B93F88034043BDBB2012B01D81C
:10A410004C4697E502F080FC4C4693E5A21CD2B274
:10A4200015F80930E11CC9B2AA5C43EA0223221DD7
:10A43000D2B2695C43EA01430534E4B2A85C64210A
:10A4400003FB01F100F00F0002F067FC8DF82C0017
:10A4500001220BA9112002F0FBFC73E50E2002F093
:10A46000BBFE08B94C466DE50E21002002F068FEE7
:10A47000A21CD2B215F80900E31CDBB215F802C029
:10A480000434E4B2184A1268E95C40EA0C2002F095
:10A4900046FC57E5A11CC9B215F80930E21CD2B23E
:10A4A000695C43EA01230434E4B2AA5C43EA024350
:10A4B000642003FB00F002F034FC40B101238DF86E
:10A4C0002C3001220BA9132002F0C2FC3AE5002334
:10A4D0008DF82C30F5E70FB0BDE8F08F3C1A002066
:10A4E000803DD5124C200020241A00202DE9F04395
:10A4F000A3B0B94B5E681D89B3F90A9093F90C704B
:10A5000000230693B54AD2F8CC80B54C84F83C348D
:10A51000A4F87C9484F87E7494F8802484F87F24D2
:10A5200084F81F3484F81E3484F82134C4F82434A9
:10A5300084F8283484F8293484F82A34C4F82C3474
:10A5400084F81C34C4F8303484F83434A54BDB6A06
:10A55000984704F566700AF0D7FB2946304602F0AA
:10A56000C8FB98B99D4B93F8FC30012B13D034787D
:10A570006309013B062B00F27782DFE813F0290024
:10A580007502AA007502A60075025102A4F8729421
:10A5900084F874747DE202F0B0FB50B1002002F048
:10A5A000A1FB002002F0A3FB8D4B042283F87F2443
:10A5B000DDE702F0A4FB0028D9D0002002F093FBD5
:10A5C000002002F095FB864B052283F87F24CEE71E
:10A5D000102D5DD90796EDB28DF820507F4B93F882
:10A5E0001031002B5BD107F0A3FA014607AAFF2028
:10A5F00003F07EF900285ED19DF82520774BC3F843
:10A60000C8209DF8261042EA0122C3F8C8209DF810
:10A61000271042EA0142C3F8C8200A9AC3F8CC20A6
:10A620009DF82C20C2F3021183F86110C2F30302DB
:10A6300083F8682083F870209DF82D201A650AB9E8
:10A6400001221A65654C236D4FF47A7202FB03F305
:10A65000236513446365002384F80E310DF12E0346
:10A660002093113D8DF8845020A994F8400003F008
:10A6700078FB022384F81031012002F0ADFDA8B967
:10A68000574A92F8813443F0080382F88134DFE1BD
:10A69000534B012283F81D24FFF7CEFBF9E1504B09
:10A6A000012283F81D24FFF7C7FBF2E101210020FE
:10A6B00002F046FDE4E7012002F08EFD0028DFD025
:10A6C0000121072002F03CFDDAE7454B012283F827
:10A6D0001C24424B93F875208DF87A20404A92F959
:10A6E00020248DF879200D228DF8782093F8803081
:10A6F00013B10E238DF878301EA9384B93F8400023
:10A7000003F0D8FA1D90A5F10D031BB223EAE37301
:10A7100000B2834201DC0B2D06D8314B012283F8B5
:10A720001D24FFF789FBB4E111968DF848502E4B9C
:10A730001A93FF238DF86C3011A803F0A3F90028B9
:10A740003CD1139A264BC3F830240DF1160111A801
:10A75000FFF7CCF90646002837D1002306930346BD
:10A76000002B43D04FF0010915238DF878301B4D95
:10A770001EA995F8400003F09DFA1D9006AB0293C8
:10A780000DF11703019380B20090D5F80C3111AA96
:10A790009DF816104846FFF78DFB002879D0072852
:10A7A0005ED0082870D00E4B012283F81D240C4B7C
:10A7B000069AC3F82C24FFF73FFB6AE1084B0122FD
:10A7C00083F81D24FFF738FB63E1054B012283F872
:10A7D0001D24FFF731FB5CE1241A00203C1A002005
:10A7E0004C200020B8660208842200201846AC4A9B
:10A7F0002C2101FB0322D2F8D42013998A4202D0E3
:10A800000133DBB2ACE7A6492C2505FB031191F817
:10A81000D2100029F4D0A24B05FB003090F8D39061
:10A82000D0F8F0100968069193F8FC30022B0BD099
:10A830009DF81630032B0CD19DF8503013F0600FAB
:10A8400007D1904601268FE7964B032183F87F14AA
:10A85000EEE7944B012283F81D24FFF7EDFA18E18F
:10A86000904B082283F81D2495F80E31002B9ED1C1
:10A8700004F0E004A02C9AD16A6B1C9B9A4296D1FA
:10A88000012285F83A2092E7864B0A2283F81D249C
:10A890008DE711AB0093069B9DF817204146484673
:10A8A00002F07AFF00283AD17E4B002183F81D1474
:10A8B00083F81E649DF85020C2F3001083F8210431
:10A8C000C3F8241483F828140698C3F82C04C2F3A0
:10A8D000401283F82A2483F8391483F83C2493F82F
:10A8E0007F04012829D9012E2AD004F0E004A02CED
:10A8F0002BD000236A4A82F83A306A4A82F81C3424
:10A90000684B93F838249DF85010FFF700FB9DF832
:10A910001630032B7DD8DFE803F0274A5C6C022851
:10A9200006D0604B0C2283F81D24FFF785FAB0E0B7
:10A930005C4B0B2283F81D24F7E7594B9962D2E751
:10A94000584B022283F81C24DAE7554B012283F886
:10A950003A2093F80E3113B91C9A514B5A63514B5C
:10A96000012283F81C24CBE79DF850204D4C94F82D
:10A970007F3400933B4602F00F02002115A8FFF739
:10A98000D5FA9DF8643084F81F341A9BC4F8243437
:10A990009DF86C3084F82834012384F82934414A26
:10A9A00092F8813443F0020382F8813450E09DF83C
:10A9B00050203C4C94F87F3400933B4602F00F0249
:10A9C000002115A8FFF7B2FA9DF8643084F81F340F
:10A9D000E5E7344C94F87F3400933B469DF86C20B7
:10A9E00000211A98FFF7A2FA9DF8643084F81F340A
:10A9F000D5E79DF864202B4B83F81F241A9AC3F8DF
:10AA000024249DF86C2083F82824012283F829242B
:10AA1000C5E7244B012283F81D24FFF70DFABEE79A
:10AA20006A1E214C92B2711C204607F0B2F8032234
:10AA300084F8E421002284F8E521C4F8EC41013DCA
:10AA400084F8F05194F8492242F0020284F8492235
:10AA5000144B93F8143473B1124B93F83C347BB11C
:10AA60000020FFF7C1F90BE00E4B012283F81D24F3
:10AA7000FFF7E2F9ECE70A4B93F8FC30022B0BD01E
:10AA8000084A92F8813443F0200382F88134FEF7BB
:10AA900081FF23B0BDE8F0830020FFF7A5F9EFE7C1
:10AAA0003C1A00204C2000208422002010B50F4BBF
:10AAB00093F8FC30022B02D00D4BDB6A9847FEF76F
:10AAC00069FF0C4C022084F8390402F067FB94F80B
:10AAD000143413B1012284F81324064A92F8813405
:10AAE00043F0200382F8813410BD00BF3C1A0020DF
:10AAF000B86602084C20002008B502F0FCF878B9CE
:10AB0000094B93F8FC30012B01D0002008BD02F066
:10AB1000F4F838B902F0F3F80028F7D00F20F5E781
:10AB20000E20F3E70F20F1E73C1A0020F8B50546A8
:10AB30000C46364B93F8FC30022B02D0344BDB6AC8
:10AB4000984702F0D8F8064600BB304B93F8FC302B
:10AB5000012B22D0BEB92F4B93F88034002B3ED16D
:10AB60002C4B93F8143413B12A4B83F839542846EC
:10AB700002F014FB254BD86A0AF090F8254BD3F865
:10AB8000B433984220D2FEF705FFF8BD022002F050
:10AB9000A8F8002002F0AAF8D7E702F0AEF80746BE
:10ABA00050B902F0ACF80028D4D0002002F09BF895
:10ABB000002002F09DF8E6E7002002F093F8002064
:10ABC00002F095F83E46ECE7134C20460AF09CF85C
:10ABD00094F8E93043F0200384F8E930D3E70D4BD3
:10ABE00093F8143413B10B4B83F83944204602F028
:10ABF000D5FA064B93F8FC30022BC4D0054A92F8E4
:10AC0000813443F0200382F88134BCE73C1A0020F1
:10AC1000B86602084C200020E423002008B5062175
:10AC20000520FFF783FF08BD08B504210320FFF7C7
:10AC30007DFF08BDEFF3108172B6144A136800203F
:10AC4000106081F3108803B310B5DCB213F0100F5D
:10AC50000CD114F0080F0CD114F0040F0CD114F027
:10AC6000020F0CD114F0010F0CD110BDFFF73EF80C
:10AC7000EFE7FFF73BFCEFE7FFF718FFEFE7FFF722
:10AC8000CDFFEFE7FFF7D0FFEFE77047381A00205E
:10AC900008B5164B93F8813413F0040F00D108BDAA
:10ACA000012002F099FA78B1012002F05FFA18B998
:10ACB0000E4B002283F810240C4AD2F8403323F0C4
:10ACC0000203C2F84033EAE7052002F085FA38B102
:10ACD000064AD2F8403323F00203C2F84033DEE7DD
:10ACE000062002F079FA0028D9D0F1E74C200020A4
:10ACF000144B93F83C342BB1124B93F8122483F885
:10AD00003D24704700B585B002238DF80C300E4B02
:10AD1000019303F1A4020292A3F5EC7301A993F845
:10AD2000400002F0F7FF074B002283F8142483F859
:10AD30003C24044B93F8122483F83D2405B05DF8BD
:10AD400004FB00BF4C200020141C002008B50F4B52
:10AD500093F804311BB1042B0AD0032008BD0C4822
:10AD600002F0EFFE68B9094B93F80C211A80F5E761
:10AD7000074802F01CFF30B9044B93F80C211A80ED
:10AD8000ECE71120EAE71120E8E700BF4C200020A3
:10AD90005421002070B582B01C4C94F8406094F9A6
:10ADA000613094F9392094F87510304603F0FFF8BB
:10ADB000174D0095636C94F8482041B2304602F07C
:10ADC000F6FF05F114030093636C94F8482094F99E
:10ADD000681094F8400002F0EAFF226DE86802442F
:10ADE00045F8082C626D296A0A4445F8042C94F849
:10ADF00010314BB9A36D1844A5F56E73C3F8B003B9
:10AE0000E26D1144C3F8B41302B070BD3C1A0020C7
:10AE10000424002010B582B0002301930D4B93F859
:10AE2000104114B9204602B010BD01A802F084F808
:10AE3000044668B99DF80420064B93F93910064B77
:10AE400093F83702FEF744FF0028EBD10824E9E726
:10AE50001324E7E73C1A00204C20002030B583B0D3
:10AE6000002301931A4B93F8043133B105460C4685
:10AE7000042B0BD0032003B030BD164802F01CFC9D
:10AE800000BB134B93F80C211A80F4E701A802F0E1
:10AE9000B5FBC8B90E4B93F8103423B90C4B93F89B
:10AEA0001234012B02D9019B013B0193094B22462D
:10AEB0002946019802F02CFC40B9054B93F80C216F
:10AEC0001A80D8E71120D6E71220D4E71120D2E764
:10AED0004C2000205421002070B586B00646002387
:10AEE0008DF807308DF80800334D95F939308DF81D
:10AEF000093095F938308DF80A30AB6F0393EB6F5A
:10AF000004932E4C2388ADF8143004F583630DF1BF
:10AF1000070202A995F8400002F078FF012384F8A7
:10AF2000393495F8393084F83A349DF8073084F88C
:10AF30003B34C4F84864D4F81834C4F84034C4F836
:10AF4000503401F0DEFE58BB1B4B93F8FC30012B54
:10AF50002ED001F0D9FE184B93F93900174B93F816
:10AF60001514C0B2FFF77AFF0446B0B9134BD3F8FB
:10AF7000402342F00202C3F8402393F814342BB963
:10AF80000E4A92F81034013382F810340C4B9B6A4D
:10AF90000A4830F8021BC9B29847204606B070BD77
:10AFA000D4F8180401F0BFFE0028CDD01024F4E737
:10AFB00001F0BBFECDE700BF3C1A00204C20002072
:10AFC000B86602082DE9F0418CB00546FFF794FD04
:10AFD000044618B120460CB0BDE8F081FEF75AFDDA
:10AFE000FFF7B4FE04460028F4D1354E336B0493CA
:10AFF00096F939308DF8183096F800318DF81A30FE
:10B000000DF12808404609F0B3FD02AFD6F808312B
:10B010000093D6F8043198E80600384609F045FD5B
:10B0200007AB97E8030083E80300F36A0593002366
:10B030008DF8243001238DF81930224B1B88ADF890
:10B04000263096F810312BB901238DF824300023D7
:10B050008DF819301C4B1A4800F130020092A3F110
:10B060006F0204A990F8400002F073FFB0B10B2802
:10B0700022D11DB3134BD3F884140029AAD0D3F8DE
:10B08000402342F02002C3F8402303F55A752846B6
:10B0900009F0DAFE284609F091FE9BE7FFF77AFEF9
:10B0A000FFF7B8FE0446002894D1064B93F8150428
:10B0B000FFF712FF04468DE704468BE7044689E755
:10B0C0003C1A00204C200020D024002010B5124C47
:10B0D000204609F019FE54F8283C23F0200344F8D8
:10B0E000283C0120FFF76EFF18B1A4F55A740B2815
:10B0F00000D110BD094B93F8392084F83A2494F814
:10B10000122484F83D24092084F8390402F046F81A
:10B11000FEF752FDEDE700BFB42300203C1A0020EB
:10B12000234B93F8813413F0010F3FD010B5204B1F
:10B1300093F8383433B1032B04D0012B14D00024FE
:10B140003CB310BDFEF7FCFC0446002CF8D0194CB3
:10B15000204609F0D9FD54F8283C23F0200344F898
:10B16000283CFEF729FDECE7114B93F8133473B13B
:10B17000FEF70AFD0446104B93F80E31002BE4D184
:10B1800010B9FEF759FDDBE7FFF7B2FDDFE7012459
:10B19000D6E7074B93F8812422F0200283F881241C
:10B1A000002083F81304FFF791FFCAE7704700BF40
:10B1B0004C200020B42300203C1A002038B5224B3C
:10B1C000D3F8403383BB204B93F8814414F001053E
:10B1D00006D01A4693F8813423F0010382F88134B3
:10B1E000194B93F8813413F0040F06D0164A92F8E5
:10B1F000813423F0040382F881340120FEF7DEFB62
:10B2000035B11148D0F844331B6800F58760984782
:10B2100014F0040F09D101F078FD0B4A92F8813443
:10B2200023F0200382F8813438BD084801F0E0FFA4
:10B2300002F010F80028EED0034A92F8813443F06F
:10B24000040382F88134E6E74C2000209824002093
:10B250000A4BD3F8403303B1704700B583B08DF883
:10B2600007300DF1070001F0A5FE9DF8073013B976
:10B2700003B05DF804FBFEF703FCF9E74C20002067
:10B2800038B5304BD3F8403303B138BD04462421E0
:10B2900006F0A0FC636A834252D06062012514214B
:10B2A00004F1280006F096FCE36B834202D0E063D1
:10B2B00045F00205D42104F1400006F08BFCD4F8DF
:10B2C0001431834203D0C4F8140145F00405BC21B5
:10B2D00004F58C7006F07EFCD4F8D431834203D0A0
:10B2E000C4F8D40145F00805A02104F5EC7006F07F
:10B2F00071FCD4F87832834203D0C4F8780245F068
:10B3000010054FF45E7104F51F7006F063FCD4F86D
:10B31000F435834203D0C4F8F40545F02005142128
:10B3200004F5BF6006F056FCD4F80C36834203D017
:10B33000C4F80C0645F040052846FEF765FCA4E776
:10B340000025ACE74C200020002879D070B50446D9
:10B350003C4BD3F84033012B01D0012070BD242198
:10B3600006F038FC636A834232D004F128051421C8
:10B37000284606F02FFCE36B83422FD004F14005F2
:10B38000D421284606F026FCD4F8143183422BD071
:10B3900004F58C75BC21284606F01CFCD4F8D43189
:10B3A00083423AD004F5EC75A021284606F012FC41
:10B3B000D4F87832834236D004F5BF65142128468C
:10B3C00006F008FCD4F80C36834232D00020C5E7E2
:10B3D000282221461C4806F0DCFBC6E71822294635
:10B3E0001A4806F0D6FBC9E7194ED822294630463E
:10B3F00006F0CFFB134B93F8152483F8E023F26A91
:10B40000C3F8E42396F8352083F8F023012283F86B
:10B41000F223022283F8F323BAE7C02229460D481B
:10B4200006F0B7FBBEE7A42229460B4806F0B1FBA5
:10B43000C2E718222946094806F0ABFB00208DE739
:10B44000032070474C2000203C1A0020641A002082
:10B450007C1A0020541B0020141C002034200020E3
:10B4600030B583B0114C124D0095636C94F84820B0
:10B4700094F9701094F8400002F099FC0223EB74E8
:10B480000123AB7405F14002294694F8400002F014
:10B49000A8FC48B1074B5B6B00209847A5F5787373
:10B4A00093F8F32383F8802403B030BD3C1A0020C6
:10B4B0002C240020B866020810B50C4609F024FCC4
:10B4C0000A4B1B6B98470A4A21460A4B93F84000E7
:10B4D00002F087FC40B1054B5B6B064AD06C984785
:10B4E000E27C054B83F8802410BD00BFB8660208DB
:10B4F0006C2400203C1A00204C20002008B5114B81
:10B5000093F8803403B908BD0E4890F8153480F8DC
:10B51000CC330D4B5A6EC0F8D02393F8752080F8C9
:10B52000DC2393F8803080F8DD33002380F8DE33AD
:10B53000012380F8DF3300F5737100F56670FFF7C3
:10B54000BBFFE0E74C2000203C1A002008B50F4864
:10B5500090F8153480F8B8330D4B93F9612080F8DA
:10B56000BB2393F8752080F8C82393F8803080F8C7
:10B57000C933002380F8CA3380F8CB3300F56E71ED
:10B5800000F56070FFF798FF08BD00BF4C20002059
:10B590003C1A002008B5094A137843F001031370E0
:10B5A000074BD3F8483313B11B6903B19847054BD8
:10B5B00001220021022009F063F808BD381A00209A
:10B5C0004C200020A05A020808B5094A137843F01D
:10B5D00004031370074BD3F8483313B11B6903B14D
:10B5E0009847054B01220021022009F049F808BDC7
:10B5F000381A00204C200020B05A02082DE9F041F2
:10B6000080460F4616461D4609F03EFB0D4C206055
:10B61000C4F804802781668125730B4A137843F0B0
:10B6200008031370094BD3F8483313B11B6903B1F6
:10B630009847074B01220021022009F021F8BDE8BC
:10B64000F08100BF241A0020381A00204C2000206E
:10B65000C05A020830B583B009F016FB0F4B1860D2
:10B660000F4D6C46204609F061FA05F54E7394E8DB
:10B67000030083E803000B4A137843F010031370B0
:10B68000D5F8483313B11B6903B19847064B012223
:10B690000021022008F0F4FF03B030BD341A00206E
:10B6A0004C200020381A0020D05A0208F0B58FB084
:10B6B0004A4C002684F81061A662494D85F8106452
:10B6C000012785F8117485F8127485F8136484F8DD
:10B6D000FF60A4F8027194F9C43084F8383094F90A
:10B6E000C53084F8393094F8A13084F8613004F121
:10B6F000640304F1A40292E8030083E8030004F168
:10B700006C0304F1AC0292E8030083E8030094F8B0
:10B71000B43084F8743094F8B53084F87530D4F8C7
:10B72000B830A367D4F8BC30E36785F8146484F8B4
:10B730003A608DF80C7004F5EC73019304F51F73F7
:10B74000029301A994F8400002F0E4FA85F8156428
:10B7500085F8CC63636EC5F8D03394F8753085F8FE
:10B76000DC3394F8803085F8DD3385F8DE6385F8C6
:10B77000DF7305F5787405F5737CBCE80F000FC422
:10B78000DCF80030236085F8F273022385F8F33388
:10B790000C960D96D5F848331BB15A680C921B696C
:10B7A0000D93104B0493A3F144020592A3F11402EC
:10B7B0000692213307930C4A0892A2F18C03099355
:10B7C000A2F188030A93131D0B9302F22C520CA9C9
:10B7D00004A801F085FA0FB0F0BD00BF3C1A0020AC
:10B7E0004C200020AC240020081B002070B504462B
:10B7F0003D4B93F8FC50012D62D0022D67D0002DF7
:10B800006ED130B903F16C02643393E8030082E82F
:10B810000300012C21D00320022C62D1324B83F88B
:10B82000FC40324E06F5787406F5737CBCE80F00D8
:10B830000FC4DCF800302360022386F8F3330023C2
:10B84000002B13DD294B002283F81424284BDB6ADC
:10B850009847FFF705FE284643E0204601F056FAD8
:10B860000028D9D1204B83F8FC40D5E71E4A2C2173
:10B8700001FB032292F8D22012B901335BB2DFE759
:10B88000194A01FB0323D3F8E810D16693F8EC3092
:10B8900082F87030154B93F8150483F8E003C3F871
:10B8A000E41392F8751083F8F01392F8802083F86F
:10B8B000F123032283F8F323012283F8F223C1E763
:10B8C00001F024FA68B9084B83F8FC4009E048B954
:10B8D000054B83F8FC00064BDB6A9847204600E0E6
:10B8E000032070BD0320FCE73C1A00204C20002000
:10B8F000B866020838B5FF2803D00120FFF762FBC5
:10B9000038BD0020FFF772FF0E4D002485F804417A
:10B91000AB1CC5F80831FF2385F80C3185F80D41C3
:10B9200006F006F90146082205F5877006F031F9A0
:10B9300006F0E8F80146082205F58B7006F029F9B3
:10B940002046DBE74C20002010B584B0104C94F862
:10B9500015348DF800300F4B93F939208DF8012004
:10B9600093F938208DF802209A6F0192DA6F0292D3
:10B97000ADF80C00694693F8400002F006FBD4F8DD
:10B98000403343F00203C4F84033002004B010BD3C
:10B990004C2000203C1A00202DE9F04383B00546DE
:10B9A0000E461746BDF828805A4900220A8081F8C1
:10B9B0001424019200929946CBB1574C4246494615
:10B9C000204606F0E6F85FFA88F084F8FF00A4F558
:10B9D0009C742B78A3702B785B09042B09D0072B60
:10B9E00079D0022B09D0022003B0BDE8F083904645
:10B9F000E3E7484B012283F81424464B042283F8E2
:10BA000004219A1CC3F80821FF2283F80C212A780C
:10BA100083F80D2183F82871404AD2F8CC20C3F86E
:10BA20001021327883F8142183F8300103F59C72D9
:10BA3000C3F82C2101A801F0E1FD00285ED1019A94
:10BA4000344BA3F81621002183F83D1483F83C14ED
:10BA5000C3F84424684601F06FFA002850D1009BD7
:10BA6000002BC1D02D4B93F93900FEF711F9294B6A
:10BA700093F8373213B1009A0F2A15D913B1009BEE
:10BA80000F2B21D8264A694601F062FA00283DD1E1
:10BA9000204B002283F8282103F59162C3F82C2162
:10BAA000009A83F830219FE71E4A69460F2001F073
:10BAB0004FFA38BB3378009A62F303033370DAB27B
:10BAC000144B83F814218FE7154A694601F040FAB8
:10BAD000D0B1132088E7B9F1000F19D0002883D026
:10BAE000114C5FFA88F24946204606F052F894F865
:10BAF0003432013324F8033C002075E7122073E749
:10BB0000132071E713206FE70A206DE713206BE71E
:10BB1000002069E74C200020842100203C1A0020EE
:10BB2000D4240020642100204F2000202DE9F0477C
:10BB30008AB017469846434C94F939A094F9389046
:10BB4000A26A089294F81031002B79D005460E466F
:10BB500094F8FF300BB90021216300238DF82430C5
:10BB6000384890F8FE1061F3C7138DF8243090F830
:10BB7000FC30012B51D0334B93F83A302BB19DF868
:10BB8000243043F020038DF824302E4CD4F80C31AF
:10BB9000039301238DF810308DF8111005922A4B74
:10BBA000B3F8F423ADF81820B3F8F633ADF81A3033
:10BBB0008DF81CA08DF81D9094F874308DF81E300F
:10BBC00094F840308DF81F3008AB04F1380204F1CE
:10BBD000390103A801F07CF89DF8243060F3861346
:10BBE0008DF82430CDF800803B46324609A928461E
:10BBF000FFF7D2FE044608B10A2804D19DF8480098
:10BC0000FFF7E0F904467CB10E4B83F839A083F8C6
:10BC1000389020460AB0BDE8F0879DF8243043F004
:10BC200010038DF82430A6E7064B002283F83A2053
:10BC3000089A9A6201F054F90028EAD01324E8E740
:10BC40000724E6E73C1A00204C200020074BD3F8DD
:10BC5000403333B9054B93F88234012B03D00120D4
:10BC60007047012070470020704700BF4C20002023
:10BC700008B5FEF7DFFF01F059F8154B93F8813452
:10BC800013F0200F07D1FDF79FFE114B93F880347E
:10BC9000022B1AD008BD0020FDF790FEFDF7DEFE56
:10BCA000FDF7BEFF10B1FEF7E7F818B9FEF7F0FF99
:10BCB000FFF736FAFFF782FAFFF7CAFA0548FFF7EF
:10BCC000DFFA0120FDF77AFEDDE7FFF7C9FBE1E7C8
:10BCD0004C2000203C1A00202DE9F04F8BB00028AA
:10BCE00000F0A0810E4691468046002900F09C811C
:10BCF0000368002B00F09A814368002B00F09881C4
:10BD00008368002B00F09681C368002B00F09481BB
:10BD1000104601F0C0FF002800F09081404601F07D
:10BD2000C1F9CC4C4FF4C2620021204605F049FF16
:10BD3000C94D4FF4A1620021284605F042FF4FF0A3
:10BD4000010A85F812A485F811A484F84090002710
:10BD500084F8FC7084F88070C04BC4F80C310F2359
:10BD60008DF8203008A9484601F0A4FF0790C01BB9
:10BD700018BF012084F800014FF00A0B8DF820B0A5
:10BD800008A994F8400001F095FF079084F8C400DA
:10BD90004FF006098DF8209008A994F8400001F0B2
:10BDA00089FF079084F8C50010238DF8203008A97A
:10BDB00094F8400001F07EFF0790C4F88C00112336
:10BDC0008DF8203008A994F8400001F073FF079027
:10BDD000C4F8900012238DF8203008A994F8400090
:10BDE00001F068FF0790C4F8940013238DF8203009
:10BDF00008A994F8400001F05DFF0790C4F898008E
:10BE000014238DF8203008A994F8400001F052FF67
:10BE10000790C4F89C0017238DF8203008A994F8E7
:10BE2000400001F047FF079084F8A10018238DF827
:10BE3000203008A994F8400001F03CFF0790C4F8B6
:10BE4000A400C4F8AC0019238DF8203008A994F898
:10BE5000400001F02FFF0790C0B284F8A80084F8DA
:10BE6000B0001E238DF8203008A994F8400001F09E
:10BE700021FF079084F8B4001F238DF8203008A913
:10BE800094F8400001F016FF079084F8B5002023D5
:10BE90008DF820300DEB030194F8400001F00AFF0B
:10BEA0000790079BC4F8B83021238DF8203008A9EB
:10BEB00094F8400001F0FEFE0790079BC4F8BC30E8
:10BEC0000B238DF8203008A994F8400001F0F2FE11
:10BED0000790A5F8F4030C238DF8203008A994F8F6
:10BEE000400001F0E7FE0790A5F8F60384F8A0A053
:10BEF000C4F884B084F88890C4F844B084F84890BA
:10BF0000D4F88C30E364D4F890302365D4F89430BE
:10BF10006365D4F89830A365D4F89C30E36584F861
:10BF200060A08DF8187004F5EC73049304F51F738A
:10BF3000059304A994F8400001F0ECFEC5F84863AD
:10BF4000FFF7B4FB84F8FDA0C5F8448385F881743D
:10BF5000C5F840A3E76227630097414B3A464FF08C
:10BF6000FF3105F55A7008F071FE00973D4B3A46D7
:10BF70004FF0FF3105F5607008F068FE00973A4B0E
:10BF80003A464FF0FF3105F5667008F05FFE009706
:10BF9000364B3A464FF0FF3105F57E7008F056FEFD
:10BFA00002AF384608F0E4FD04F5827397E8030019
:10BFB00083E803002E4BC5F84C332E4BC5F85433A1
:10BFC0002D4BC5F85C332D4BC5F850332C4BC5F8C1
:10BFD00058332C4B1B6805F553709847B16804F52E
:10BFE0008C7005F0FBFB70BB204601F0E7FA60BBEC
:10BFF00000F020FF58BB04F1D00001F045FB0446DF
:10C00000002841D11F4D6B69984705F0AFFDAB6D1E
:10C01000104A92F8FD009847EB6A98475046FDF7A2
:10C02000CDFC0CE003240AE0032408E0032406E02E
:10C03000032404E0032402E0032400E00924204652
:10C040000BB0BDE8F08F1124F9E71124F7E71324B2
:10C05000F5E700BF3C1A00204C200020000300013F
:10C06000CDB000084DB50008FDB40008E99D0008FA
:10C0700055B60008FDB5000871990008C9B500085B
:10C0800095B50008B86602081124D8E70020024BD5
:10C09000C3F84003704700BF4C20002030B589B082
:10C0A00004462F4B9A6A029293F9C5008DF8070057
:10C0B00093F9C4308DF8063000230093002948D04E
:10C0C0000D46274BD3F80C11039100218DF8101069
:10C0D00093F8FE108DF811100592224AB2F8F4136D
:10C0E000ADF81810B2F8F623ADF81A2093F93920FC
:10C0F0008DF81C2093F938208DF81D2093F87420BA
:10C100008DF81E2093F840308DF81F3002AB0DF1F2
:10C1100006020DF1070103A800F0DAFD9DF9070002
:10C12000FDF7B6FD6870684600F006FF98B9009B01
:10C130000F2B0AD86A78934207D8D31A2B70009B2A
:10C140001C44A24209D309B030BD00232B70082043
:10C15000F9E70320F7E71320F5E70820F3E700BF2E
:10C160003C1A00204C200020002800F00C8110B563
:10C1700084B004460078282800F20181DFE810F03E
:10C1800029002F0035003A003F0045004B00FF001A
:10C19000FF00FF00FF00FF00FF00FF00FF00510055
:10C1A00057005D006A0072007A00820097008A00E2
:10C1B000A400AA00AF00B400B900BE00C300C900CB
:10C1C000D500CF00DB00E000E600F000EB00FF0050
:10C1D000F6006E4B93F8FC30237104B010BD6B4B2E
:10C1E00093F8103123710020F7E705F08BFC6060B5
:10C1F0000020F2E705F09CFC60600020EDE7634B57
:10C2000093F8FE3023710020E7E7604BD3F8C83085
:10C2100063600020E1E75D4BD3F8CC306360002021
:10C22000DBE75A4B93F8FD3023710020D5E7574BDD
:10C2300093F8803023710020CFE71D238DF808305C
:10C2400002A9524B93F8400001F034FD0190606068
:10C250000020C2E704344E4B93E8030084E8030057
:10C260000020BAE704344B4B93E8030084E8030052
:10C270000020B2E70434484B93E8030084E803004D
:10C280000020AAE70434454B93E8030084E8030048
:10C290000020A2E71B238DF8083002A93B4B93F83E
:10C2A000400001F007FD01906060002095E71A232F
:10C2B0008DF8083002A9354B93F8400001F0FAFCE4
:10C2C00001906060002088E7304B93F86030237164
:10C2D000002082E72D4BDB6C636000207DE72B4B59
:10C2E0001B6D6360002078E7284B5B6D6360002066
:10C2F00073E7264B9B6D636000206EE7234BDB6D7D
:10C300006360002069E7214B93F9C5302371002059
:10C3100063E71E4B93F93930237100205DE71B4B17
:10C3200093F9C4302371002057E7184B93F9383044
:10C330002371002051E7154B5B6C636000204CE7D4
:10C34000124B93F848302371002046E70F4BDB6F08
:10C350006360002041E7FDF7C5FB606000203CE71B
:10C360000A4BD3F8BC306360002036E7074BD3F8A4
:10C370000C31636001F034FEA06000202DE7204600
:10C3800000F0C6FC29E70320704700BF3C1A0020DC
:10C39000A01A0020E01A0020A81A0020E81A0020A5
:10C3A00030B585B0002800F044820546B34BD3F881
:10C3B000403313F0020F40F03E820478272C00F245
:10C3C0003482DFE814F028002D0036003F004700DB
:10C3D0004D00530059006600730080008D009A00E4
:10C3E000A700B400C100CC003202D200F800120154
:10C3F0004001770167018701920197019C01A1012A
:10C40000A601AB01C001ED01D90101020802100231
:10C4100015021B0222020079FFF7E8F904460BE23D
:10C420000379022B00F00B82954A82F81031002428
:10C4300002E2406805F058FB0446002800F0FC8149
:10C440000324F9E1406805F063FB002840F0F48123
:10C450000446F1E102798A4B83F8FE200024EBE1E7
:10C460004268874BC3F8C8200024E5E14268844B4A
:10C47000C3F8CC200024DFE14168002900F0E1810D
:10C48000002001F019FA0446002800F0D58111249B
:10C49000D2E14168002900F0D681012001F00CFAB8
:10C4A0000446002800F0C8811124C5E14168002934
:10C4B00000F0CB81022001F0FFF90446002800F0D3
:10C4C000BB811124B8E14168002900F0C08103203C
:10C4D00001F0F2F90446002800F0AE811124ABE12E
:10C4E0004168002900F0B5817F2001F0E5F904469C
:10C4F000002800F0A18111249EE14168002900F08C
:10C50000AA81802001F0D8F90446002800F0948127
:10C51000112491E14168002900F09F81812001F000
:10C52000CBF90446002800F08781112484E141689A
:10C53000002900F09481822001F0BEF90446002811
:10C5400000F07A81112477E100794D4B83F8FD00EA
:10C550004C4CA36D9847E36A984700246CE102793C
:10C56000474B83F88020002466E190F908308DF86D
:10C570000430434B93F875208DF80520072201A95C
:10C5800093F8400001F0D8FB08B9032454E16B682C
:10C590000193002201A93A4B93F8400001F0CCFB33
:10C5A000002800F05E81384B043595E8030083E8ED
:10C5B0000300002440E190F908308DF80430304B3E
:10C5C00093F875208DF80520072201A993F8400003
:10C5D00001F0B2FB002800F046812C4B043595E8B1
:10C5E000030083E80300002426E190F908308DF869
:10C5F0000430234B93F875208DF80520072201A9FC
:10C6000093F8400001F098FB002800F02E811C4BAD
:10C6100003F16C02043595E8030082E8030093F807
:10C62000FC30022B01D0002406E1A2F16C0393F848
:10C630001041002C00F00081124BDB6A9847FEF796
:10C640000FFF0024F8E090F908308DF804300C4B0F
:10C6500093F875208DF80520072201A993F8400072
:10C6600001F06AFB002800F00281094B043595E8CF
:10C67000030083E803000024DEE000BF4C2000201C
:10C680003C1A0020B8660208A01A0020E01A002018
:10C69000E81A00204368029301238DF80C3002A9A8
:10C6A0007C4B93F8400001F06EFB002800F0E18025
:10C6B0000024C1E04368029300238DF80C3002A9E6
:10C6C000744B93F8400001F05EFB002800F0D3802B
:10C6D0000024B1E00279531EDBB20E2B00F2CD80B4
:10C6E0006C4B83F860200024A6E04268694BDA6452
:10C6F0000024A1E04268674B1A6500249CE0426870
:10C70000644B5A65002497E04268624B9A650024A6
:10C7100092E042685F4BDA6500248DE090F90430C6
:10C720008DF80430062201A95A4B93F8400001F01D
:10C7300003FB002800F0A3809DF90420554B83F8EB
:10C74000C520002478E090F904308DF80430514B76
:10C7500093F874208DF80620052201A993F8400073
:10C7600001F0EAFA002800F08C809DF90420494B82
:10C7700083F8392000245FE090F904308DF804300C
:10C780000A2201A9434B93F8400001F0D5FA002892
:10C7900079D09DF904203F4B83F8C42000244BE05E
:10C7A00090F904308DF80430092201A9394B93F82F
:10C7B000400001F0C1FA002867D09DF90420354BF4
:10C7C00083F83820002437E04268324BC3F88420D5
:10C7D0005A64002430E002792E4B83F8882083F8D5
:10C7E0004820002428E042682A4BDA67002423E02E
:10C7F0004268284BC3F8BC2000241DE04068002894
:10C8000045D0FEF7A1FD044616E08379012B01D93E
:10C81000032411E042681F4BC3F80C21406800F06C
:10C82000E5FE044640B1112406E000F073FA044628
:10C8300002E0032400E00124204605B030BD0324BB
:10C84000FAE70324F8E70324F6E70324F4E70324D4
:10C85000F2E70324F0E70324EEE70324ECE70324E4
:10C86000EAE70324E8E70324E6E70324E4E70324F4
:10C87000E2E70324E0E70324DEE70324DCE7032404
:10C88000DAE70324D8E70324D6E70324D4E7032414
:10C89000D2E700BF3C1A002070B582B00023ADF88B
:10C8A0000030002800F0C5800546FFF7CFF918B129
:10C8B0000124204602B070BD00F0D2FC08B1012472
:10C8C000F7E700F0C7FCF8B15B4B012183F84D148A
:10C8D00093F8812442F0040283F881242B788DF8A8
:10C8E00004308DF8051000228DF807201C46013B0E
:10C8F0000D2B00F28480DFE803F00D8282333D428D
:10C900008282824B8273546A142200214B4805F0C4
:10C9100058F9D9E7484BD3F8403313F0200FC8D16A
:10C92000FEF7C4FE464C002295F9041094F840002E
:10C9300001F0FAFA84F8390007238DF80530FF205A
:10C94000FEF7D8FF044600285AD03D4E012295F943
:10C95000041096F8400001F0E7FA86F839004FE03D
:10C9600000226946022000F073FA0446002847D0EE
:10C97000132445E0A888FEF7E7FF044640E095F958
:10C980000C20D2B2A968A888FDF796F8044637E0D3
:10C99000002269460D2000F05BFA044680B31324A0
:10C9A0002EE0274B93F8FC300BB1022428E02C79C1
:10C9B00004F0070000F0A7F98DF800400122694655
:10C9C000102000F045FA0446D0B1132418E00022EC
:10C9D0006946122000F03CFA044688B113240FE0A7
:10C9E00001238DF8073000F07FF908B1012407E03A
:10C9F00000F077F9002000F079F9002400E002242B
:10CA00000D4BD3F884342B617CB100F023FC00285B
:10CA10007FF44FAF084B002183F8141493F881245E
:10CA200061F3820283F8812443E701A800F04EFB02
:10CA30003FE703243DE700BF4C200020982400205E
:10CA40003C1A0020002800F0AF802DE9F04788B0A4
:10CA50000D4600270446FFF7F9F8064618B10120F5
:10CA600008B0BDE8F08739468DF81070DFF84081D6
:10CA70001422404605F0A5F8012388F8013008F893
:10CA8000263CA8F587682378012B54D0032B69D066
:10CA9000002B79D1012688F811649DF8103002220C
:10CAA00062F347138DF8103094F80490D4F808A07E
:10CAB000A78994F90E8002238DF818303D4B93F826
:10CAC00074208DF81A2006A993F8400001F0F2F8BE
:10CAD000059040B24045B8BF4046002E5ED0354B71
:10CAE00093F8FE309BB98DF80C00324B93F874200C
:10CAF0008DF80E20052203A993F8400001F01CF9DF
:10CB0000002853D09DF90C202A4B83F8392000953A
:10CB10003B465246494604A8FFF708F8002838D19A
:10CB20002278254B83F8382493F8812442F00102BF
:10CB300083F8812433E0E37B082B28BF08231E4AB7
:10CB400082F811349DF81030042262F347138DF8F7
:10CB5000103094F80490D4F808A0A78994F90E80B6
:10CB60000126A8E70126144B83F811649DF81030C4
:10CB700043F0E0038DF81030D4F804A0278994F92D
:10CB80000A804FF0000996E74FF00008C246C14600
:10CB900091E7094B002283F8142400E00220064BA1
:10CBA000D3F8843423615BE703207047032057E701
:10CBB000842400203C1A00204C20002010B582B0B4
:10CBC00004468DF804000F2201A9054B93F840009C
:10CBD00001F0B2F810B1024B83F8004102B010BD71
:10CBE0003C1A00202DE9F04F89B00F4616461D462D
:10CBF00090F9109090F911B083682B6090F805803F
:10CC0000B8F1000F07D187F8009086F800B04046D1
:10CC100009B0BDE8F08F044602238DF81830837CFC
:10CC20008DF81A3006A9C07C01F044F805904FFA3F
:10CC300080FA4A46D145B8BF52460192D14504DC3C
:10CC400000232B6091469846DDE7A268A3899A42AB
:10CC500001D24FF00008E1890B449A4202D2DDF87C
:10CC60000490D0E708238DF8183006A9E07C01F085
:10CC700021F805904FFA80FBA368E289B3FBF2F13B
:10CC800002FB1133012B02D0DDF80490BBE7222315
:10CC90008DF81830019B8DF81930A37C8DF81A306F
:10CCA00006A9E07C01F006F805904FFA80F9CA4524
:10CCB000A9D194F80480B8F1000FA4D002238DF814
:10CCC000103002A9E07C01F025F84FF000089AE747
:10CCD00010B584780CB1002010BDFFF783FFFBE78F
:10CCE0007047704770477047002070477047704723
:10CCF00070470020704700207047002070470020D8
:10CD00007047002070477047704770470220704797
:10CD1000022070470220704770470020704770471C
:10CD2000704700207047002070477047704700230D
:10CD30000F2B04D8C25C22B901339BB2F8E7012063
:10CD4000704700207047000038B500252C010834DA
:10CD5000064B1C442046FFF7EAFF20B90135EDB22F
:10CD60000F2DF3D10024204638BD00BF54250020EC
:10CD700020B100220260426001207047002070470D
:10CD8000034660B169B102683AB15A6802B11160F4
:10CD900000220A605960012070470160F5E7002019
:10CDA00070470020704760B161B10068814202D1D4
:10CDB0000020704718460028FBD003688B42F9D149
:10CDC0007047704708467047B8B138B50C460546FD
:10CDD000A9B1FFF7E8FF2B68A34209D06B68A34213
:10CDE00009D008B12368036000232360012038BD07
:10CDF00023682B60F2E76860F3E7002070470020AB
:10CE0000F5E7052806D007D30838C0B2022805D9AF
:10CE100000207047012070470020704701207047B4
:10CE200030B108B51022002104F0CBFE012008BD6E
:10CE30000020704710B5054CFC220021204604F06C
:10CE4000C0FE2046FFF794FF002010BD54250020AF
:10CE500001B3F8B5054614460F46FFF775FF0646C1
:10CE6000D0B101460E48FFF78BFFB8B13571B46001
:10CE7000A2B23946701D04F08CFE2846FFF7C1FFB0
:10CE80003073074AD2F8F83023440133C2F8F8303F
:10CE90000020F8BD012070470220FAE70520F8E7DE
:10CEA00054250020A0B110B5044601460B48FFF7F9
:10CEB0008BFF78B1094AD2F8F830A1685B1A013BC0
:10CEC000C2F8F8302046FFF7ABFF28B1002010BDB4
:10CED000012070470320FAE70520F8E754250020D9
:10CEE0000A4B186820B1037B1BB10068FAE710BD3C
:10CEF000704710B50468FFF7D5FF20460028F6D02C
:10CF0000037B002BF6D00068F8E700BF5425002013
:10CF100038B5084B1C6800E02C464CB125682079D8
:10CF2000FFF76FFF0028F7D02046FFF7BBFFF3E7BE
:10CF3000002038BD5425002028B1044AD2F8F8203A
:10CF40000260002070470120704700BF5425002078
:10CF50002DE9F041164B1C682AB307468846164651
:10CF600019B3002194B17A1AA36801339A420DD300
:10CF70004D1CEDB2237973542289611D701904F0A0
:10CF800008FEA3681D44E9B22468EBE72CB12568CC
:10CF90002046FFF787FF2C46F8E74046FFF7CCFF17
:10CFA0000020BDE8F0810120FBE70120F9E700BF88
:10CFB00054250020014670B1084B1B680022027006
:10CFC0003BB11A7B0AB91B68FAE701230B700020FA
:10CFD0007047002070470120704700BF5425002093
:10CFE000831E112B0AD8DFE803F0230B0D240F1149
:10CFF00013151709091909091B1D1F210020704766
:10D0000005207047022070470120704706207047B6
:10D0100002207047022070470520704706207047A5
:10D020000120704705207047042070470420704796
:10D0300003207047034B984201D0043070470248E8
:10D04000704700BF6C2600205C26002008B100203D
:10D05000704701207047042801D800207047012044
:10D0600070470000F8B506460C460D4B93F820704B
:10D070003846FFF7EBFF70B90025AF4209D9237896
:10D08000B3420AD02046FFF7D5FF04460135EDB282
:10D09000F3E70020F8BD0020FCE72046FAE700BFD8
:10D0A0005026002010B5084C2060002384F8203062
:10D0B00004F10C006060A0601422FF2104F081FDE7
:10D0C000012384F8213010BD5026002038B50546D4
:10D0D0000F4B93F82000FFF7BEFFB8B90C4CA368C4
:10D0E0002A781A70A3686A785A70A368EA78DA70A6
:10D0F000A36800229A7094F82030013384F820301D
:10D10000A068FFF797FFA060012038BD0020FCE772
:10D110005026002038B5094B93F820402046FFF7F1
:10D1200095FF48B9054D013C85F820406868FFF738
:10D1300081FF6860012038BD0020FCE750260020F8
:10D1400038B505460C46084B93F82000FFF77EFFE4
:10D1500048B9054B9A6859682046FFF783FF10B11C
:10D1600045700122827038BD5026002010B504465B
:10D17000094B93F82000FFF769FF40B9064B9A6806
:10D1800059682046FFF76EFF18B1407800E0012093
:10D1900010BD0120FCE700BF5026002038B5054631
:10D1A0000C4B5C6883F8210093F82000FFF74EFFDA
:10D1B00050B138BD0123A3702046FFF73BFF044662
:10D1C000044B9B688342F4D06570E378002BF3D165
:10D1D000F0E700BF5026002008B5044B9A68596854
:10D1E000FFF740FF00B1012008BD00BF502600201E
:10D1F000F0B583B00646164B93F8207000240DE07E
:10D200001A788DF804205A788DF80520DB788DF88F
:10D210000730FFF77FFFA5B10134E4B2BC4214D25E
:10D220000B4B5A68127832705A68527872705B6889
:10D230009D78002DE4D0064B1B689B6830469847CC
:10D24000E7E701A8FFF742FFE6E703B0F0BD00BF44
:10D2500050260020014B93F82000704750260020F4
:10D2600008B5034B93F82000FFF7F5FE08BD00BF9B
:10D270005026002010B4019C0299039ADAB184462A
:10D2800049201070002050709070D0701071537150
:10D290009471230AD371230C1372240E5472917269
:10D2A0000B0AD3720B0C1373090E5173907382F82F
:10D2B0000FC010BC70470A20FBE700000023012BC1
:10D2C0000DD8084A12F82320824202D00133DBB283
:10D2D000F5E7044A02EB83030B60002070470C2043
:10D2E000704700BF0C0300200B4609B30138032828
:10D2F00020D8DFE800F0020910170F4A1268116900
:10D3000019601162002070470B4A12685169196058
:10D31000116200207047084A126891691960116211
:10D3200000207047044A1268D2690A6000207047E2
:10D330000A207047052070477426002010B582B07F
:10D340000C460023019301A9FFF7CEFF48B9019BCA
:10D35000A34209D3B3F1FF3F01D0002002E0012036
:10D3600000E0002002B010BD0120FBE701380328D7
:10D3700012D8DFE800F002060A0E084B1B6819619C
:10D380007047064B1B6859617047044B1B689961D5
:10D390007047024B1B68D961704700BF742600209C
:10D3A0000A4B1A680023D3604FF0FF3111615161BD
:10D3B00091611162002B00DD7047991D02EB810124
:10D3C0004FF0FF3048600133F4E700BF74260020BF
:10D3D0002DE9F04188B0119EF0B10C4615461A4671
:10D3E0008046DEB1B1F5807F1AD804AF0297109B5A
:10D3F00001930F9B00939DF8383029462046FFF794
:10D4000039FF00962B4622464146384604F05EFA24
:10D4100040B908B0BDE8F0810A20FAE70A20F8E731
:10D420000E20F6E70F20F4E710B584B00024009436
:10D43000019402940394022803D0032825D00B20E2
:10D4400021E001248DF800408DF80110C1F307247C
:10D450008DF80240C1F307418DF803108DF80420C8
:10D46000C2F307218DF80510C2F307428DF806209C
:10D470008DF807301B0A8DF80830024601216846F6
:10D4800004F0C4FA28B904B010BD02248DF800409D
:10D49000DAE70F20F7E72DE9F04188B090460F9AC0
:10D4A000002852D00D46044600260496059606969E
:10D4B0000796009601960296039601278DF8007054
:10D4C0009DF838108DF805108DF80630190A8DF882
:10D4D0000710190C8DF808101B0E8DF809308DF807
:10D4E0000A20130A8DF80B30130C8DF80C30120E35
:10D4F0008DF80D2014E0F218A05C03F120016944BE
:10D5000011F8101C4840A0540133DBB22A46102DFC
:10D51000A8BF10229342EEDB103D2DB21036F6B2BA
:10D52000002D0EDD8DF80F700137BFB204AB4246FF
:10D530001021684604F0EFF903460028E6D00F20DA
:10D5400000E0002008B0BDE8F0810A20FAE770B3DF
:10D550002DE9F041C8B00C4615461E468046B1F58F
:10D56000807F26D804AF4FF488720021384604F03B
:10D5700028FB0297509B01934F9B00939DF83831F5
:10D58000324629462046FFF775FE2246414608A846
:10D5900004F0FFFA04F110012B46519A89B2384683
:10D5A00004F0A3F930B1012804D00F2002E00A20D2
:10D5B00070470E2048B0BDE8F081000088B110B57A
:10D5C000094C20602822002104F0FBFA2368012284
:10D5D000DA709A705A7000241C70FFF7E1FE204642
:10D5E00010BD0920704700BF74260020024B1B6845
:10D5F00018600020704700BF7426002030B1044B33
:10D600001B68DB6801330360002070470A20704705
:10D610007426002070B582B014460022019263B3D4
:10D620000D461E4601A9FFF75FFEB8B9019BB3F195
:10D63000FF3F15D09AB2A21A002A13DD13443360BB
:10D64000104B1B689A784AB9336801995B1A61EBF1
:10D650000101AB4271F1000111DA104602B070BD58
:10D660003460EDE732B16FF30F03234403F58033E9
:10D670003360E5E733600720F0E70A20EEE7082093
:10D68000ECE700BF74260020014608B90A20704765
:10D690000023002B01DD00207047064A12682C2071
:10D6A00000FB031003F1060C02EB8C020432026251
:10D6B0000133EEE77426002000B310B584B00446B1
:10D6C0000023039303A804F001FA104B1A68BDF875
:10D6D0000C309380E382204600F033FA80B9234671
:10D6E00053F8181B00930123132204F0EFF850B9EC
:10D6F000204600F026FA20B1112002E00A207047EF
:10D70000112004B010BD0F20FBE700BF74260020DD
:10D71000002B36D030B585B004461D461D4B1B6826
:10D72000DB6883422FD895F8202042B30322A3421E
:10D7300009D2019400230093AB6895F82810686A19
:10D74000FFF7A9FE10BB284600F031FAE8B92979A5
:10D7500004392B4653F82C0B03930294AB680193C6
:10D7600000230093022289B2FFF732FE70B92846E7
:10D7700000F01DFA60B9074B1B68DC6006E002226E
:10D78000D5E70A207047062000E0112005B030BD23
:10D790001120FBE7742600202DE9F04387B00E9E90
:10D7A000002E49D00546884617461C4619461046A5
:10D7B000FFF7C4FD002841D0304600F063F900288F
:10D7C00041D105A92846FFF779FD0546002836D145
:10D7D000059B93F801909A78B368434535D1337B24
:10D7E000C3F340131A490968897801B900233179D4
:10D7F0000439F06A03900294CDF80480012000906F
:10D8000089B23068FFF7A3FE0546C0B996F820300C
:10D810000BB94FF0020901940123009343464A4695
:10D8200096F82810706AFFF736FE054638B921468B
:10D830003846FFF79BFD02E00A2500E00625284652
:10D8400007B0BDE8F0831025F9E70225F7E700BF30
:10D8500074260020B1B900B585B08C460023009332
:10D86000019302930393012808D00422614668467D
:10D8700004F0CCF840B905B05DF804FB20238DF826
:10D880000030F2E70B2070470F20F4E7042801D0A6
:10D890000B20704700B585B00023009301930293DD
:10D8A00003937F220146684604F0B0F810B905B032
:10D8B0005DF804FB0F20FAE710B5044604F064F8A5
:10D8C00078B904B110BD094B1B6821469878FFF761
:10D8D000C1FF40B90420FFF7D9FF0028F2D00F2084
:10D8E000F0E70F20EEE70F20ECE700BF74260020E2
:10D8F000002A66D02DE9F0418EB006460D4614464A
:10D90000002960D00DF114082122002140460BF0BF
:10D91000A6F800238DF81330304B1B689F880DF15B
:10D9200013030293CDF804802379009323683A46C9
:10D930002946304604F08AF8002846D1227941462B
:10D94000206804F026F9204600F04AF8002840D16B
:10D95000A579E37945EA0325237A45EA03451F4B78
:10D960001B689A68AA4236D09D6000219DF813007A
:10D97000FFF770FF50BB0420FFF788FF30BB637ACE
:10D98000A27A43EA0223E27A43EA02443B46224671
:10D9900029460320FFF748FDC0B93B4622462946E9
:10D9A0000220FFF741FD88B90C4B1B689DF813203E
:10D9B0009A700022DA604FF0FF329A611A615A6160
:10D9C00004E00A2070470A2000E00F200EB0BDE8F6
:10D9D000F0811020FAE70320F8E700BF742600204A
:10D9E000002849D010B504460168002946D011F836
:10D9F000013B43710322063004F0CBF8204650F877
:10DA0000091B0322043104F0C4F82168CB79E360D8
:10DA10000A7A43EA0223E3604A7A43EA0243E36074
:10DA20008A7A43EA0263E360CB7A23740B7B6374E4
:10DA30002379212B18D0112B22DC0D22216802F131
:10DA4000010C8B5C6362901C11F80CC043EA0C2340
:10DA500063620332085C43EA004363628A5C43EA20
:10DA600002636362002010BD10220D3104F1120028
:10DA700004F08FF81D22E1E7022070470220F2E750
:10DA80000120F0E7002858D010B5044601680029AD
:10DA900055D00B7843714B7883608A7843EA022330
:10DAA0008360CA7843EA024383600A7943EA0263E7
:10DAB00083604B7903738B79C381CA7943EA02236C
:10DAC000C381027B02F00F020831103004F061F8CC
:10DAD000237B03F00F0303F10800002284F82020C9
:10DAE00084F828202279111A042916DC2268237967
:10DAF0001A4412F8043CE36212F8031C43EA0123BF
:10DB0000E36212F8021C43EA0143E36212F8012CBB
:10DB100043EA0263E362002010BD21680933085C18
:10DB200084F82000D21AD2B2043AD2B284F8282063
:10DB30001944606A04F02DF8D8E7022070470220EB
:10DB4000EAE770B310B50446036863B30279162A96
:10DB50002BD942791A70014651F8060B0822013080
:10DB600004F022F8214651F80E0B0822093004F087
:10DB70001BF8E28A23685A74E38A22681B0A9374AA
:10DB8000A2692368DA74A3691B0A22681375628B81
:10DB900023685A75E27E23689A7517232371002043
:10DBA00010BD012070470120FAE70220F8E70028A5
:10DBB00066D038B504460168002963D0027B02F0C4
:10DBC0000F0202F1080094F828300BB102F10900AD
:10DBD000034404339BB222799A4255D363790B7084
:10DBE000A26823685A70A3681B0A2268937062892E
:10DBF0002368DA70E27A23681A712368227B5A71EB
:10DC0000E28923689A71E38922681B0AD37121464D
:10DC100051F8100B227B02F00F02083003F0B9FF1D
:10DC2000237B03F00F0303F1080594F828202AB1A1
:10DC3000226894F82010515503F10905206894F8E2
:10DC40002820616A284403F0A4FF94F828302B446C
:10DC5000E06A21685A1C92B2C854E16A080A256831
:10DC6000991C89B2A854E58D2068DA1C92B24554FB
:10DC700094F82F002168043388542371002038BDA4
:10DC8000012070470120FAE70220F8E770470020E2
:10DC9000704700207047052806D007D30738C0B268
:10DCA000012805D9002070470120704700207047E7
:10DCB0000120704700B583B0034608460022009259
:10DCC000072B0AD0082B0CD0052B0ED100F062FEDA
:10DCD0000190019803B05DF804FB01F059FC01903C
:10DCE000F7E702F069FA0190F3E7009B0193F0E790
:10DCF00008B503460846072B06D0082B07D0052B8E
:10DD000001D100F009FF08BD01F008FDFBE702F0BA
:10DD10002FFBF8E708B503460846072B06D0082B6B
:10DD200007D0052B01D100F015FF08BD01F014FD4F
:10DD3000FBE702F03BFBF8E708B50346084611464F
:10DD4000072B06D0082B07D0052B08D100F06CFF5D
:10DD500008BD01F063FDFBE702F0CEFBF8E7002011
:10DD6000F6E708B503460846072B06D0082B07D070
:10DD7000052B01D101F024FB08BD02F00BF9FBE7F4
:10DD800002F0EAFBF8E708B503460846072B06D081
:10DD9000082B07D0052B08D100F08CFF08BD01F03F
:10DDA0007FFDFBE702F018FCF8E70020F6E708B576
:10DDB0008446084611461A46BCF1070F09D0BCF14B
:10DDC000080F0AD0BCF1050F02D1029B00F090FFB2
:10DDD00008BD029B01F082FDFAE7029B02F040FCC5
:10DDE000F6E708B5034608461146072B06D0082B70
:10DDF00007D0052B08D100F0B1FF08BD01F0A4FD4C
:10DE0000FBE702F05BFCF8E70020F6E708B5844684
:10DE1000084611461A46BCF1070F08D0BCF1080F9E
:10DE200008D0BCF1050F08D101F01CF808BD01F0C5
:10DE30000FFEFBE702F09CFCF8E70020F6E700B5D8
:10DE400083B08446084611461A46BCF1070F0DD030
:10DE5000BCF1080F10D0BCF1050F13D1059B009346
:10DE6000049B01F097F803B05DF804FB059B009359
:10DE7000049B01F085FEF6E7059B0093049B02F0EE
:10DE8000F1FCF0E70020EEE708B503460846072B53
:10DE900006D0082B07D0052B08D101F041F908BDA9
:10DEA00001F03CFFFBE702F02BFEF8E70020F6E76D
:10DEB00008B503460846072B06D0082B07D0052BCC
:10DEC00008D101F0BEFA08BD02F0A5F8FBE702F0A8
:10DED00042FEF8E70020F6E708B503460846072BA0
:10DEE00006D0082B07D0052B08D101F03DF908BD5D
:10DEF00001F035FFFBE702F031FEF8E70020F6E71E
:10DF000008B503460846072B06D0082B07D0052B7B
:10DF100008D101F02DF908BD01F024FFFBE702F064
:10DF200020FEF8E70020F6E708B50346084611464C
:10DF3000072B06D0082B07D0052B08D101F040F99C
:10DF400008BD01F02FFFFBE702F00EFEF8E700200E
:10DF5000F6E708B58446084611461A46BCF1070F95
:10DF600009D0BCF1080F0AD0BCF1050F0BD1029B00
:10DF700001F028F908BD029B01F016FFFAE7029BA9
:10DF800002F018FEF6E70920F4E708B50346084654
:10DF9000072B06D0082B07D0052B01D101F07CFA06
:10DFA00008BD02F063F8FBE702F0B6FEF8E708B53B
:10DFB0008446084611461A46BCF1070F08D0BCF14A
:10DFC000080F08D0BCF1050F08D101F093FA08BD85
:10DFD00002F07AF8FBE702F0D3FEF8E7C8B2F6E702
:10DFE00000487047000300018C46A9B1B2B100237C
:10DFF000137001E00133DBB2072B0BD840FA03F1B9
:10E0000011F0010FF6D011780CF8013011780131C0
:10E010001170EFE70020704703207047032070471E
:10E02000F0B585B00023029303938DF807300028E4
:10E030003ED00D461746064600293BD0002A3BD06D
:10E040000C7817E036F81300000A19E001390020B7
:10E0500003F092FD00F110030DEB030010F8083CF3
:10E0600003EBC4033B7016E09DF80730CBB92A7868
:10E07000A24216D0630814F0010FE3D116F8130082
:10E080000DF1070202A9FFF7AFFF03280BD09DF89F
:10E0900007100029DAD10134E4B2072CE4D90024B6
:10E0A000E2E713B9032005B0F0BD2C700020FAE7B9
:10E0B0000320F8E70320F6E70320F4E702FB001053
:10E0C000704782B00DF1080C0CE90C00008899B97A
:10E0D0001346B2F5616F06D349F6AF22934208D8D2
:10E0E0004FF47A7300E06423984238BF184602B0B8
:10E0F000704742F21073F7E70028F8D10120F6E7E5
:10E1000084460023184601E00133DBB28B4207D27C
:10E1100001229A4032EA0C02F6D10130C0B2F3E794
:10E12000704700002DE9F04389B004460E4602AD69
:10E1300085E80C009DF840809DF8449095E8030028
:10E1400006F02CFD074600230493059395E80C0088
:10E1500031462046FFF7B5FF0546002E4CD1642816
:10E1600025D0B0F57A7F25D0274EA16806A806F005
:10E1700035FD079B0093069B02AA06CA04A806F079
:10E1800094FCB8F1000F02D1B9F1000F02D023695D
:10E19000B34212D0E660029B1C4A934212D86368D5
:10E1A00003B9E6602661284609B0BDE8F083A760A0
:10E1B000174EDAE7A760174ED7E7049A164B9A4234
:10E1C000EDD9E7E7A3F5F633303B144AA2FB03236E
:10E1D0001B0C0493124A02FB03F3049303F5F6337A
:10E1E000303304930023ADF8143004AB93E80300FC
:10E1F00006F0D4FCA060D2E7B8F1000F02D1044EC3
:10E20000E660CCE7024ECAE7002E93022FEC010035
:10E2100040771B0080A812017F51010007452EC2E4
:10E220008051010070B582B004460E460193009201
:10E2300006AB0CCBFFF776FF05464EB9E2682369C3
:10E240009A4200D9E360089B6360284602B070BD23
:10E25000606806F023FDE3680344E360EEE788426C
:10E2600003DB904203DD002070470020704701204F
:10E2700070472DE9F04782460E469046DDF824901F
:10E280009DF9202019464046FFF7E9FF38B30025E5
:10E290002F461EE00134E4B20F2C16D836F81530A4
:10E2A000234113F0010FF5D03B1903EB430309EBB6
:10E2B0008303197A0A0901F00F014046FFF7CFFFE7
:10E2C0000128E7D10120BDE8F0871037FFB2013502
:10E2D000EDB2574501D20024DEE70020F3E700202D
:10E2E000F1E71309B3EB111F13D300B584464FEACE
:10E2F000111E91420FD230F81E3001F00F010120A3
:10E3000000FA01F1C94309B20B402CF81E305DF848
:10E3100004FB002070470020F9E7F8B588B10C46EF
:10E3200016460746002508E0102137F81400FFF7CD
:10E33000E7FE0544EDB20134E4B2B442F4D328461A
:10E34000F8BD0025FBE7844658B109B1002306E07B
:10E35000704731F813002CF813000133DBB29342FD
:10E36000F7D3704782B038B504460D46114604AA6B
:10E3700042F8043F0CCAFFF7A4FEE36805FB00F176
:10E380008B4205D95B1AE360BDE8384002B07047A4
:10E390000023E360F8E700002DE9F04F89B007465D
:10E3A0008B46914698469DF848A006F06DFC049077
:10E3B000002426464FF0FF33059305E001232B751B
:10E3C0001E44F6B20134E4B24C455DD204EB440580
:10E3D0000BEBC505049B029313AB93E803008DE898
:10E3E00003005346424639462846FFF71BFF159B5C
:10E3F00003FB00F3EA689A42E0D8B8F1000F01D1BC
:10E40000002FDBD1002129752969994207D99B1A70
:10E41000059A9A4228BF1A4605920136F6B2002F95
:10E42000D0D100230693ADF81C30642824D0B0F579
:10E430007A7F25D0194B0693139B184A93420CD927
:10E44000A3F5F633303B164AA2FB03231B0C154AF7
:10E4500003FB0222069B1344069306AD149B009314
:10E46000139B95E80600284606F01FFB95E803007D
:10E4700006F094FB0590A5E74FF461630693DBE794
:10E4800049F6B0230693D7E71EB1059809B0BDE859
:10E49000F08F4FF0FF330593F7E700BF30EC01003A
:10E4A00007452EC2805101000378032B01D00020C4
:10E4B0007047437890F901204A7003F00F028A7088
:10E4C0001B094B7083788B80C27843EA02238B80D0
:10E4D00003790B70C3F30212CA7003F00F030B70C1
:10E4E000052070472DE9F04F85B004460F461646CB
:10E4F0001D4690F8048090F906A090F9079090F9D5
:10E5000008B043792BB990F90BB090F909A090F9B4
:10E510000A90B8F1000F09D187F800A086F80090A2
:10E5200085F800B0404605B0BDE8F08FA3690193BF
:10E5300094F91530009394F9143052462169207BE8
:10E54000FFF797FE08B908F0FD0894F91D30039312
:10E5500094F91C201C4619464846FFF780FE18B95E
:10E560004C450ADC08F0FB08B8F1070FD4D1BBF129
:10E57000000FD1D14FF0010BCEE7DDF80C90F3E79F
:10E58000024B03FA00F0B0FBF1F0704740420F007D
:10E590004FF4FA53B3FBF0F07047000000B5A1F15F
:10E5A000040C4FF47A7E0EFB02F200FB0C225200A8
:10E5B00021D00244013AB2FBF0F2914238BF114639
:10E5C000019A1160820001FB00F0B8B101304008EF
:10E5D000121A4FF47A7101FB1323002B10DD03F2A2
:10E5E000E7330B4A82FB0312DB17C3EBA213029A39
:10E5F00013605DF804FBB2FBF0F2DEE74008E7E7EA
:10E60000034A82FB0312DB17C3EBA213EFE700BF41
:10E61000D34D621038B50D4614464000F2F7D2FBD8
:10E6200001462846F2F71CFB2146F2F719FBF1F7E9
:10E6300073FF0EF075F9F2F777FA40B238BD2DE9A5
:10E64000F04F83B005468B4600930026B046B24695
:10E65000B146019249E03A7A42F3030142F30312D0
:10E6600052B249B295F90100FFF7F9FD78B1EA68B5
:10E670007B7A03EB430302EBC302137D53B309F12F
:10E68000010308EB04020BF809205FFA83F9013457
:10E69000E4B20F2C23D86B68720033F81630234194
:10E6A00013F0010FF3D0A86808EB040303EB430356
:10E6B00000EB830750F82330002BE8D02B78002B99
:10E6C000C9D16B69002BC6D09B5A234113F0010FAF
:10E6D000C1D1DCE70AF1010A5FFA8AFAD7E708F14B
:10E6E00010085FFA88F80136F6B22B8A984501D2F5
:10E6F0000024CEE7019F87F80090009B83F800A0DC
:10E7000003B0BDE8F08F2DE9F04385B004460F4615
:10E7100016461D46DDF83080DDF83490406806F07E
:10E72000BDFA23681B1AC9F80030012388F80030AD
:10E7300000232B70636813B1236883421ED8002323
:10E740003B60E369D3F80CC01F78A369039301AB66
:10E7500004F10C0292E8030083E80300237D009398
:10E76000237A627A61463846FFF716FEC9F8000040
:10E7700043462A463146E069FFF761FF2B7823B90B
:10E7800098F800303BB10B2002E00020C9F80000EF
:10E7900005B0BDE8F0830C20FAE770B582B00546FD
:10E7A00090F9004090F90260A64211D0013C64B299
:10E7B000A6420ED0AB68019395F901300093334621
:10E7C00022466968E878FFF754FD0028EED000E0A3
:10E7D0003446204602B070BD8842B8BF0846704734
:10E7E00051F82030054A934204D0054A934203D1A0
:10E7F00002207047012070470020704790D003002E
:10E8000020A1070070B58AB086460D4616460DF168
:10E81000100C124C0FCCACE80F0094E803008CE80D
:10E820000300BEF1050F0FD8029601950AAB03EB6A
:10E830008E0E5EF8183C0093094B01220021022045
:10E8400005F01EFF0AB070BD01960095054B012230
:10E850000021022005F014FFF4E700BF80DD01086D
:10E86000E05A0208005B020800B583B001910090F5
:10E87000044B01220021022005F002FF03B05DF8E5
:10E8800004FB00BF1C5B020838B504460D461B4B59
:10E890001B6A984730B11A4B23441A4A934202D854
:10E8A00002232B7038BD184B2344184A934202D8D8
:10E8B00000232B70F6E7164B2344164A934202D8E6
:10E8C00001232B70EEE7144B2344144A934202D8E1
:10E8D00005232B70E6E7124B2344124A934202D8D9
:10E8E00003232B70DEE7104B2344104A934202D8D7
:10E8F00004232B70D6E70020D4E700BFB8660208D7
:10E9000040AA8FCC7F841E00C02571CCC0C62D00CC
:10E91000FF5E43CCBF270900A0B038CC20A1070080
:10E9200040022ECC90D00300606E29CCE09304000E
:10E9300070B584B005460C46134B1E561349FFF7BD
:10E940004FFF0146072D0ED0114B5D6A0120039049
:10E95000E4B2029400230193082300930346324655
:10E96000A84704B070BD0A4B5D6A01230393E4B26B
:10E970000294002001900523009303464FF47A721D
:10E9800006FB02F2A847ECE7E8620208C862020848
:10E99000B866020800B587B00023049303780B3BE8
:10E9A0002E2B30D8DFE803F034373A4046494D513A
:10E9B00055595D612F6A2F6D73797C2F2F808418D4
:10E9C0002F2F2F2F2F2F2F2F2F2F2F2F2F878A9142
:10E9D0002F2F94972F9AA00090F901308DF80430D2
:10E9E00007238DF8053000238DF8063010238DF8AD
:10E9F0000730414B1B6803F558720292039301A83C
:10EA0000FFF7CBFE04900498059007B05DF804FB77
:10EA100040230493F7E720230493F4E790F90130AF
:10EA2000364AD35C0493EEE790F90130344AD35C64
:10EA30000493E8E701230493E5E740F6B833049331
:10EA4000E1E74FF47A730493DDE74FF4FA6304933C
:10EA5000D9E741F288330493D5E741F27073049308
:10EA6000D1E74FF480430493CDE74FF47A71254802
:10EA700003F082F800F5FA600490C4E7224B049397
:10EA8000C1E71D4B1B6803F558730493BBE71A4B92
:10EA90001B6803F55B730493B5E710230493B2E797
:10EAA000154B1B680493AEE74FF083430493AAE72A
:10EAB000164B0493A7E7144B0493A4E711238DF896
:10EAC000103002238DF811309DE7032304939AE759
:10EAD0000D4B049397E70323049394E790F90130D7
:10EAE0000B4AD35C04938EE70A4990F90100FFF7C3
:10EAF00077FE049087E700BF78260020C0620208F6
:10EB0000B862020818FCFFFF08E6D3339A9909405F
:10EB1000E8620208C862020810B582B00B4B1C689C
:10EB20000B4B1A68037803EB430302EB83035B7A16
:10EB300003EB430C03690093C3684278816804EBDC
:10EB4000CC00FFF70FFC02B010BD00BF7C260020F8
:10EB50007826002010B5A4B0044690220021684613
:10EB600009F07DFF6423ADF80030ADF818304FF4A4
:10EB70007A72ADF830200A21ADF84810ADF8603057
:10EB8000ADF87820237A012B2FD0022B3CD0002B1C
:10EB900038D12068002835D063689BB31F4A1060C5
:10EBA0001F4C23609022694602F0F3FF24681D4B3E
:10EBB00093E8070084E8070004F10C0C03F10C0251
:10EBC00007CA8CE8070004F1180C183393E8070013
:10EBD0008CE807000723A4F86C33012204F55B716D
:10EBE00004F55870FFF7AFFB0CE00D4B18680023DD
:10EBF00043600361C361012200F55B7100F5587049
:10EC0000FFF7A1FB24B010BD054B1B68B3F86023D0
:10EC1000B3F86C130A43A3F86023F3E77C260020C3
:10EC20007826002098DD010800B583B00F293CD874
:10EC3000DFE801F00A3B3B3B3B131D273B31313BF7
:10EC40003B3B3B08012031E000238DF807300DF1FC
:10EC500007010068FFF718FE28E00722002190F95D
:10EC60000000FFF7FCFA003818BF01201EE0052263
:10EC7000002190F90000FFF7F2FA003818BF0120D8
:10EC800014E00722002190F90000FFF7E8FA0038AD
:10EC900018BF01200AE00722002190F90000FFF7C9
:10ECA000DEFA003818BF012000E0002003B05DF854
:10ECB00004FB000008B503791BB1012B0BD0002029
:10ECC00008E00A4B1B680122016803F55870FFF742
:10ECD0003AFB012008BD054B1B680122016803F5C2
:10ECE0005B70FFF730FB0120F4E700BF78260020BF
:10ECF000F0B583B00E4617461C460728A8BF07206C
:10ED000058701349FFF76CFDA07094F90130072B80
:10ED100017D00F4A52F823100E4AD05CFFF730FC90
:10ED200005460D4BDB6D9847034604F10C0201923A
:10ED3000083400943A4631462846FFF72FFC03B0CA
:10ED4000F0BD044AD05CFFF723FC0546E9E700BFAD
:10ED5000C8620208E8620208B86602082DE9F047B6
:10ED60008AB004460F4690F90150D0F80480374B22
:10ED70005B689847002867D10646E37C83B9344B2B
:10ED80001A68237803EB430152F8211003EB430385
:10ED900002EB8302D2F80480B8F1000F00D188465C
:10EDA0002C4B13F90590294BDB6840469847072DFB
:10EDB0002BD0264BD3F818A0A37C099301260896E4
:10EDC00000230793069305930493039322890292E9
:10EDD00008220192009333464A46A1783046D04734
:10EDE000637C002B2DD01C4B595D184B5B6D0D3196
:10EDF000C9B2304698472A464146E07CFFF702FDFB
:10EE00003D7001200AB0BDE8F087104BD3F818A080
:10EE1000A37C099300200890079006900123059396
:10EE20000490039023890293052301930B4B0093D5
:10EE300003464FF47A7202FB09F24CF25031D0478C
:10EE4000CEE7074B595DD0E70020DBE7B866020844
:10EE500078260020E8620208B862020885450100B1
:10EE6000C06202082DE9F04F8DB004460F4690466F
:10EE700090F90130424A12F903A0424B1A68424D00
:10EE80002968037803EB430301EB83014B7A03EB1F
:10EE9000430302EBC30393F9021090F90200FFF75A
:10EEA0009BFC0646394994F90100FFF799FC81461D
:10EEB000A26861683046FFF7ADFB0B90344BDA680F
:10EEC0002968237803EB430351F82300904794F912
:10EED0000130072B31D02E4BD3F81CB04FF47A639E
:10EEE0000893002207920692059201250495039249
:10EEF000082302930195CDF800A04B460B992846B4
:10EF0000D847214B1A68237803EB430394F9011087
:10EF100052F82300FFF7A8FCA18994F90100FFF73C
:10EF200007FDC8F800001A4B5B6D217B2846984707
:10EF30003E7001200DB0BDE8F08F154BDD694FF438
:10EF40007A7303FB0AF34FF47A6208924FF0000AD7
:10EF5000CDF81CA0CDF818A0CDF814A00122049281
:10EF6000CDF80CA005220292CDF804A000934B46E8
:10EF700046F2A8120B995046A8475546C1E700BF74
:10EF8000E86202087C26002078260020C862020879
:10EF9000B86602082DE9F0438FB0054689469046D1
:10EFA0001F4600240C94ADF83440ADF82E400726DF
:10EFB00030E04FF0000C072612E0584A12680CEBC4
:10EFC0004C0152F821203AB1012202FA0CF2BDF8AC
:10EFD0002E100A43ADF82E200CF1010C5FFA8CFCC8
:10EFE000BCF10F0F16D8062BE7D0BDF82EE04EFA75
:10EFF0000CFE1EF0010FEFD0484A12680CEB4C01DA
:10F0000052F82120002AE7D106F0FE06E4E70626A2
:10F0100000E006262B7AA34219D968680CA920447F
:10F02000FFF742FA034690B12344DCB2BDF8342026
:10F03000ADF82E209DF833300BB9002AE7D05A1EC8
:10F04000D2B2042AE5D9062BB3D90626E2E7022379
:10F050008DF828306B7A8DF82A300AA8FFF79AFCD1
:10F0600009908DF80860AB7A8DF809309DF9313040
:10F070008DF80A309DF932308DF80B309DF8303024
:10F080008DF80C3095F90B308DF80D3095F90C306A
:10F090008DF80E3095F90D308DF80F3010238DF866
:10F0A00010300DF12E0305938DF8180007238DF80D
:10F0B00019301A4A126807928DF8203000238DF813
:10F0C00021302B6801930CAB0DF132020DF13101AF
:10F0D00001A8FFF707FA0546072810D09DF931303F
:10F0E00089F800309DF9323088F800309DF83030D2
:10F0F0003B70169B1C7028460FB0BDE8F083074E8E
:10F1000030680C22002100F5587002F05AFD336877
:10F11000BDF82E20A3F86023E0E700BF782600208A
:10F1200030B583B0044600238DF807300DF1070198
:10F130004068FFF7A9FBA8B107250722002194F931
:10F140000000FFF78CF808B905F0FD050522002145
:10F1500094F90100FFF783F808B905F0FB0528468C
:10F1600003B030BD0625E8E74FF0FF3070470000E0
:10F1700010B582B0044600238DF807300DF1070169
:10F180004068FFF781FB68B103200C4B1A682378B5
:10F1900003EB430152F8211031B900F0FD0040B2F9
:10F1A00002B010BD0220F0E70328F8D1616803EB3C
:10F1B000430302EB83025160F1E700BF7826002091
:10F1C00070470000F0B597B004460F4616461D463E
:10F1D00000218DF857108DF856101191129113914E
:10F1E00014910723ADF80A30344B1868012200F55A
:10F1F0005870FFF792F838B9304B1A68B2F860339C
:10F2000043F00703A2F86033637A8DF80C30237A59
:10F210008DF80D30294B1B6803F558720492059345
:10F22000274B1B6806931023ADF81C300DF10A0321
:10F2300008932368099363680A93A37A8DF82C30A6
:10F2400006238DF82D300CAB04F10C0292E803007C
:10F2500083E80300237D8DF83830E18A94F90800B3
:10F26000FFF766FB0F9003AB109301960DF1560369
:10F2700000930DF1570311AA294609A8FFF743FA95
:10F28000044620B10C280FD0204617B0F0BD9DF8E1
:10F290005710013902F070FC00F158030DEB030028
:10F2A00010F8143C3B70EFE7044B1A68B2F8603377
:10F2B00043F00703A2F86033E6E700BF782600209A
:10F2C0007C260020F0B583B000238DF80730057947
:10F2D000022D4ED904460F2D4DD80368187A40F3FD
:10F2E00003000722002140B2FEF7B9FF08B3002651
:10F2F0002368187A40F303100722002140B2FEF77A
:10F30000AEFF00B901262068037A43F3030252B22C
:10F3100043F303135BB29A4200DD01260DF10701AE
:10F320000068FFF7B1FA30B1002336B133B30620DD
:10F3300022E00126DCE70123F7E70BBB114F3B6816
:10F340006E0005EB45000C22216803EB800002F003
:10F3500020FC3B682E4403EB86069DF80720727262
:10F36000B3F860230121A9400A43A3F860230020D9
:10F3700002E0062000E0032003B0F0BD0520FBE71B
:10F380000420F9E7782600200178022901D800201E
:10F39000704708B5094B186801EB41034FEA830C2D
:10F3A00000EB8303002240F80C205A609A60102280
:10F3B00000F55870FEF795FF08BD00BF78260020C5
:10F3C00070B586B050238DF814300379102B36D1E8
:10F3D00006460368DD7B002D31D103241BE0326833
:10F3E000535D03932A44517843EA012303939278AF
:10F3F00043EA02430393642202FB03F303930023D3
:10F40000049311E08DF800406846FFF7BDFF033517
:10F41000EDB20134E4B20F2C11D8072CDFD9002350
:10F4200003938DF814300493039B002BEAD003ABB5
:10F4300001938DF8084001A8FFF744FFE7E706B005
:10F4400070BD00B585B003681A6852B903798DF8AC
:10F45000043001A8FFF798FFD0B1032005B05DF894
:10F4600004FB029303798DF80C3002A8FFF72AFF02
:10F4700006280BD8DFE800F0040A0A0A0E06080086
:10F480000320EBE70120E9E70020E7E70020E5E7BC
:10F490000020E3E70220E1E738B50446124B1A6882
:10F4A000124D2968037803EB430301EB83014B7A88
:10F4B00003EB430302EBC30393F9021090F902003C
:10F4C000FFF78AF92A68237803EB430352F82350A5
:10F4D000A2686168FFF79EF80146054BDB6BA289C5
:10F4E0002846984738BD00BF7C260020782600209B
:10F4F000B8660208881A40B2002801DBC0B2704723
:10F500000020FBE710B50446054B1B6A984720B165
:10F51000044B2344044A934200D810BD0020FCE76A
:10F52000B8660208C02571CC80841E0070B584B016
:10F5300005460C46134B1E561349FFF751F9014679
:10F54000072D0ED0114B5D6A01200390E4B20294A6
:10F55000002301930823009303463246A84704B0D2
:10F5600070BD0A4B5D6A01230393E4B2029400204C
:10F5700001900523009303464FF47A7206FB02F2D2
:10F58000A847ECE72863020808630208B866020887
:10F5900000B587B00023049303780B3B2E2B30D8A3
:10F5A000DFE803F034373A402F464A4E52565A5E4F
:10F5B0002F676A6D73797C2F2F8083182F2F2F2F41
:10F5C0002F2F2F2F2F2F2F2F2F8689932F2F969965
:10F5D0002F9CA20090F901308DF8043007238DF89C
:10F5E000053000238DF8063010238DF80730424B8C
:10F5F0001B6803F558720292039301A8FFF7CDF838
:10F6000004900498059007B05DF804FB4023049330
:10F61000F7E720230493F4E790F90130374AD35CED
:10F620000493EEE790F90130354AD35C0493E8E7A0
:10F6300040F6B8330493E4E74FF47A730493E0E7B9
:10F640004FF4FA630493DCE741F288330493D8E77C
:10F6500041F270730493D4E74FF480430493D0E7EE
:10F660004FF47A71274802F087FA00F5FA600490A7
:10F67000C7E7254B0493C4E702230493C1E71E4B5D
:10F680001B6803F558730493BBE71B4B1B6803F51A
:10F690005B730493B5E710230493B2E7164B1B6822
:10F6A0000493AEE7194B0493ABE7194B0493A8E717
:10F6B000154B0493A5E713238DF8103001238DF823
:10F6C000113003238DF812309BE70423049398E74D
:10F6D0000D4B049395E70423049392E790F90130CE
:10F6E0000C4AD35C04938CE70B4990F90100FFF7B7
:10F6F00077F8049085E700BF8026002000630208A9
:10F70000F862020818FCFFFFF080A6330000F04109
:10F710009A990940286302080863020810B582B06C
:10F720000B4B1C680B4B1A68037803EB430302EB8B
:10F7300083035B7A03EB430C03690093C36842784D
:10F74000816804EBCC00FEF70DFE02B010BD00BFD7
:10F75000842600208026002010B586B00123ADF855
:10F76000003000238DF80230019302930393049339
:10F770008DF81430037A012B31D0022B3ED0002BB0
:10F780003AD10368002B37D04268002A34D0204990
:10F790000B60204C226018226946184602F0F9F9E5
:10F7A00024681D4B93E8070084E8070004F10C0C63
:10F7B00003F10C0207CA8CE8070004F1180C183397
:10F7C00093E807008CE807000723A4F86C330122B4
:10F7D00004F55B7104F55870FEF7B5FD0CE00D4BB8
:10F7E0001868002343600361C361012200F55B7167
:10F7F00000F55870FEF7A7FD06B010BD054B1B685D
:10F80000B3F86023B3F86C130A43A3F86023F3E75B
:10F810008426002080260020BCDD010808B50A29C6
:10F820003BD8DFE801F0063A3A3A3A0A18223A3071
:10F8300030000068FFF766FE30E090F9000006280F
:10F8400001D100202AE007220021FEF708FD003840
:10F8500018BF012022E00522002190F90000FEF7E8
:10F86000FEFC003818BF012018E090F900000628BF
:10F8700001D1002012E007220021FEF7F0FC003841
:10F8800018BF01200AE00A22002190F90000FEF7CB
:10F89000E6FC003818BF012000E0002008BD000091
:10F8A00008B503791BB1012B0BD0002008E00A4BEF
:10F8B0001B680122016803F55870FEF744FD012022
:10F8C00008BD054B1B680122016803F55B70FEF75C
:10F8D0003AFD0120F4E700BF80260020F0B583B098
:10F8E0000E4617461C460728A8BF07205870134924
:10F8F000FEF776FFA07094F90130072B17D00F4A5E
:10F9000052F823100E4AD05CFEF73AFE05460D4B26
:10F91000DB6D9847034604F10C0201920834009411
:10F920003A4631462846FEF739FE03B0F0BD044A98
:10F93000D05CFEF72DFE0546E9E700BF086302082C
:10F9400028630208B86602082DE9F0478AB0044629
:10F950000F4690F90150D0F80480374B5B68984708
:10F96000002867D10646E37C83B9344B1A682378B4
:10F9700003EB430152F8211003EB430302EB830234
:10F98000D2F80480B8F1000F00D188462C4B13F94F
:10F990000590294BDB6840469847072D2BD0264B16
:10F9A000D3F818A0A37C0993012608960023079397
:10F9B00006930593049303932289029208220192ED
:10F9C000009333464A46A1783046D047637C002BEB
:10F9D0002DD01C4B595D184B5B6D0D31C9B23046B3
:10F9E00098472A464146E07CFEF70CFF3D70012017
:10F9F0000AB0BDE8F087104BD3F818A0A37C099398
:10FA0000002008900790069001230593049003902E
:10FA100023890293052301930B4B009303464FF474
:10FA20007A7202FB09F24CF25031D047CEE7074B15
:10FA3000595DD0E70020DBE7B86602088026002089
:10FA400028630208F8620208854501000063020885
:10FA50002DE9F04F8DB004460F46904690F90130E5
:10FA6000424A12F903A0424B1A68424D29680378B2
:10FA700003EB430301EB83014B7A03EB430302EBFC
:10FA8000C30393F9021090F90200FEF7A5FE0646A3
:10FA9000394994F90100FEF7A3FE8146A268616826
:10FAA0003046FEF7B7FD0B90344BDA6829682378AF
:10FAB00003EB430351F82300904794F90130072BDF
:10FAC00031D02E4BD3F81CB04FF47A630893002248
:10FAD000079206920592012504950392082302934A
:10FAE0000195CDF800A04B460B992846D847214BED
:10FAF0001A68237803EB430394F9011052F82300AA
:10FB0000FEF7B2FEA18994F90100FFF70FFDC8F8D6
:10FB100000001A4B5B6D217B284698473E70012000
:10FB20000DB0BDE8F08F154BDD694FF47A7303FB20
:10FB30000AF34FF47A6208924FF0000ACDF81CA045
:10FB4000CDF818A0CDF814A001220492CDF80CA095
:10FB500005220292CDF804A000934B4646F2A8126B
:10FB60000B995046A8475546C1E700BF28630208D5
:10FB7000842600208026002008630208B866020858
:10FB80002DE9F0438FB00546894690461F46002474
:10FB90000C94ADF83440ADF82E40072630E04FF01D
:10FBA000000C072612E05C4A12680CEB4C0152F87C
:10FBB00021203AB1012202FA0CF2BDF82E100A43BC
:10FBC000ADF82E200CF1010C5FFA8CFCBCF10F0F8C
:10FBD00016D8062BE7D0BDF82EE04EFA0CFE1EF02C
:10FBE000010FEFD04C4A12680CEB4C0152F8212067
:10FBF000002AE7D106F0FE06E4E7062600E0062626
:10FC00002B7AA34219D968680CA92044FEF74CFC52
:10FC1000034690B12344DCB2BDF83420ADF82E2069
:10FC20009DF833300BB9002AE7D05A1ED2B2042A0D
:10FC3000E5D9062BB3D90626E2E79DF93130062B2C
:10FC400014D106F0FD06072E57D09DF9313089F802
:10FC500000309DF9323088F800309DF830303B702C
:10FC6000169B1C7030460FB0BDE8F08302238DF860
:10FC700028306B7A8DF82A300AA8FFF789FC0990A2
:10FC80008DF80860AB7A8DF809309DF931308DF828
:10FC90000A309DF932308DF80B309DF830308DF8F8
:10FCA0000C3095F90B308DF80D3095F90C308DF83E
:10FCB0000E3095F90D308DF80F3010238DF810307F
:10FCC0000DF12E0305938DF8180007238DF81930D8
:10FCD000114B1B6807930A238DF8203000238DF801
:10FCE00021302B6801930CAB0DF132020DF1310183
:10FCF00001A8FEF7F7FB0646A5E7074D28680C228A
:10FD0000002100F5587001F05CFF2B68BDF82E2033
:10FD1000A3F8602399E700BF8026002038B5044689
:10FD20004068FFF7EFFBC0B107250722002194F9D7
:10FD30000000FEF794FA18B194F90030062B01D1B7
:10FD400005F0FD050722002194F90100FEF787FA6E
:10FD500008B905F0FB05284638BD0625E5E74FF054
:10FD6000FF30704710B504464068FFF7CBFB60B129
:10FD700003200B4B1A68237803EB430152F8211040
:10FD800029B900F0FD0040B210BD0220F1E70328C0
:10FD9000F9D1616803EB430302EB83025160F2E7A0
:10FDA0008026002070470000F0B597B004460F464B
:10FDB00016461D4600218DF857108DF856101191EA
:10FDC0001291139114910723ADF80A30344B18683F
:10FDD000012200F55870FEF7A0FA38B9304B1A68C6
:10FDE000B2F8603343F00703A2F86033637A8DF80A
:10FDF0000C30237A8DF80D30294B1B6803F55872AF
:10FE000004920593274B1B6806931023ADF81C3012
:10FE10000DF10A0308932368099363680A93A37A90
:10FE20008DF82C3001238DF82D300CAB04F10C0231
:10FE300092E8030083E80300237D8DF83830E18ADF
:10FE400094F90800FFF772FB0F9003AB1093019633
:10FE50000DF1560300930DF1570311AA294609A885
:10FE6000FEF751FC044620B10C280FD0204617B0F5
:10FE7000F0BD9DF85710013901F07EFE00F15803E6
:10FE80000DEB030010F8143C3B70EFE7044B1A68CD
:10FE9000B2F8603343F00703A2F86033E6E700BF2F
:10FEA0008026002084260020F8B50579022D4AD945
:10FEB00004460F2D49D80368187A40F3030007223F
:10FEC000002140B2FEF7CBF9F8B100262368187A7A
:10FED00040F303100722002140B2FEF7C0F900B939
:10FEE000012621680B7A43F3030252B243F3031352
:10FEF0005BB29A4200DD01260868FFF703FB30B1D0
:10FF0000002336B11BB3062020E00126DEE70123E3
:10FF1000F7E7F3B9104F3B686E0005EB45000C2284
:10FF2000216803EB800001F034FE3B682E4403EBB4
:10FF3000860600207072B3F860230121A9400A43AD
:10FF4000A3F8602302E0062000E00320F8BD0520AE
:10FF5000FCE70420FAE700BF802600200178022990
:10FF600001D80020704708B5094B186801EB410320
:10FF70004FEA830C00EB8303002240F80C205A6008
:10FF80009A60102200F55870FEF7ABF908BD00BF6B
:10FF90008026002070B586B050238DF81430037988
:10FFA000102B36D106460368DD7B002D31D10324AA
:10FFB0001BE03268535D03932A44517843EA0123DE
:10FFC0000393927843EA02430393642202FB03F310
:10FFD00003930023049311E08DF800406846FFF777
:10FFE000BDFF0335EDB20134E4B20F2C11D8072C5C
:10FFF000DFD9002303938DF814300493039B002B67
:020000040801F1
:10000000EAD003AB01938DF8084001A8FFF74CFF3D
:10001000E7E706B070BD00B585B003681A6852B94D
:1000200003798DF8043001A8FFF798FFD0B10320C1
:1000300005B05DF804FB029303798DF80C3002A83B
:10004000FFF732FF06280BD8DFE800F0040A0A0A9F
:100050000E0608000320EBE70120E9E70020E7E7B0
:100060000020E5E70020E3E70220E1E738B5044699
:10007000124B1A68124D2968037803EB430301EB16
:1000800083014B7A03EB430302EBC30393F90210A2
:1000900090F90200FEF7A0FB2A68237803EB4303E4
:1000A00052F82350A2686168FEF7B4FA0146054B86
:1000B000DB6BA2892846984738BD00BF8426002004
:1000C00080260020B8660208054B9B56C91A0529F0
:1000D00003DC21EAE171C8B270470520704700BF18
:1000E000F062020810B50446104B1B6A9847C8B16D
:1000F0000F4B23440F4A934213D802F1DF4202F51B
:10010000C81202F24572A2FB0312920C0A4901FBCB
:10011000123242B9094B2344094A934202D90020C2
:1001200000E0002010BD0020FCE700BFB866020818
:10013000608FF7C840164000C0270900A0FE37CAEC
:100140008085800170B584B00C460A4B1E560A4962
:10015000FEF746FB0146094B5D6A01200390E4B2BD
:100160000294002201920822009203463246A847D8
:1001700004B070BDA463020864630208B866020894
:10018000F8B5064615461F46FEF726FB042D05D199
:100190003446022EB8BF02242046F8BD044604228D
:1001A00000213846FEF7B9F83128F5D83446052E37
:1001B000B8BF0524F0E7000000B587B00023049322
:1001C0000378013B382B20D8DFE803F01D1F1F1FE9
:1001D0001F1F1F1F1F1F3C3F42481F4E52565A5E93
:1001E00062661F6F72757B81841F1F888B241F1F9F
:1001F0001F1F1F1F1F1F1F1F1F1F1F8E959FA21F27
:10020000A5ACAFB2B800082304930498059007B0DA
:100210005DF804FB90F901308DF8043004238DF86B
:10022000053000238DF8063048238DF80730474B02
:100230001B6803F558720292039301A8FEF7ADFA0A
:100240000490E2E740230493DFE720230493DCE7F4
:1002500090F901303E4AD35C0493D6E790F901301F
:100260003C4AD35C0493D0E740F6B8330493CCE720
:100270004FF47A730493C8E74FF4FA630493C4E726
:1002800041F288330493C0E741F270730493BCE7F2
:100290004FF480430493B8E74FF47A712E4801F08D
:1002A0006BFC00F5FA600490AFE72C4B0493ACE7CD
:1002B00008230493A9E7254B1B6803F5587304939F
:1002C000A3E7224B1B6803F55B7304939DE7482368
:1002D00004939AE71D4B1B68049396E7204B049305
:1002E00093E70023049390E71E4A1C490079FDF729
:1002F000E5FE049089E717238DF8103005238DF86B
:10030000113003238DF812307FE7082304937CE734
:100310000823049379E7134A10490079FDF7CEFECC
:10032000049072E7082304936FE7082304936CE7B3
:1003300090F901300C4AD35C049366E70B4990F9BD
:100340000100FEF74DFA04905FE700BF8826002009
:10035000406302083063020818FCFFFFA0700837F2
:100360009A990042C0270900A46302086463020846
:1003700010B582B00B4B1C680B4B1A68037803EB6B
:10038000430302EB83035B7A03EB430C03690093A3
:10039000C3684278816804EBCC00FDF7E3FF02B04C
:1003A00010BD00BF8C2600208826002010B586B026
:1003B0000123ADF8003000238DF802300193029341
:1003C000039304938DF81430047A7CB1013CE4B2B9
:1003D000012C00F28280424B1868062200F55B7106
:1003E00000F55870FDF7AFFF002374E00368002BA1
:1003F00073D04268002A70D03A490B6038490A60CD
:10040000002283F89C2083F89D2018226946184614
:1004100001F0BFFB11E0324B1B683349334A01FB4B
:10042000042204EB440103EB810043F82120302235
:100430000272002242720134E4B23F2CEBD9402315
:10044000472B14D8A3F14000254A1268284C2949AB
:1004500004FB001103EB430002EB800442F8201080
:1004600044212172002161720133DBB2E8E71C4CA8
:1004700020684FF6FF73A0F86C33A0F86E33A0F835
:100480007033A0F87233FF23A0F874330023A0F870
:100490007633062200F55B7100F55870FDF753FFC7
:1004A000104B18682168062201F558719030FDF74D
:1004B0004AFF12E00B4A116803F1480031F810209E
:1004C000074C246803F5D87C34F81C40224021F8FE
:1004D00010200133DBB2052BECD906B010BD00BFF4
:1004E000882600208C260020400D03006001C835BE
:1004F000006A1800C0AFD23508B50A2929D8DFE84C
:1005000001F006282828280A0A14281E1E00006860
:10051000FFF7E8FD1EE00422002190F90000FDF73E
:100520009EFE003818BF012014E00D22082190F92A
:100530000000FDF794FE003818BF01200AE00E22EB
:10054000002190F90000FDF78AFE003818BF012055
:1005500000E0002008BD00000379102B36D10368AD
:10056000DB7B012B32D100221346042A2DD830B573
:1005700012E017490D680CF1480E35F81E100CF505
:10058000D87C34F81C40214025F81E100133DBB222
:100590000232D2B2042B17D80168895C0D4C246852
:1005A0009C4603F5D87524F81510D0F800E0964461
:1005B0009EF801E041EA0E2124F81510042BD8D151
:1005C000C9B224F81510D4E730BD7047704700BF9A
:1005D0008C2600208826002070B5054604220021C4
:1005E0000068FDF79AFE012833D02C791CB1012C4C
:1005F00025D0002022E0184E30680622296800F538
:100600005870FDF7A0FE356895F87433A5F874337B
:100610000023A5F876330EE0104B1A6804F1480168
:1006200032F8113004F5D87035F81000034022F884
:1006300011300134E4B2052CEED9012070BD064B17
:1006400018680622296800F55B70FDF77CFE012022
:10065000F4E70020F2E700BF882600208C26002067
:10066000F0B583B00E4617461C460D28A8BF0D20D6
:1006700058700F4D2946FEF7B3F8A07094F9013079
:1006800055F823100B4AD05CFDF77AFF05460A4B5C
:10069000DB6D9847034604F10C0201920834009484
:1006A0003A4631462846FDF779FF03B0F0BD00BF5A
:1006B00064630208A4630208B86602082DE9F043E7
:1006C0008BB004460D4690F901604768224B5B6889
:1006D000984700283DD1E37C33B9237803F0070322
:1006E0001E4A1F4F02FB03771E4B13F90690DFF8DB
:1006F0006880D8F80C3038469847D8F81880A37C22
:100700000993012008900022079206920592049214
:1007100003922389029308230193009203464A46D9
:10072000A178C047637C8BB10F4B995D0A4B5B6D21
:100730000D31C9B20120984732463946E07CFEF7B8
:1007400061F82E7001200BB0BDE8F083074B995D76
:10075000ECE70020F7E700BFB8660208C0270900F1
:10076000A0700837A46302083063020840630208DF
:100770002DE9F04F8DB004468B46174690F90120C5
:10078000324B13F902A0324B1868DFF8C890D9F841
:100790000030217801EB410103EB8101497A01EB43
:1007A000410100EBC10103F5587391F9021094F96E
:1007B0000200FFF7E5FC0646274994F90100FEF721
:1007C0000FF80A90002225493046FDF723FF0B90D1
:1007D000DFF88C80D8F80C20D9F80010237803EBD0
:1007E000430351F8230090474FF47A6308930022A3
:1007F000079206920592012504950392082302931D
:100800000195CDF800A00A9B0B992846D8F81CC08A
:10081000E047D9F80020237803EB430394F9011053
:1008200052F82300FEF720F8D8F85430217B2846F0
:100830009847A18994F90100FFF784FC38608BF890
:10084000006028460DB0BDE8F08F00BFA463020829
:100850008C26002088260020646302080000F041F6
:10086000B86602082DE9F04391B005468846174660
:100870001E4600240E94ADF83C400B940C940D944D
:100880009D4B1968062201F558710BA8FDF75BFD19
:100890000DE04FF6FF73ADF82C30ADF82E30ADF80B
:1008A0003030ADF832309DF83C30ADF834302B7A32
:1008B000A34240F2848068680EA92044FDF7F4FD4D
:1008C000034600287BD02344DCB29DF83BC0BCF13A
:1008D000060FDED0BCF1070F0AD0BCF1050F6AD0BD
:1008E000BDF83C3010AA02EB4C0C2CF8143CDEE7AF
:1008F0000023ADF82C30ADF82E30ADF83030ADF827
:1009000032309DF83C30ADF83430D0E710AA02EB1D
:10091000410030F8142C62F0FF0220F8142CBDF8CE
:1009200034201343ADF834300131C9B20CF1010C5D
:100930005FFA8CFCBCF1070FB9D89DF83C2001236D
:1009400003FA0CF31A4211D01CF0010FDED110AAE9
:1009500002EB410030F8142C42F0FF0220F8142C76
:10096000BDF834201343ADF83430DFE71CF0010F3D
:1009700010D110AA02EB410030F8142C22F0FF0233
:1009800020F8142CBDF83420DB431BB21340ADF823
:100990003430CBE710AA02EB410212F8140C22F813
:1009A000140CBDF83420DB431BB21340ADF83430D7
:1009B0000131C9B2BAE74FF0000C6146BAE79DF9C0
:1009C0003930032B58DD4FF0070902238DF824300E
:1009D0006B7A8DF8263009A8FFF7EEFB08908DF8AA
:1009E0000490AB7A8DF805309DF939308DF80630DA
:1009F0009DF93A308DF807309DF838308DF8083081
:100A000095F90B308DF8093095F90C308DF80A30D6
:100A100095F90D308DF80B3048238DF80C300BAB69
:100A200004938DF8140004238DF81530324B1B68A5
:100A300006930E238DF81C3000238DF81D302B6893
:100A400000930EAB0DF13A020DF139016846FDF746
:100A500049FD054607281CD09DF9393088F800303B
:100A60009DF93A303B709DF838303370189B1C70FC
:100A7000284611B0BDE8F083042200210BA8FDF741
:100A80004CFC012802D94FF007099EE74FF00609F8
:100A90009BE7DFF86490D9F8000006220BA900F567
:100AA0005870FDF750FC154B1B68B3F89010D9F83F
:100AB0000020B2F860030140A3F89010B3F8921040
:100AC000B2F862030140A3F89210B3F89410B2F8A0
:100AD00064030140A3F89410B3F89610B2F86603CB
:100AE0000140A3F89610B2F86813A3F89810B2F872
:100AF0006A23A3F89A20AFE7882600208C260020DE
:100B000038B504464068FFF7EDFA10B307250D220B
:100B1000082194F90000FDF7A2FB08B905F0FD05D6
:100B20000722052194F90000FDF799FB012803D065
:100B300094F900300D2B01DD05F0FD0503220021A5
:100B400094F90100FDF78BFB08B905F0FB05284679
:100B500038BD0625DBE74FF0FF3070474FF0FF3020
:100B600070474FF0FF307047B1B9104B1A6892F8D8
:100B70009D30013382F89D300C4B1B6893F89D200B
:100B80000B4BA3FB02135B0803EBC303D21A12F057
:100B9000FF0F09D000207047044B1A6892F89D306F
:100BA000013B82F89D30E7E7042070478C26002047
:100BB000398EE3382DE9F041A4B004460E46904644
:100BC0001F4600258DF88F508DF88E5048222946FB
:100BD00011A807F044FF4E4B1868042229469030B4
:100BE000FDF79BFB002854D094F90830032B0ADD55
:100BF000474B1B6893F898202AB9464A1268B2F806
:100C00006823A3F89820637A8DF80C30237A8DF846
:100C10000D303F4B1B6803F1900204923D4A12686D
:100C2000059206934823ADF81C30002308932368EF
:100C3000099363680A93A37A8DF82C3001238DF809
:100C40002D300CAB04F10C0292E8030083E80300A2
:100C5000237D8DF83830E18A94F90800FFF772FAA5
:100C60000F9003AB1093CDF804800DF18E03009329
:100C70000DF18F0311AA394609A8FDF744FD054679
:100C8000002841D1637A9BB994F90830EBB103464F
:100C900029E01F4D28681F4B1968042201F558717F
:100CA0009030FDF750FB2B68002283F89C209BE7D7
:100CB0009DF88F10013900F05FFF00F190030DEBFC
:100CC000030010F84C3C337017E0114B18683246A3
:100CD00000F19C019030FDF7A3F903280DD10546E2
:100CE00012E00133DBB20A4A126892F89800184108
:100CF00010F0010FF5D040333370054B18684822CF
:100D000031789030FDF7EDFA284624B0BDE8F08147
:100D10008C2600208826002038B50446144B19681C
:100D2000144D2B68027802EB420203EB8202527AE6
:100D300002EB420201EBC20103F5587390F9012066
:100D400091F9021090F90200FFF71AFA2A68237845
:100D500003EB430352F8235000220749FDF75AFCE6
:100D60000146064BDB6BA2892846984738BD00BF79
:100D70008C260020882600200000F041B86602087A
:100D8000044B03EB81039856002801DBC0B2704787
:100D90000020FBE75063020810B504461022002132
:100DA000F13000F00EFF0021C4F81411F0222046AB
:100DB00000F007FF10BD08B502460846102100F0FC
:100DC0003BFB08BD2DE9F04184B004460D461646B4
:100DD000D0F81431002B54D0C3F110084746904589
:100DE00028BF174600F20110BAB2184400F0D1FE35
:100DF000D4F814313B44C4F814310F2B4DD9B0450D
:100E00004BD2002308E0E21892F8F11092F80101A9
:100E1000414082F8F11001330F2BF4DD04F1F108A9
:100E200010224146684600F0B4FE224669466846F4
:100E300000F084FB10226946404600F0AAFE3D44C3
:100E4000F61B1EE004EB030E9EF8F1C0EA5C8CEA90
:100E5000020C8EF8F1C001330F2BF3DD04F1F10722
:100E600010223946684600F094FE224669466846DC
:100E700000F064FB10226946384600F08AFE103507
:100E8000103E102E01D90023E6E7B2B2294604F243
:100E9000011000F07EFEC4F8146104B0BDE8F081DA
:100EA00030B589B005460C46102200210DEB02003A
:100EB00000F087FE224604A9084600F03FFB9DF99A
:100EC0001030002B01DB002330E000230E2B11DC5F
:100ED00003F120020DEB020111F8102C013303F194
:100EE0002000684410F8100C520042EAD01201F8B9
:100EF000102CEBE79DF81F305B00DBB28DF81F3044
:100F000083F087038DF81F3017E003F120020DEB0B
:100F1000020111F8102C013303F12000684410F88D
:100F2000100C520042EAD01201F8102C0E2BECDD0E
:100F30009DF81F305B008DF81F30D4F81401102885
:100F400014D09DF91030002B30DB002341E0E11874
:100F500091F8012103F12000684410F8100C424080
:100F600081F8012101330F2BF1DD59E00023FAE76D
:100F700003F120020DEB020111F8102C013303F1F3
:100F8000200CEC441CF810CC520042EADC1201F8B0
:100F9000102C0E2BECDD9DF81F305B00DBB28DF8C2
:100FA0001F3083F087038DF81F3019E00023F0E72E
:100FB00003F120020DEB020111F8102C013303F1B3
:100FC000200CEC441CF810CC520042EADC1201F870
:100FD000102C0E2BECDD9DF81F305B008DF81F30C0
:100FE0002044802380F8013103E02344002283F869
:100FF0000121D4F814310133C4F814310F2BF4D982
:1010000000230BE0E11891F8012103F1200068446E
:1010100010F8100C424081F8012101330F2BF1DD53
:10102000002309E0E21892F8F1C092F801118CEA6D
:10103000010C82F8F1C001330F2BF3DD102204F113
:10104000F101684600F0A5FD22462946684600F0F9
:1010500075FA102200210DEB020000F0B2FD09B07C
:1010600030BD0B7803704B7843708B788370CB78EE
:10107000C3700B7903714B7943718B798371CB7991
:10108000C3710B7A03724B7A43728B7A8372CB7A79
:10109000C3720B7B03734B7B43738B7B8373CB7B61
:1010A000C373704704E011F8012B00F8012B1A46B6
:1010B000531EDBB2002AF6D1704703780A785340FA
:1010C000037043784A785340437083788A7853405A
:1010D0008370C378CA785340C37003790A79534048
:1010E000037143794A795340437183798A79534034
:1010F0008371C379CA795340C371037A0A7A534022
:101100000372437A4A7A53404372837A8A7A53400D
:101110008372C37ACA7A5340C372037B0A7B5340FB
:101120000373437B4A7B53404373837B8A7B5340E7
:101130008373C37BCA7B5340C37370470B7892F8A9
:1011400000C083EA0C0303704B7892F801C083EA75
:101150000C0343708B7892F802C083EA0C0383700F
:10116000CB7892F803C083EA0C03C3700B7992F832
:1011700004C083EA0C0303714B7992F805C083EA3B
:101180000C0343718B7992F806C083EA0C038371D8
:10119000CB7992F807C083EA0C03C3710B7A92F8FB
:1011A00008C083EA0C0303724B7A92F809C083EA01
:1011B0000C0343728B7A92F80AC083EA0C038372A1
:1011C000CB7A92F80BC083EA0C03C3720B7B92F8C4
:1011D0000CC083EA0C0303734B7B92F80DC083EAC7
:1011E0000C0343738B7B92F80EC083EA0C0383736A
:1011F000CB7BD27B5340C373704708B5FFF75DFFCD
:1012000008BD00000278184B9A5C027002799A5C63
:101210000271027A9A5C0272027B9A5C02734278D3
:101220004179595C4170417A595C4171417B595C0B
:1012300041729A5C42738278817A595C81709A5CBF
:1012400082728279817B595C81719A5C8273C27BE4
:10125000C17A595CC173C179595CC172C178595C5A
:10126000C1719B5CC3707047B46502082DE9F047FB
:1012700084B0044601466846FFF7F3FE9DF800C0BF
:101280006A4B13F80C009DF80580694A12F8089023
:101290009DF80AE0674911F80E509DF80F70CE5D79
:1012A00080EA090068407040207011F80C0013F8C3
:1012B00008A012F80E9080EA0A0A89EA0A0986EA6A
:1012C0000906667011F8088013F80EE0D65D80EA12
:1012D00008008EEA00007040A07012F80C60D85D23
:1012E00086EA080675406840E0709DF804C013F86F
:1012F0000C009DF8098012F808909DF80EE011F896
:101300000E509DF80370CE5D80EA09006840704081
:10131000207111F80C0013F808A012F80E9080EA62
:101320000A0A89EA0A0986EA0906667111F808803C
:1013300013F80EE0D65D80EA08008EEA00007040E7
:10134000A07112F80C60D85D86EA08067540684006
:10135000E0719DF808C013F80C009DF80D8012F89C
:1013600008909DF802E011F80E509DF80770CE5DD0
:1013700080EA090068407040207211F80C0013F8F0
:1013800008A012F80E9080EA0A0A89EA0A0986EA99
:101390000906667211F8088013F80EE0D65D80EA3F
:1013A00008008EEA00007040A07212F80C60D85D50
:1013B00086EA080675406840E0729DF80C60985D0A
:1013C0009DF8018012F808909DF8067011F807C08A
:1013D0009DF80B5011F805E080EA09008CEA000046
:1013E0008EEA00002073885D13F808A012F80790B9
:1013F00080EA0A0A89EA0A098EEA090E84F80DE0F1
:1014000011F8081013F807E0575D48408EEA000015
:101410007840A073925D5B5D51408CEA010C83EAD9
:101420000C03E37304B0BDE8F08700BFB4640208A6
:10143000B4630208B46502082DE9F8431446A1F12B
:101440001003DBB2102B1AD80D463A4A22FA03F3E6
:1014500013F0010F13D00A4601462046FFF722FE83
:1014600005F11C03DBB29B005FFA83FEC3F3031399
:10147000013B84F8F0302B464FF0010C29E00023AB
:1014800084F8F030FF20BDE8F883182D01D9102A28
:1014900047D05A1BD2B214F8029089EA080804F81F
:1014A000008002F1010814F8088000F1010988EABF
:1014B000070704F80970971CE75D00F102087E40F9
:1014C00004F808600332A65CC21C7140A1540433C6
:1014D000DBB273452CD218461A1F14F80280DA1EAC
:1014E000A75C9A1EA65C5A1EA15CB3FBF5F205FB35
:1014F000123212F0FF02C8D10F4A12F8079089EA9F
:101500000C09975D565C12F808104FEADC1202EBEA
:10151000420202EBC20282EA4C025FFA82FCC84637
:10152000B7E7054A12F80880D75D965D515CB0E7D1
:101530000020A8E701010100B465020892F8F0302C
:101540001BB370B584B00E46154601466846FFF7DA
:10155000F5FD012409E06846FFF788FE05EB04115C
:101560006846FFF74AFE0134E4B295F8F030A34232
:10157000F1D86846FFF746FE05EB0412694630468F
:10158000FFF7DCFD002004B070BDFF2070470000B5
:101590000023092B16D810B40B4A146803EB03126E
:1015A0002244127C824206D00133DBB2092BF3D9EC
:1015B000032010BC704703EB031310331C440C6072
:1015C0000020F6E703207047902600202DE9F04127
:1015D000CCB0529EA9B3054617461C46884696B322
:1015E00002A8FFF7D9FB01A92046FFF7D1FF044667
:1015F00018B120464CB0BDE8F0810199013102A834
:10160000FFF7D9FB25B11022294602A8FFF7DAFB24
:101610003A46414602A8FFF7D5FB02A948A8FFF7C2
:101620003FFC9DF823219DF822311B0443EA02630D
:101630009DF8212143EA02239DF8202113433360C2
:10164000D7E70224D5E70224D3E700000023092BC3
:1016500016D810B40B4A146803EB03122244127C10
:10166000824206D00133DBB2092BF3D9032010BC30
:10167000704703EB031310331C440C600020F6E7A3
:1016800003207047902600202DE9F04F95B00446C6
:1016900013A9FFF7DBFF002850D1042C06D8042C37
:1016A00015D8DFE804F00E4E5C556300822C0ED88E
:1016B0007F2C0CD37F3C032C09D8DFE804F05E6557
:1016C0006C733C4B00221146022002F0D9FF139BA1
:1016D0005A78109299781191DA78197958799C7919
:1016E000DD791E7A5F7A93F80AC093F80BE093F8DD
:1016F0000C8093F80D9093F80EA093F80FB01B7C1C
:101700000F93CDF838B0CDF834A0CDF83090CDF8A7
:101710002C80CDF828E0CDF824C0089707960695D0
:10172000059404900391029211990191109A0092EC
:10173000214B00221146022002F0A2FF15B0BDE8A5
:10174000F08F1E4B00221146022002F099FFBEE7E7
:101750001B4B00221146022002F092FFB7E7194B03
:1017600000221146022002F08BFFB0E7164B002248
:101770001146022002F084FFA9E7144B0022114613
:10178000022002F07DFFA2E7114B00221146022049
:1017900002F076FF9BE70F4B00221146022002F079
:1017A0006FFF94E70C4B00221146022002F068FF05
:1017B0008DE700BF4C5B0208245C0208645B0208F2
:1017C0007C5B0208945B0208AC5B0208C45B020805
:1017D000DC5B0208F45B02080C5C020830B5B1B0B7
:1017E00004466D46C0220021284607F038F9314BE7
:1017F00093E8030085E8030001238DF82130DFF82A
:10180000B8C0E646BEE80F00CDF82200CDF826109D
:10181000CDF82A20CDF82E3002238DF83230BCE8E6
:101820000F00CDF83300CDF83710CDF83B20CDF8C0
:101830003F3003238DF84330204B0DF1440C0FCB88
:101840008CE80F0004238DF854307F238DF8653029
:1018500080238DF8763081238DF8873082238DF8B0
:10186000983083238DF8A9300CB3154B1C60C0222F
:101870006946204600F08DF9124B002211460220E5
:1018800002F0FEFE0020FFF7FFFE0120FFF7FCFE46
:101890000D4B00221146022002F0F2FE0320FFF75A
:1018A000F3FE0220FFF7F0FE002031B030BD022031
:1018B000FBE700BFA85C0208B45C0208C85C020831
:1018C00090260020785C0208905C02087E2B0AD8E3
:1018D00000B583B0DDF810C0CDF800C0FFF776FE8C
:1018E00003B05DF804FB0320704790B110B584B0DD
:1018F0008C46144601460020039003AA00926246DB
:10190000FFF764FE18B9039BA34200D0012004B086
:1019100010BD022070472DE9F041BEB050B30C4617
:1019200015461E46074643B311F00F0F28D1F0228B
:10193000002101A800F045F969462846FFF728FE76
:10194000804618B140463EB0BDE8F08101AA1021A2
:1019500000980130FFF770FD454608E001AA7119B3
:101960007819FFF7EBFD1035EDB2103CA4B2002C56
:10197000F4D1E7E74FF00208E4E74FF00208E1E7AF
:101980004FF00508DEE7000030B585B0002938D0FB
:101990008C460023092B30D81B4A11681C4603EBE8
:1019A00003120A44127C824202D00133DBB2F1E717
:1019B00080280AD003EB0314103408191022614662
:1019C000013000F0E6F8002518E0002300930193B1
:1019D000029303936B467F2210216046FFF79BFF23
:1019E0000546094B186804EB0414103420441022F7
:1019F0006946013000F0CDF800E00325284605B027
:101A000030BD0225FAE700BF90260020D0B110B506
:101A100084B0144684467F2A01D1042914D10023BE
:101A200000930193029303936B460A46102160468C
:101A3000FFF771FF08B104B010BD69462046FFF7FB
:101A4000A3FFF8E7022070470320F4E7F8B59DF8FC
:101A50001850079C089E6BB31F466CB376B3212DBC
:101A60002ED82A461946204600F093F8691E631CBA
:101A7000012289B2B818FFF74EFF18BBE37ADB09E1
:101A80003370611911F8042C11F8030C42EA00229A
:101A900011F8020C42EA004211F8011C42EA01620C
:101AA00093B9291F012389B22046FFF71EFF40B1D9
:101AB000012006E0022004E0022002E0022000E013
:101AC0000520F8BD0720FCE70420FAE738B110B57F
:101AD0000446044B5B6998472060002010BD02203B
:101AE000704700BFB866020840B108B50146082239
:101AF000034B186800F04DF8002008BD0220704725
:101B000090260020014B1868704700BF90260020E7
:101B100048B108B50146054B18680822104400F08A
:101B200038F8002008BD0220704700BF9026002032
:101B3000014B18680830704790260020094B1A683E
:101B4000094943F2390001FB020018600323A3FB9B
:101B50000023C21A03EB52039B0FC3EBC373C01ADB
:101B6000704700BF140300206D4EC641014B186042
:101B7000704700BF1403002038B505460C46FFF738
:101B8000DDFF611B013190FBF1F301FB13002844E1
:101B900038BD04E011F8012B00F8012B1A46531E42
:101BA0009BB2002AF6D17047531E184404E011F886
:101BB000012B00F801291A46531E9BB2002AF6D1C8
:101BC000704702E000F8011B1A46531E9BB2002A20
:101BD000F8D17047F0B110B504464FF0000E4FF049
:101BE000FF300EE040F3000C0B4A0CEA020282EADE
:101BF000500001339BB2072BF4D90EF1010E1FFAEE
:101C00008EFE8E4504D214F80E3058400023F2E7C1
:101C1000C04310BD002070472083B8ED08B54FF0D9
:101C2000FF338AB201460348F6F719FDB0FA80F097
:101C3000400908BD9C15002000B583B08DF8071041
:101C4000054B1B7813B903B05DF804FB01210DF1BE
:101C50000700FFF7E3FFF6E71803002010B5141E96
:101C600004DB0D4B1B7863B9204610BD0128F8D06A
:101C70000228F6D007F0EAFD092303604FF0FF3495
:101C8000F2E74FF0FF33A2B20448F6F7E8FC002871
:101C9000EAD00024E8E700BF180300209C150020CC
:101CA0000FB400B583B004AB53F8042B01930021AB
:101CB000034800F061FA03B05DF804EB04B070472C
:101CC000391C0108002A6BD02DE9F04F83B004467F
:101CD0000E469346F3F7B2FF81464FF000080246E6
:101CE000434620463146EFF737FB824607467301ED
:101CF00043EAD4636501B5EB040C63EB06039B0078
:101D000043EA9C734FEA8C0C1CEB040C46EB03017A
:101D1000C9004A4643464FEACC0041EA5C71EFF7FE
:101D20001BFB0190730143EAD4632D1B63EB060395
:101D30005B0243EAD5536D022D1946EB030399016B
:101D400041EA9561A801401B61EB030100194A4675
:101D5000434646EB0101EFF7FFFA4FEA4A13B3EBB4
:101D60000A020AEB82020199A1EBC202C2EB421104
:101D700002EB8101B3EB0A030AEB4323C3EB8313AA
:101D8000DB1903EBC103C01ACBF80090CBF804A019
:101D9000CBF80820CBF80C00404603B0BDE8F08F2C
:101DA0004FF0FF3070470000074AD2F8FC3043F094
:101DB0008073C2F8FC30054B00225A601A6842F06A
:101DC00001021A60704700BF00ED00E0001000E063
:101DD000F0B591B0144600238DF83F30936813F0AE
:101DE000040F0BD0002901DB002508E0404261EB25
:101DF00041011368013B13602D2500E000254FF0E1
:101E0000000E3E2238E0612347E00CF1300C26E062
:101E10000026431846D233444A4EA6FB037C2CF0DE
:101E2000030707EB9C07DB1BC31A61F100074FF0A8
:101E3000CC3103FB01F106FB0711A3FB063631444D
:101E40005B0843EAC17303EB830CA0EB4C0C5FFA15
:101E50008CFC0CF1300C5FFA8CFC18464908531EC0
:101E600002F140066E4406F840CC0EF1010650EA3D
:101E7000010719D0B6461A46A36813F0100FC7D051
:101E800000F00F0C000940EA01700909BCF1090FCC
:101E9000BBD913F0080FB6D0412363440A3B5FFA65
:101EA00083FCDCE70126B6E79DB1A16811F0010FC4
:101EB0000FD140336B4403F8405C0EF10206931ED1
:101EC00007E003F140026A44202102F8401C013B74
:101ED00001362168B1420EDDA26812F0020F0AD16C
:101EE00012F0010FEDD003F140026A44302102F8F4
:101EF000401C013BECE745B1B14206DB03F1400277
:101F00006A4402F8405C0136013B5D1C0027BE427A
:101F100007DDE3687A191DF8021020699847013738
:101F2000F5E7A36813F0020F07D1304611B0F0BDFA
:101F3000E36820212069984701362368B342F7DC23
:101F4000F3E700BFCDCCCCCC2DE9F04790B00646EE
:101F50000F4692464FF000080024664D09E000222B
:101F6000654B20462946EEF72FFB04460D4608F147
:101F70000108DAF804304345F1DC00220023304642
:101F80003946EEF793FDB0B9B046B94622462B4626
:101F900000205A49EEF742FC42464B46EEF75EF906
:101FA00002460B4620462946EEF70EFBEFF704FAF1
:101FB00000253F2414E0B04607F10049E6E74FF062
:101FC000010E13E0023C0EF140030DEB030E2E2335
:101FD0000EF8403C0235BCF10A0F72F100023FD30B
:101FE00084460A464FF0000E4318E8D27344DFF8E7
:101FF00010E1AEFB038929F0030808EB9908A3EB75
:102000000803C31A61F100004FF0CC3103FB01F16A
:102010000EFB0011A3FB0E3E71445B0843EAC17343
:102020001846490803EB8303ACEB4303DBB23033C0
:1020300004F1FF3E04F14008E84408F8403C05F193
:102040000108DAF804304345BCD045467446C2E77F
:1020500004F140036B44302203F8402C0135013C6D
:10206000DAF80430AB42F3DC14D0DAF80430013390
:10207000AB4218D00022002330463946EEF716FD59
:1020800010B304F140036B442D2203F8402C0135BA
:10209000013C19E004F140036B442E2203F8402C6C
:1020A0000135013CE1E704F140036B44302203F8C1
:1020B000402C0135013CDDE704F140036B44202254
:1020C00003F8402C0135013CDAF80030AB42F3DC78
:1020D0000134002608E0DAF80C3032191DF802103D
:1020E000DAF8100098470136B542F4DC284610B003
:1020F000BDE8F0870000F03F000024400000E03F12
:10210000CDCCCCCC2DE9F04104460D46EEF798F845
:1021100080466B681BB19842A8BF18468046AE68DF
:1021200016F0020602D00026002711E047462B6871
:10213000BB42F9DDEB682021286998470136013759
:10214000F5E7EB6814F8011B286998470136013759
:10215000B845F6DCAB6813F0020F02D13046BDE89B
:10216000F0812B684345F9DDEB6820212869984709
:10217000013608F10108F4E72DE9F04188B0804606
:102180000F46144601930026354602E03846C04704
:10219000013514F8011B002900F02081002E40F0C9
:1021A0001D810A29F2D0252903D03846C0470135C0
:1021B000EFE70021039104910591CDF8188007976E
:1021C000304614F8013B392B00F201812D2BC0F071
:1021D000E980A3F12D020C2A40D8DFE812F0290093
:1021E000E1003F000D002E002E002E002E002E00DC
:1021F0002E002E002E002E00DDF80CC0BCF1000FCA
:1022000006D1049A22B9059B43F001030593D8E750
:1022100038B1049A02EB8202303B03EB4203049391
:10222000CFE70CEB8C0C303B03EB4C030393C8E77C
:10223000059B43F002030593C3E738B1049A02EB10
:102240008202303B03EB42030493BAE7039A02EBAA
:102250008202303B03EB42030393B2E7A3F1250272
:10226000532A00F2B980DFE802F02AB7B7B7B7B750
:10227000B7B7B7B7B7B7B7B7B7B7B7B7B7B7B7B7EE
:10228000B7B7B7B7B7B7B7B7B7B7B788B7B7B7B70D
:10229000B7B7B7B7B7B7B7B7B7B7B7B7B74CB7B739
:1022A000B7B7B7B7B7B7B7B7305FB788B7B75FB724
:1022B000B7B7B7B7B746B7B739B76EB7B75019465C
:1022C0003846C0470135334670E0019B1A1D019224
:1022D00019783846C0470135334667E0019B1A1D1F
:1022E0000192186828B103A9FFF70CFF0544334693
:1022F0005CE03C48F7E7059B43F0010305930823A6
:102300000393059B43F008030593059B43F01003DB
:102310000593019B1A1D019203AA18680021FFF77B
:1023200057FD0544334641E0059A42F00402059208
:10233000752B08D0012919DD019B1A1D019219681E
:102340000846C91706E001290ADD019B1A1D019202
:102350001868002103AAFFF73BFD0544334625E03A
:10236000019B1A1D019218680021F3E7019B1A1DB9
:10237000019219680846C917ECE7019B073323F05F
:10238000070303F108020192D3E90001049B0BB992
:102390000623049303AAFFF7D7FD0544334605E05F
:1023A00001200EE7002B7FF459AF01236BB1019B95
:1023B000043301933C213846C04721213846C047A9
:1023C0003E213846C047033533461E46E1E66C2BB6
:1023D0007FF444AF0131F4E60123E7E7284608B073
:1023E000BDE8F081DC5C0208012070470A2807D8AC
:1023F000DFE800F0200B11171A1C1E06080E14004F
:102400000020704742F6B100704743F6095070470C
:1024100045F26110704747F6122070474AF2C32018
:1024200070474FF224407047044870470448704793
:102430000448704741F68460704700BF48E80100D7
:1024400090D0030020A107009DF80410D20053B9DA
:1024500008231A44183241B102239DF800001844A1
:1024600002EBC00070470023F3E70023F5E770B5E7
:102470009DF810409DF818500432A1F1050CBCF1F4
:10248000010F31D918B9A1F10B06012E34D9012859
:102490002ED000269DF814C04FEACC0C85B3102036
:1024A00084448800ACEB810C64B34FF0000EF4441C
:1024B000062904D90CF1080C0EB1881E8000BCF16D
:1024C000000F22DB84440CF1FF3C9CFBF0FC02FB80
:1024D0000C3303F10C00062901D803F10E00800033
:1024E00001300239884070BD0B2BCBD80C23C9E7D3
:1024F0000C2903D00026CDE70126CBE70126C9E74A
:102500000020CDE74FF0140ED1E74FF0000CD9E7D3
:10251000F0B585B00E4615461946BDF828209DF841
:102520002C309DF830409DF8347020B1012811D036
:102530000125002408E0019700942846FFF784FF56
:102540004FF47A7303FB00F460190138B0FBF5F027
:1025500005B0F0BD02970194009313460A46294640
:102560003046FFF784FF4FF47A7303FB00F4034B0C
:10257000985DFFF73BFF0546E6E700BFB46602083B
:1025800008B5034B1B6813B15B6803B1984708BDDE
:102590002827002008B5FFF7F3FF08BD08B5034B57
:1025A0001B6813B1DB6803B1984708BD28270020DA
:1025B00008B5FFF7F3FF08BD70B5002305E0CC5C5C
:1025C000E443CC540024C45401339A42F7DC002382
:1025D0001C4612E003F1070C23E0EDB24D5D45FA15
:1025E0000EF505F001056C40C6F3C705465D04FA1B
:1025F0000CFC46EA0C0C00F805C0B3EBC20F26DA5F
:102600005D4203F0070C05F0070558BFC5F1000C4B
:102610005FFA8CFECEF1070E5FFA8EFE9C46002B11
:10262000D8DB4FEAEC0501335E4203F0070C06F0FD
:10263000070658BFC6F1000C5FFA8CFCCCF1070C02
:102640005FFA8CFC1E46002BC7DADE1DC5E761B2BF
:102650008B0143EAC1135BB21CB920210B438354A5
:1026600070BD0021FAE7000008B5012804D00A4B2C
:102670005B7D012B08D008BD084B19700648C17757
:102680000E3001F02FFDF6E7044B197002488175FA
:102690000E3001F027FDEEE7D026002019030020C0
:1026A00008B501F0D9FB08BD08B501F0E9FA08BD8D
:1026B00008B501F02BFE012101F014FE01F072F9C2
:1026C00008BD000008B50121074B93F8560001F042
:1026D00009FE2D214FF4D760FFF7E6FF01F069F9FD
:1026E000024801F0FBF808BDD0260020FFFF0F00D4
:1026F00038B504460D460021044B93F8560001F00E
:10270000F1FD2946204601F01DF938BDD0260020F4
:1027100038B5044601F0CEFE012814D000231A4635
:1027200040F26221084601F0E8F97CB90F4C002123
:1027300094F8560001F0D6FD637883B16FF07F40C6
:1027400001F0AEFA38BD01F0BDFEEEE7084D2146BE
:10275000284602F079FB284602F030FBE6E7034BFF
:102760009868800101F09CFAECE700BFD0260020B9
:10277000A026002008B5002001F096F808BD08B595
:1027800001F08CF8052805D0072805D0042805D1CC
:10279000022002E0012000E0032008BD0020FCE749
:1027A00030B583B000238DF8073000939C4BB3F80D
:1027B0005430202B29D81AB2002A00F0EB80013BBC
:1027C0001F2B00F2E780DFE813F05F007500E500E3
:1027D000DF00E500E500E500E700E500E500E500D5
:1027E000E500E500E500E500F400E500E500E500B2
:1027F000E500E500E500E500E500E500E500E500B1
:10280000E500E500E500E500FB00B3F5807F00F0A2
:10281000A38014D8402B00F0EC80802B40F0BA80CD
:10282000002001F041F87F4B1B68002B00F0B280C4
:102830009B69002B00F0AE8000209847AAE0B3F51A
:10284000007F40F0A780784B01220021022001F098
:1028500017FF01F023F8042800F0898001F01EF82A
:10286000052840F09780714802F04EFA002001F0F0
:102870001BF86C4B1B68002B00F08C80DB68002B76
:1028800000F08880984785E0694802F03DFA002012
:1028900001F00AF801F010FE012808D0614B1B6816
:1028A000002B77D01B68002B74D0984772E001F0A2
:1028B0000CFEF3E75D4802F027FA594B5B78F3B161
:1028C000FF220DF107015B4801F0F2FC5A4801F0CC
:1028D0009BF9544B1B68002B5CD09C68002C59D092
:1028E0004F4B93F82430012B1DD14D4A92F93130D2
:1028F00092F930209DF807104E48A0474AE000208A
:1029000000F0D2FF002140F6021001F0B9F940F6C4
:10291000441001F0A1FA40F00201C9B240F644109F
:1029200001F0AEF9CCE73E4C6946E06B01F074FD76
:102930003C4B1B689D68009B03F5FA733F4A82FB82
:102940000312DB17C3EBA2135BB294F929209DF8A5
:1029500007103848A8471DE0002000F0A5FF314BC4
:102960001B68BBB19B69ABB10120984712E03048AE
:1029700002F0CAF9002000F097FF2A4B1B684BB108
:102980005B683BB1984705E02D4B012200210220F6
:1029900001F076FE03B030BD2A4B01220021022057
:1029A00001F06EFE01F086FD0128F3D101F08EFDED
:1029B000F0E7254B01220021022001F061FEE9E74A
:1029C0001A4802F0A1F9164B5B7873B1154B1B68DE
:1029D000002BDFD0DB68002BDCD098471B4B01229B
:1029E0000021022001F04CFED4E7002000F05CFF43
:1029F000ECE7174B01220021022001F041FE084BB9
:102A00005B7843B1074B1B68002BC3D01B69002BBD
:102A1000C0D09847BEE7002000F046FFF2E700BFB5
:102A2000D026002028270020E45C0208A0260020F1
:102A3000B82600202C270020F4260020D34D621059
:102A4000F85C0208045D0208105D02081C5D0208C3
:102A5000285D020808B5034BA3F85400FFF7A0FE59
:102A600008BD00BFD026002008B501F066FC033089
:102A700008BD08B501F0A6FB08BD08B501F0F0FAE5
:102A800008BD08B501F0B2F808BD000038B50D4624
:102A90004FF47A7303FB02F401F068F8284601F062
:102AA00035FC012101F01EFC00F07CFF044D2146A5
:102AB000284602F0C9F9284602F080F938BD00BF67
:102AC000B826002008B501F051F808BD08B500216E
:102AD000074B93F8560001F005FC00231A464FF40B
:102AE000C071084601F009F800F050FF08BD00BFB2
:102AF000D026002038B5044601F0DCFC012814D0B3
:102B000000231A4640F26221084600F0F6FF7CB925
:102B10000F4C002194F8560001F0E4FB637883B178
:102B20006FF07F4000F0F4FE38BD01F0CBFCEEE723
:102B3000084D2146284602F087F9284602F03EF962
:102B4000E6E7034B9868800100F0E2FEECE700BF87
:102B5000D0260020A026002008B54FF0040001F088
:102B6000D5F90220F0F70AFA08BD000070B582B06E
:102B700005460C4600231A4640F20121084600F0A3
:102B8000BCFF5A4E012196F8560001F0ABFB33789A
:102B9000012B03D196F85130062B12D040F6890054
:102BA00001F05AF940F00401C9B240F6890001F081
:102BB00067F84E4B1B78032B18D8DFE803F0220D83
:102BC0004D5A40F6890001F047F900F0FB0140F64C
:102BD000890001F055F8ECE74448C4770E3001F065
:102BE00081FA00222146284601F049FB404C3F4B28
:102BF0005968204602F028F9204602F0DFF802B0BA
:102C000070BD01F057FC01280AD0384884750E3099
:102C100001F068FA00222146284601F030FBE5E782
:102C20000DF107022146284601F049FC68B92F48FA
:102C30009DF8073083750E3001F054FA00229DF89C
:102C40000710284601F01BFBD0E72A4B0122002188
:102C5000022001F015FDD2E7244802238373847615
:102C60000E3001F03FFA00222146284601F007FB12
:102C7000BCE7224629462048FFF79EFC1B4E022354
:102C8000B373651CEDB2B57606F10E0001F02AFAB9
:102C90000021F120FFF708FD0021F020FFF704FDDF
:102CA000B36C642B19D0E121F320FFF7FDFC042164
:102CB000F220FFF7F9FCE1008C1C090AF420FFF771
:102CC000F3FC04F0FE01F520FFF7EEFC6FF07F420D
:102CD0002946094801F0D3FA88E77021F320FFF76D
:102CE000E3FC1D21F220FFF7DFFCE4E7D026002003
:102CF000B8260020385D02082C27002010B50446B5
:102D0000194B187001F0E3FB013C032C03D8DFE8FA
:102D100004F009151C23002001F002F8124B0022D8
:102D20005A7311E0012000F0FBFF0F4B5A7B187B18
:102D3000824209D0587300F083FA05E0022000F0C7
:102D4000EFFF094B00225A7310BD022000F0E8FF8C
:102D5000054B00225A73F7E7002000F0E1FF024B19
:102D600000225A73F0E700BFD02600202DE9F04181
:102D700086B005460C4617461E460023049305936D
:102D800001F097FB012D7AD0022D00F0E280002D9A
:102D900040F0F380A368002B00F0FC802369002B37
:102DA00000F0FB80207D082800F2FA80002107E077
:102DB000A3695A5C01F118036B4403F8082C013134
:102DC0008842F5DC794D4FF0000885F83880A3681B
:102DD000EB63237885F84430606801F005FB85F8E3
:102DE0004500E3682B6485F80E802369DB002B82A5
:102DF0000423AB74237DDB00EB7485F8148094F816
:102E00002430022B08D0A27F022A05D0E07F674938
:102E1000C8750B764A7518E0E27F02F10F03DBB24A
:102E2000012B01D9012A27D101238DF80C300194FF
:102E30005F4A604B196801A801F038FBE0B95B4BB1
:102E400000221A760121D9755A75FFF793FC0020EC
:102E5000FFF754FF584D284600F07CFFA5F12A00EB
:102E600001F040F904A801F00BF9A08B01F06EF815
:102E7000208C01F022F980E04FF0FF3087E04B4BCF
:102E8000012283F8382094F8282083F8502094F801
:102E9000292083F8512094F82A2083F8522094F8AE
:102EA0002B30012B35D0022B38D01BB93F4B0022E1
:102EB00083F853203D4D4FF0010885F80E80A38D17
:102EC000AB8394F82E30AB7794F82F3085F8203010
:102ED00094F8303085F82130FFF74CFC4046FFF77E
:102EE0000DFF05F1380000F035FF05F10E0001F08F
:102EF000F9F895F85130062B20D040F6890000F003
:102F0000ABFF40F00401C9B240F6890000F0B8FE02
:102F100033E0264B012283F85320CBE794F8283086
:102F20000B3BDBB2012B04D9204B002283F853204A
:102F3000C0E71E4B012283F85320BBE740F689000F
:102F400000F08AFF00F0FB0140F6890000F098FED7
:102F500013E0636B013BB3F57A7F24D20220FFF7C5
:102F6000CDFE1248022380F83830636B8364162349
:102F700080F84C30383000F0EDFE384601F0C6F9EC
:102F80000A4C84F8560001F099FA6660002006B0F9
:102F9000BDE8F0814FF0FF30F9E74FF0FF30F6E782
:102FA0004FF0FF30F3E74FF0FF30F0E7D02600207E
:102FB000B82600202827002008270020F0B587B079
:102FC00007460C4615461E4600230493059301F060
:102FD00070FA05B10026003D18BF0125944B5D70C5
:102FE0002FB1012F00F09580002007B0F0BDE368FD
:102FF000002B00F010812369002B00F00F81637D0E
:10300000082B00F20E81002207E0A169885C02F122
:103010001801694401F8080C01329342F5DC20687C
:10302000003818BF012000F0CBFC814D002785F847
:103030003870E368EB63237985F84430A06801F0C9
:10304000D3F985F84500AF732369DB002B82237D1C
:10305000AB74637DDB00EB7494F822302B7594F82D
:10306000233073B9E169A97594F82A20022A12D095
:10307000022B10D094F824006D49C8750A764B7560
:1030800023E0022B03D06A4AFF219175ECE7684ADE
:10309000FF219175E8E794F8242002F10F03DBB2D9
:1030A000012B01D9012A31D100238DF80C30029473
:1030B000604A614B196801A801F0F8F930BB5C4B1C
:1030C00000221A760121D9755A75FFF753FB0020AB
:1030D000FFF714FE594D284600F03CFEA5F12A00EA
:1030E00001F000F804A800F0CBFF208C00F02EFFC8
:1030F000E08C00F0E2FF4FF4FA5306FB03F3E268C2
:10310000B3FBF2F345F8303C00206EE74FF0FF30A0
:103110006BE7A38E002B00F0878094F83630012BEC
:1031200057D0FF27E06A003818BF012000F048FCA4
:10313000F0B200F0D3FD3E4B012283F8382094F822
:10314000302083F8502094F8312083F8512094F8EF
:10315000322083F8522094F83330012B3BD0022BDD
:103160003ED01BB9324B002283F85320304D01264C
:10317000AE73A38EAB8394F83630AB77EF7794F8C9
:10318000383085F8203094F8393085F82130FFF751
:10319000F1FA3046FFF7B2FD05F1380000F0DAFD34
:1031A00005F10E0000F09EFF95F82130B34227D0C4
:1031B00040F2367000F050FE40F00401C9B240F217
:1031C000367000F05DFD1A4B4FF6FF729A600020DA
:1031D0000BE7277FA6E7164B012283F85320C5E7AC
:1031E00094F830300B3BDBB2012B04D9104B00229A
:1031F00083F85320BAE70E4B012283F85320B5E73A
:1032000040F2367000F028FE00F0FB0140F236700C
:1032100000F036FDD7E74FF0FF30E6E64FF0FF3025
:10322000E3E64FF0FF30E0E64FF0FF30DDE600BFB1
:10323000D0260020A02600202827002008270020D4
:1032400010B504460E4B187358730120FFF756FD56
:1032500054B134214FF4E86000F012FD442140F2F3
:10326000417000F00DFD10BD14214FF4E86000F036
:1032700007FD242140F2417000F002FDF3E700BF9A
:10328000D02600202DE9F04F83B004460D4691462C
:103290001F46BDF838609DF83C809DF840A001F0C5
:1032A00008F9012C5AD0032C00F0AB80002C44D13B
:1032B0005C4C4FF0000B84F838B00C9BE3630B239D
:1032C00084F84430384601F08FF884F84500C4F89B
:1032D000409084F80EB0F60026820423A3741823CD
:1032E000E37484F814B088F0010884F81580BAF10A
:1032F000000F2FD0F222E2754A4C01232376FFF70C
:1033000039FA264616F8380F003818BF0120FFF7A3
:10331000F5FC304600F01EFD04F10E0000F0E2FE68
:10332000414A6B4692E8030083E80300184600F028
:10333000A7FE40F2FF1000F009FE284600F0E6FF6D
:10334000384C84F8560001F0B9F8149B636003B060
:10335000BDE8F08F334B0122DA75CDE7314A012306
:1033600082F838300C9BDBB282F850302F49C95DAF
:1033700082F851109DF8341082F852101FB90C9A3F
:103380000B3A012A2FD9012F2AD0264A002182F890
:103390005310244A01219173053BDBB28B4227D99C
:1033A000204B9E831F4C84F81E80214B1B78E377B3
:1033B00084F820A09DF84C3084F82130FFF7DAF92A
:1033C000264616F8380F003818BF0120FFF796FC84
:1033D000304600F0BFFC04F10E0000F083FEACE7C5
:1033E0000C9A0C2AD1D10F4A012182F85310D0E750
:1033F0000B2E03D813460C229A83D3E7094B9E83E6
:10340000D0E70320FFF77AFC0648022380F8383023
:103410000C9B8364162380F84C30383000F09AFC03
:103420008BE700BFD0260020E0DD0108B46602086B
:10343000190300202DE9F04F87B004460E461546CB
:103440000193BDF84490BDF848A09DF84C709DF8DC
:1034500054B09DF86480B04B83F8018001F029F8E6
:10346000B8F1000F01D04FF0000A002F5DD09DF899
:103470005020AA4B1A70012C00F0D780042C58D091
:10348000002C40F0CB80002000F09AFAA24C4FF0C4
:10349000000884F83880E5630B2384F84430304614
:1034A00000F0A2FF84F8450084F80E804FEAC909B5
:1034B000A4F810900423A3741823E37484F81480F0
:1034C00087F001076775954B1B78A375BBF1000F5B
:1034D00000F0A780F222E2758F4C01232376FFF7DC
:1034E00049F9264616F8380F003818BF0120FFF7B3
:1034F00005FC304600F02EFC04F10E0000F0F2FD59
:10350000874A04AB92E8030083E80300184600F002
:10351000B7FD40F2FF1000F019FD4FF4FA5303FB22
:103520000AF3B3FBF5F3A36078E07C4BFF221A703B
:10353000A1E7012000F044FA774C002784F83870A6
:10354000E563092384F844304FF44873236430461C
:1035500000F04AFF84F84500A7734FEAC909A4F8B0
:103560001090A7741023E374277567756B4B1B7855
:10357000A3750123E37527760420FFF7BFFB04F151
:10358000380000F0E7FB04F10E0000F0ABFD02ABE9
:10359000644A92E8030083E80300184600F070FDD7
:1035A00040F2FF1000F0D2FC40F6B800FFF778F8C8
:1035B00000F0EF0140F6B800FFF776F8042140F67E
:1035C000B900FFF771F840F69B00FFF769F800F0CB
:1035D000E30141F0080140F69B00FFF765F840F277
:1035E000D160FFF75DF800F0E70141F0180140F20B
:1035F000D160FFF759F840F2AC60FFF751F800F0E6
:103600008F0141F0500140F2AC60FFF74DF84FF4EC
:10361000FA5303FB0AF3B3FBF5F3A36007B0BDE86D
:10362000F08F3D4B0122DA7556E7002000F0C8F913
:10363000394A012382F83830EBB282F850303A49E7
:10364000895D82F85110019982F852101EB9A5F1D6
:103650000B02012A45D9012E41D02F4A002182F8C0
:1036600053102D4A01219173053BDBB28B423DD9AA
:10367000294BA3F81C90284CA777284B1B78E3779D
:1036800084F820B09DF8603084F82130FFF772F89C
:10369000254615F8380F003818BF0120FFF72EFB1C
:1036A000284600F057FB04F10E0000F01BFD5FFA06
:1036B0008AF000F013FB94F82130012B21D040F266
:1036C000367000F0C9FB40F00401C9B240F2367018
:1036D00000F0D6FA104B4FF6FF729A609EE70C2D61
:1036E000BBD10D4A012182F85310BAE7B9F10B0F93
:1036F00003D813460C229A83BDE7074BA3F81C900E
:10370000B9E740F2367000F0A7FB00F0FB0140F291
:10371000367000F0B5FADDE7D0260020190300204E
:10372000E0DD0108E8DD0108B466020808B5012003
:10373000FFF7E4FA00231A461946184600F0DDF9AF
:1037400000F050FD08BDF0B58BB004460F4616469C
:103750001D46FFF70FF80020FFF7D0FA2046FFF7CD
:10376000B1F9012309930024089407940694059461
:1037700004940394029403230193009723464FF487
:10378000167239462046FFF755FE2046FFF7B2F97C
:10379000FFF76AF9EFF7F2FB01F076FA04462046EC
:1037A00001F07CFAA84206D20020FFF76AF9B04285
:1037B000F5DD002400E00124FEF7DCFF20460BB01D
:1037C000F0BD000070B582B01D4B18601D4B002489
:1037D0005C705C609C601C4800F062FB2046FFF758
:1037E0002FFD00F0FAF82146204600F0F1F90422FE
:1037F0002146012000F0C3FB234622464FF6FF710D
:10380000084600F07AF9FFF7A7F9104E0094104B24
:1038100022464FF0FF31304601F018FA0D4D00946A
:103820000D4B22464FF0FF31284601F00FFA30468B
:1038300001F06AFA284601F067FA02B070BD00BFD5
:1038400028270020D0260020552A0108B82600206D
:1038500095250108A0260020B125010810B51346C2
:10386000EFF3108472B60A4601460348F3F7D0FB23
:1038700084F3108810BD00BF8808002010B51346DF
:10388000EFF3108472B60A4601460348F3F716FCBC
:1038900084F3108810BD00BF88080020014B187801
:1038A000704700BF3A28002000B583B08DF80700AC
:1038B00001220DF107018020FFF7D0FF9DF80730AE
:1038C0002BB9054B01221A7003B05DF804FB024BC3
:1038D00002221A70F8E700BF3A28002000B583B032
:1038E0000A4B04221A70C0F307438DF80430C0F36A
:1038F00007238DF805308DF80600032201A98320E7
:10390000FFF7ACFF03B05DF804FB00BF3A280020CE
:1039100000B583B00A4B05221A70C0F307438DF837
:103920000430C0F307238DF805308DF8060003221C
:1039300001A98220FFF792FF03B05DF804FB00BFEE
:103940003A28002000B583B0C0F307438DF800305B
:10395000C0F307238DF801308DF80200C1F307434F
:103960008DF80330C1F307238DF804308DF805106E
:10397000062269469420FFF771FF034B06221A7056
:1039800003B05DF804FB00BF3A28002008B5002210
:103990001146C520FFF762FF014B07221A7008BDD0
:1039A0003A28002008B500221146D120FFF756FF23
:1039B00008BD08B500221146D220FFF74FFF08BD11
:1039C00000B583B08DF8070001220DF107019F209B
:1039D000FFF744FF03B05DF804FB00B583B0F0F7D8
:1039E00045FD01280BD000238DF8073001220DF191
:1039F00007019620FFF732FF03B05DF804FB0123B7
:103A00008DF80730F2E700B583B000F0400300F016
:103A10002002134300F01002134300F00802134386
:103A200000F00402134300F00202134300F001000F
:103A300003438DF8073001220DF107018920FFF7BC
:103A40000DFF03B05DF804FB00B583B01C4B98423A
:103A50000DD9E1238DF80430E9238DF805300222D9
:103A600001A99820FFF7FAFE03B05DF804FB154B9F
:103A7000984206D9D7238DF80430DB238DF8053022
:103A8000EDE7114B984206D9C1238DF80430C523C8
:103A90008DF80530E3E70D4B984206D975238DF874
:103AA000043081238DF80530D9E7094B9842D6D9E7
:103AB0006B238DF804306F238DF80530CFE700BFFE
:103AC00000E9A43580F8A9328044E52D000B6B1B7A
:103AD00040FC541900B583B08DF804008DF8051032
:103AE0008DF806208DF8073004220DEB0201952099
:103AF000FFF7B4FE03B05DF804FB00B583B04FEAF6
:103B0000102C8DF800C08DF80100080A8DF8020015
:103B10008DF80310110A8DF804108DF805201A0A8B
:103B20008DF806208DF80730082269461046FFF709
:103B300095FE03B05DF804FB00B583B000F007000C
:103B40008DF80400C1F307438DF80530C1F3072356
:103B50008DF806308DF8071004220DEB0201972036
:103B6000FFF77CFE03B05DF804FB000010B582B0E7
:103B70000446124B1B78D3B1114A00236006E109B9
:103B8000EDF7EAFB030E8DF80430C0F307438DF820
:103B90000530C0F307238DF806308DF807000422A6
:103BA0000DEB02018620FFF759FE02B010BDFFF7B2
:103BB0004BFF024B01221A70DEE700BF30280020C5
:103BC0000048E801014B1878704700BF39280020F1
:103BD00000B583B08DF804008DF80510022201A90C
:103BE0008F20FFF73BFE03B05DF804FB00B583B008
:103BF000012201A91520FFF741FE9DF80400404273
:103C0000401003B05DF804FB10B582B004460322F7
:103C100001A91420FFF732FEFFF7D4FF207048B14E
:103C2000012818D014220021204600F04AFE0F235C
:103C300023700EE09DF8043023719DF805305B423F
:103C40005B10A3719DF806305B425B10637100232B
:103C5000A36002B010BD9DF804305B425B1023737B
:103C60009DF9053002339B1063739DF806305B426B
:103C70005B10A373014B1B682361EAE73428002023
:103C800000B583B08DF8071001230DF1070201463E
:103C90000248F3F719F903B05DF804FB8808002027
:103CA00010B582B004460C4B05221A70972140F6DD
:103CB000AC00FFF7E5FFC4F307438DF80430C4F30D
:103CC00007238DF805308DF80640032201A98220D4
:103CD000FFF7C4FD02B010BD3A28002000B583B044
:103CE0008DF8070001220DF10701A020FFF7B6FDB6
:103CF0009DF807303F2B0FD95B08002202E09B089C
:103D00000132D2B21F2BFAD8D900C9B21144C9B2BC
:103D100040F20670FFF7B4FF03B05DF804FB00004B
:103D200000B583B08DF80700C3B2094A137043B1E0
:103D300001220DF107018A20FFF790FD03B05DF825
:103D400004FB002140F2AC60FFF79AFFF0E700BFF0
:103D50003928002010B582B0044600230093019357
:103D600000783A4B1B78984206D12378032B2CD845
:103D7000DFE803F005422D54FFF7D2FFF5E7626854
:103D8000334BB3FBF2F31A0C8DF800201A0A8DF8AE
:103D900001208DF80230237B8DF80330637B8DF892
:103DA0000430A1682B4A00234806C909EDF7D4FA6C
:103DB000030C8DF80530030A8DF806308DF80700E6
:103DC000082269468B20FFF749FD02B010BD226929
:103DD0001F4BB3FBF2F31A0C8DF800201A0A8DF872
:103DE00001208DF80230237D8DF8033004226946CE
:103DF0008B20FFF733FDE8E7237E8DF80030637EEC
:103E00008DF80130A37E8DF80230E37E8DF803300B
:103E1000042269468B20FFF721FDD6E762680C4B30
:103E2000B3FBF2F31A0C8DF800201A0A8DF801206A
:103E30008DF80230237B8DF80330637B8DF80430DE
:103E4000052269468B20FFF709FDBEE739280020CF
:103E50000000093D0048E80100B583B00146012398
:103E60000DF107020348F3F77FF89DF8070003B050
:103E70005DF804FB8808002010B50446F0F7F6FA58
:103E8000012800D010BD40F62310FFF7E5FF00F039
:103E9000F901214340F62310FFF7F2FEF2E700009C
:103EA00008B508B1164A1060EEF7B8FE0220FFF719
:103EB000E3FF0020134B1870FFF7F6FCF0F7D2FA7F
:103EC00001280FD0202140F61110FFF7D9FE202144
:103ED00040F61210FFF7D4FEF0F7B8FA0A4B0122B1
:103EE0001A7008BD4021FFF727FE002140F611108F
:103EF000FFF7C6FE4FF07F00FFF785FDECE700BF40
:103F00002C280020302800203A28002010B582B04C
:103F100004460020F0F79EFA0220FFF7ADFF04F000
:103F2000040304F00202134304F0010423438DF858
:103F3000073001220DF107018420FFF78FFC024BAF
:103F400000221A7002B010BD3A28002010B50446B5
:103F5000FFF738FE00B110BD4FF4D760FFF77CFFCC
:103F600000F0FE00C4F3002101434FF4D760FFF7D7
:103F700087FEE1B240F2B960FFF782FEEBE730B5B1
:103F800083B00C461546012827D10F290DD00123F7
:103F90001A4600210420FFF79DFD0D2C0CDC14F1C6
:103FA000110F0ADA6FF0100407E001231A4600210E
:103FB0000620FFF78FFDF0E70E24182140F6E700FA
:103FC000FFF75EFE8DF804408DF80550022201A92E
:103FD0008E20FFF743FC03B030BD40F6D800FFF75A
:103FE0003BFF40F01E01C9B240F6D800FFF748FE83
:103FF0000123002207210420FFF76CFD162C05DCAD
:1040000014F1090F03DA6FF0080400E016243821D8
:1040100040F6E700FFF734FED4E7000030B583B088
:1040200005460C46022201A91320FFF727FCFFF7E3
:10403000C9FD012807D09DF804302B709DF805308C
:10404000237003B030BD054B1B78DBB2012BF2D1DE
:1040500040F20270FFF700FF2870EFE738280020D9
:1040600010B51346EFF3108472B60A4601460348B2
:10407000F2F72AFF84F3108810BD00BF88080020E3
:1040800008B5014608224FF4D860FFF7E9FF002089
:1040900008BD00B583B0030A8DF804308DF8050023
:1040A000FFF790FD10B103B05DF804FB022201A9F7
:1040B00040F2BC60FFF7D4FFF5E700B583B0030A18
:1040C0008DF804308DF80500FFF77CFD10B103B0CA
:1040D0005DF804FB022201A940F2BE60FFF7C0FFB9
:1040E000F5E7000010B584B0044600230193029365
:1040F0008DF80C300078314B1B78984206D123782C
:10410000032B2AD8DFE803F005443F05FFF708FE3C
:10411000F5E7637AF12B22D0F22B2AD06288110ABC
:104120008DF804108DF8052022798DF8062062792B
:104130008DF80720A2798DF80820E2798DF8092002
:10414000227A8DF80A208DF80B30A37A8DF80C3086
:10415000092201A98C20FFF781FB04B010BD4FF6A6
:10416000FF70FFF796FF48F20500FFF7A6FF022356
:10417000D4E741F60F50FFF78CFF41F22100FFF723
:104180009CFF0623CAE7237B8DF804300122E0E779
:10419000E3891A0A8DF804208DF80530237C084A3B
:1041A00013708DF80630637C8DF80730A37C8DF892
:1041B0000830E37C8DF809300622CAE73928002050
:1041C0003828002010B51346EFF3108472B60A4663
:1041D00001460348F2F7C8FE84F3108810BD00BF03
:1041E0008808002070B582B00026019640F6E200F3
:1041F000FFF732FE054600F0FE0140F6E200FFF751
:104200003FFD40F6E500FFF727FE044600F07F0182
:1042100040F6E500FFF734FD6FF07F40FFF778FBD5
:1042200004220DEB020140F61900FFF7CBFF3046E8
:10423000FFF73AFB294640F6E200FFF721FD214651
:1042400040F6E500FFF71CFD019802B070BD0000CC
:1042500010B51346EFF3108472B60A4601460348C0
:10426000F2F7DAFF84F3108810BD00BF8808002041
:1042700008B50A4601460020FFF7EAFF08BD10B561
:104280001446FFF7F5FF2046FFF728FB10BD00009E
:1042900010B51346EFF3108472B60A460146034880
:1042A000F3F704F884F3108810BD00BF88080020DD
:1042B00070B582B006460C46154600238DF80730CF
:1042C0000DF107012046FFF7A9FE2278AA4202D984
:1042D000012002B070BD31469DF80700FFF7D8FFFE
:1042E0000020F6E710B5012903D00120F0F7B2F85D
:1042F00010BD04460846012C03D0022CF6D1032041
:10430000F4E70420FFF7B8FD0220F6E738B50446CD
:10431000F0F7A4F848B102280DD102250222214667
:104320002846FFF72CFE284638BD0F2C01DC01255E
:10433000F4E70225F2E70125F0E7012070470000CD
:1043400008B5024B1B680120984708BD2C280020A7
:1043500008B5024B1B680220984708BD2C28002096
:1043600008B5024B1B684020984708BD2C28002048
:1043700008B539B1012909D1054B1B684FF480708C
:10438000984703E0024B1B688020984708BD00BF98
:104390002C28002008B5034B1B684FF40070984789
:1043A00008BD00BF2C28002008B5024B1B68202048
:1043B000984708BD2C28002008B5024B1B68042034
:1043C000984708BD2C28002008B5024B1B68082020
:1043D000984708BD2C28002008B5024B1B68102008
:1043E000984708BD2C280020014680B10023152BDA
:1043F0000CD8084A52F833208A4202D80133DBB283
:10440000F5E7044A02EBC30318797047FEE71F2063
:10441000704700BF3C67020870B582B005460C4685
:104420001D4B019340F60700FFF716FDC0F3C103D3
:1044300008336B4413F8042C00F00703013B9A4047
:10444000164BB3FBF2F3B3FBF5F0072804D840009A
:1044500003281ED9022500E0012503FB05F54FF4D2
:10446000D660FFF7F9FC060206F4706640F2B16010
:10447000FFF7F2FC304310F4006F03D06FEA0050F6
:104480006FEA10506D0905FB00F0C011206002B00A
:1044900070BD0425E1E700BF04080A0C0048E801EC
:1044A0004FF0FF3070474FF0FF3070474FF0FF3054
:1044B00070477047002070470020704770474FF0EA
:1044C000FF3070474FF0FF307047704770477047BC
:1044D00010B5EFF3108C72B61E4BB3F812E01A8AC7
:1044E000964511D0964521D9CEF580639BB2834283
:1044F0001FD882421DD9174B01249C70A3F800E0FD
:1045000000245C82134614E0CEF580639BB298428F
:104510000FD382420DD90F4B01249C70A3F800E009
:104520004FF0000EA3F812E0134602E0A2EB0E02D9
:1045300093B283420AD9074A538A0B800344C3F3D8
:104540000903538200208CF3108810BD4FF0FF3018
:10455000F9E700BF3C2E0020EFF3108172B6034A4A
:10456000D38A0133D38281F3108870473C2E002018
:10457000EFF3108172B6034AD38A013BD38281F3F1
:10458000108870473C2E0020024BD88A003818BF94
:10459000012070473C2E002008B518220021074852
:1045A00000F08FF94FF480620021054800F089F98E
:1045B000044B1B680448984708BD00BF3C2E0020F0
:1045C0003C2A0020B861020849470108014B5860A5
:1045D000704700BF3C2E0020014B1872704700BF8F
:1045E0003C2E002070B5EFF310831C4672B6FFF727
:1045F000CBFF18B184F31088002070BDFFF7ACFF2B
:104600001C4B1A8A5B8A9A422ED01A498978012952
:1046100017D0184A927832B9164A128A93421ED994
:104620009B1A144A9382134E358A134B1D4484F30C
:104630001088EEF791FC114BDB68B18A2846984749
:10464000DBE70C4801888A1A92B2828202218170CB
:1046500000210180002ADCD181700182D9E7C2F5F6
:104660008062044B9A82DEE7FFF782FF84F31088B2
:104670000020C2E73C2E00203C2A0020B86102083E
:1046800008B430B586B0099C0023ADF802302B4B3E
:104690001B7A83424CD3294BDB6899434BD1274B80
:1046A0005B6823B11AB10DF1020101A898470AAB6A
:1046B000059322464FF40071214800F0F7FF85B2C0
:1046C000FFF74AFFBDF80230E818694680B2FFF7ED
:1046D000FFFEB0F1FF3F26D000230DE0BDF8002023
:1046E00003F11801694411F8140C16498854013279
:1046F000ADF8002001339BB2BDF802209A42EDD8FC
:10470000BDF80000059B22464FF400710D4C20447B
:1047100000F0CCFFFFF72CFFFFF764FF06B0BDE809
:10472000304001B07047FFF723FF6FF00200F5E75C
:104730006FF00400F2E76FF00500EFE73C2E002079
:104740003C2800203C2A002010B5EFF310831946C6
:1047500072B6264B9B78022B16D0244A138A908A75
:104760000344C3F309031382204B1A8A5B8A9A42DB
:1047700003D01E48C08A01280BD081F31088EEF7C1
:10478000F1FBFFF7F5FE10BD184B00229A701A825C
:10479000EAE716488078012814D0144A927832B992
:1047A000124A128A93421BD99B1A104A93820F4BCA
:1047B000188A0F4A104481F310880E4AD268998AE9
:1047C0009047E0E7094C2088821A92B2A282022028
:1047D000A07000202080002ADFD1A0702082DCE7BA
:1047E000C2F58062014B9A82E1E700BF3C2E0020B7
:1047F0003C2A0020B86102080023024A1360024AE2
:1048000013607047582E0020542E0020EFF31083C1
:1048100072B641B1012903D106490A6802430A6010
:1048200083F31088704703490A6822EA00020A608D
:10483000F6E700BF582E0020EFF3108372B641B1A7
:10484000012903D106490A6802430A6083F31088EC
:10485000704703490A6822EA00020A60F6E700BFCF
:10486000542E002038B5EFF3108472B60C4B1B6841
:104870003BB10C4D2B6898476B68984784F31088C0
:1048800038BD094B1B682BB1064DAB689847EB68E8
:104890009847F3E7034D2B6998476B699847EDE715
:1048A000582E0020F4600208542E002004E011F875
:1048B000012B00F8012B1A46531E9BB2002AF6D199
:1048C000704702E000F8011B1A46531E9BB2002AF3
:1048D000F8D17047EFF3108C72B6064A13680343A1
:1048E0001360054A52F83130034342F831308CF3FB
:1048F00010887047F82E00205C2E0020704770470B
:10490000B0F5803F16D200041023B0F1807F02D2B0
:104910000833DBB20002B0F1805F02D20433DBB2B5
:104920000001000F044A105C1844C0B2C0F11F001F
:10493000C0B270470023E8E7EC67020870B53B4B54
:104940001C68204018603FE00133394850F83300BC
:1049500008401040F8D0364A02EBC30252681042B9
:1049600005D1334A02EBC3024FF0FF315160304DA5
:1049700005EBC3056E683040FFF7C2FF2D4A10609B
:10498000012303FA00F026EA00066E60EFF31080C0
:1049900072B612689340DD4327490A6822EA03028F
:1049A0000A60022306E0013B214951F833202A40E6
:1049B00041F83320002BF6D180F310881D4B1A6884
:1049C0001E4B53F8223098471D4B19681A4B1B6831
:1049D0000B40164A1268134205D01A4B1B681A483E
:1049E00000680340B1D0134B4FF0FF321A60FFF75D
:1049F00085FFEFF3108572B60F4B1B68104A1268E3
:104A000013400A4A1268134205D10E4B1A680E4B26
:104A10001B681A4206D085F31088FFF770FF034B1E
:104A20001C6070BDEEF716FAF5E700BF1C0300200E
:104A30005C2E0020EC2E0020F82E00206C2E002092
:104A400020030020F42E0020F02E002038B514465C
:104A5000EFF3108572B6FFF753FF034B43F8204086
:104A600085F3108838BD00BF6C2E002082B082B064
:104A70000DF1080C0CE9060003930022026082800D
:104A80000B440360BDF80420BDF810100A4491B235
:104A900012B28280B2F57A7F04DB01330360A1F5A4
:104AA0007A71818002B002B0704782B082B00DF19D
:104AB000080C0CE906000393002202608280CB1AE6
:104AC0000360BDF80420BDF81010521A91B212B262
:104AD0008280002A02DB02B002B07047013B036013
:104AE00001F57A718180F6E730B589B002AC84E8CF
:104AF000030000230493ADF814300B4D2B6905A877
:104B0000984703460490059A009294E8060006A888
:104B1000FFF7CBFF2B6806989847AB68BDF91C00E0
:104B2000984709B030BD00BF0C61020830B587B0AE
:104B3000044600230493ADF81430036083800B4DCA
:104B40002B6905A898470490EB689847ADF80C00CE
:104B50006B6898470290059B0093049B02AA06CAC3
:104B60002046FFF783FF204607B030BD0C610208E6
:104B700030B583B0044600230093ADF80430064BF3
:104B80001B696D4601A89847009095E8030084E8EA
:104B90000300204603B030BD0C61020830B589B077
:104BA00002AC84E803000C4DEB689847ADF81C009C
:104BB0006B68984703460690079A009294E80600AF
:104BC00004A8FFF772FFBDF91430049A4FF47A700D
:104BD00000FB023009B030BD0C61020830B587B06F
:104BE0000446124BA3FB01239B090493C3EB43121E
:104BF00003EB8203A1EBC301ADF814100023029371
:104C000003930B4DEB689847ADF80C006B68984721
:104C100003460290039A009206AA12E90600204673
:104C2000FFF724FF204607B030BD00BFD34D621010
:104C30000C61020808B5034B00221A60024B1B6886
:104C4000984708BDFC2E002020610208A8B1F8B5E5
:104C500017461E46044693B100250560094B5B6A62
:104C600008469847606025726572A572E660069BEB
:104C70002361E77265612846F8BD01207047012075
:104C8000FAE700BF2061020810B5034CE3699847BA
:104C9000A36A984710BD00BF2061020870B50646A0
:104CA000054DEB69984704466B6A30469847AB6AF6
:104CB000201A984770BD00BF20610208054B1B6891
:104CC00000E05B691BB18342FBD1012070470020EB
:104CD000704700BFFC2E0020F8B50446094E336A29
:104CE00098470546012323722768B669B0472844D0
:104CF000874202D2B04728442060024B9B6820685C
:104D00009847F8BD2061020868B310B50246EFF37A
:104D1000108472B6154B196801238372E1B1002328
:104D20004372884206D00B46B3B1934211D0194664
:104D30005B69F9E70B72486920B10C4B1860FFF70B
:104D4000CBFF09E00A4BDB689847084B00221A604A
:104D500002E05B6923B14B6184F31088002010BD31
:104D600000234B61F8E70120704700BFFC2E0020B4
:104D700020610208094B1A68536901E01A465B6911
:104D8000516939B11968D0F800C08C45F6D8506126
:104D9000436170475061002343617047FC2E00203F
:104DA00008B5054B1B680BB100221A724361024B18
:104DB0001860FFF791FF08BDFC2E0020F8B5002811
:104DC00036D00446FFF77AFF002834D1657A002DEB
:104DD00033D1EFF3108672B66768194B1B6A984798
:104DE000874200D33846206000232372012262727A
:104DF000A372144B1B6883B1114B9B6998472368BE
:104E0000184420600F4B1B681B6898420CD2204648
:104E1000FFF7C6FF86F310880BE0094B1B69984724
:104E20002046FFF7BDFFF5E72046FFF7A3FFF1E7B8
:104E300001252846F8BD0125FBE70125F9E700BF5C
:104E400020610208FC2E002098B110B504460A4BE0
:104E50005B6A0846984760602046FFF72FFF08B955
:104E6000002010BD2046FFF74FFF2046FFF7A6FFAA
:104E7000F7E70120704700BF2061020870B5EFF32B
:104E8000108572B61E4C6369984706462369984799
:104E9000841B1C4B1B6823B918E000221A605B6955
:104EA000A3B11A68A242F8D9311A0A441A60F6E787
:104EB000144B1C6862691A60002323726372E368F2
:104EC000206998476389B3F5807F12D00D4B1B682A
:104ED0003BB11C68002CEBD0094B9B69984784427E
:104EE000E6D3084B186808B1037A33B185F310880C
:104EF00070BD2046FFF762FFE8E7FFF7EDFEF5E73C
:104F000020610208FC2E0020034601E00133114617
:104F10001A7812B14A1E0029F8D1181A70470146B2
:104F2000002008E000EB8000531C0B60137803EBBB
:104F30004003A3F130000A681378303BDBB2092B41
:104F4000F0D970472DE9F04F95B08446DDF878A090
:104F50001F9C209D15F0400F1AD1664E15F0100FC2
:104F600001D025F00105981E222800F2C08015F01E
:104F700001000FD0302715F0020F1BD0002A0BDBE9
:104F800015F0040F0ED00AF1FF3A4FF02B0813E092
:104F9000594EE3E72027EEE752420AF1FF3A4FF07D
:104FA0002D0809E015F0080F39D00AF1FF3A4FF04B
:104FB000200801E04FF0000815F0200903D0102B65
:104FC00030D0082B31D0002A44D130228DF80C206B
:104FD0004FF0010EA64500DD7446AAEB040200283E
:104FE0003CD0B8F1000F05D0604600F8018B0139C4
:104FF0003ED08446B9F1000F03D0082B3DD0102BD2
:1050000043D015F0100F4FD06046744504F1FF34C3
:1050100054DD302300F8013B0139F6D128E04FF090
:105020000008C9E7AAF1020ACDE70AF1FF3ACAE788
:10503000B2FBF3F003FB102216F802B00EF150029F
:105040006A4402F844BC02460EF1010E002AEFD178
:105050000198BFE74FF0000E0190F7E76046002A85
:1050600002F1FF3207DD202600F8016B0139F6D18D
:1050700015B0BDE8F08F8446B3E76046302300F8F2
:10508000013B0139F4D08446BBE76046302300F889
:10509000013B0129ECD00CF1020078238CF801309F
:1050A0000239E5D08446ACE76046002A02F1FF32BF
:1050B000ABDD00F8017B0139F7D1D9E77346002B4E
:1050C0000EF1FF3E09DD0EF150036B4413F8443C32
:1050D00000F8013B0139F1D1CAE7002A02F1FF32A1
:1050E000C6DD202300F8013B0139F6D1C0E70020DE
:1050F000BEE700BF505D0208785D02082DE9F0416F
:1051000086B00C9F17F0400F04D1274D4FF0000CD4
:10511000644618E0254DF9E711F804E04FEA1E1641
:1051200015F806800CF118066E4406F8188C0EF07F
:105130000F0E15F80EE00CF119036B440CF1020C84
:1051400003F818EC0134052C0ADC002CE4D00CF137
:1051500018036B443A2603F8186C0CF1010CDBE7DA
:1051600017F0100F01D0002311E0531E624504DD3B
:10517000202200F8012B1A46F7E71A46F3E703F15D
:105180001801694411F8181C00F8011B013363452C
:10519000F5DB03E0202200F8012B1A46531E62457E
:1051A000F8DC06B0BDE8F081505D0208785D0208C9
:1051B0002DE9F04186B04FF0000C654634E0632BDA
:1051C00049DD434C84FB03644FEAE37ECEEB641E6F
:1051D0000CF10107DFF8FC8018F80E600CF11804E0
:1051E0006C4404F8186C642404FB1E3E3A4B83FBA9
:1051F0000E434FEAEE74C4EBA3040CF1020618F858
:1052000004C007F118036B4403F818CC04EB8404C2
:10521000AEEB440306F1010C2E4CE45C06F11803DE
:105220006B4403F8184C0135032D2CDC3DB10CF117
:1052300018036B442E2403F8184C0CF1010C4B5D41
:10524000002BBCD10CF118036B44302403F8184C2C
:105250000CF1010CE7E7092B13DD1F4E86FB03461B
:10526000DC17C4EBA6040CF101061A4F3F5D0CF1EC
:10527000180CEC440CF8187C04EB8404A3EB4403F6
:10528000C8E76646C6E70C9B13F0100F01D0002359
:1052900011E0531E624504DD202200F8012B1A465E
:1052A000F7E71A46F3E703F11801694411F8181CEF
:1052B00000F8011B01336345F5DB03E0202200F811
:1052C000012B1A46531E6245F8DC06B0BDE8F0819A
:1052D0001F85EB51505D0208676666660A4403E06D
:1052E00011F8013B00F8013B9142F9D1704710B52C
:1052F000044623783BB12E2B14D0652B03D0452BCD
:1053000001D00134F5E773B14FF480712046FFF707
:10531000FBFD03E0431C225CE25401380028F9DC69
:105320002E23237010BD2E23237000236370F9E712
:1053300000E0013003780BB12E2BFAD101300BB90C
:105340007047013003781BB1652B01D0452BF8D194
:10535000431E00E0013B1A78302AFBD02E2A04D1EC
:10536000013B02E0002203F8012F9842FAD1704776
:105370002DE9F04399B006460F461446DDF88080CB
:10538000472B2BD0452B21D0672B24D04FF0000981
:10539000652B38D0662B40F0A08002AB019316AB92
:1053A000009317AB42463046394602F01FFD169B6C
:1053B00013B12D2304F8013B0378002B00F0BB80D0
:1053C000179B002B40F38E800023A9E02033DBB233
:1053D0004FF00109DCE74FF0000901E04FF001094F
:1053E00002AB019316AB009317AB424630463946E9
:1053F00002F046FD179A531E13F1040F01DB984586
:1054000039DC08F1FF3802AB019316AB009317AB00
:1054100008F101023046394602F032FD169B13B105
:105420002D2304F8013B2546037805F8013BB8F12C
:10543000000F02DDA51C2E2363704246411C284646
:10544000FFF74CFFA844B9F1000F18D0452388F8A6
:105450000030179DADB90022002330463946EBF7E6
:105460001BFB80B94FF0FF3508F102042D2388F8AB
:1054700001306D420CE0A8EB020866238AE7652341
:10548000E5E7013DF0D408F102042B2388F8013050
:10549000334A82FB0531EB17C3EBA103184603EB3C
:1054A0008303A5EB43033033A37082FB0031C317A2
:1054B000C3EBA103194603EB8303A0EB4303303393
:1054C000637082FB0132CB17C3EBA20303EB8303B0
:1054D000A1EB4303303304F8033B0023237019B0DE
:1054E000BDE8F0832346302203F8022B2E2262709F
:1054F0001C46002203E0302304F8013B0132179BD5
:105500005B429342F7DC02E0013004F8013B037890
:10551000002BF9D1E1E710F8013B04F8013B1346F9
:105520000278002AD9D05A1C17999942F3D12E2318
:1055300004F8013BEFE72346302203F8012BB8F1D2
:10554000000F0BDD2E2363700234002303E03022B2
:1055500004F8012B01339845F9DCBEE71C46BCE793
:10556000676666662DE9F04F97B0044616461F46FB
:10557000DDF884909DF888A0239D15F0100F16D0BB
:1055800025F001054FF0200815F0020F2AD0002267
:10559000002330463946EBF789FA88B915F0040F35
:1055A00017D0209B013B20934FF02B0B1CE015F0F4
:1055B000010F02D04FF03008E6E74FF02008E3E794
:1055C00007F100431F46209B013B20934FF02D0B1A
:1055D0000AE015F0080F2FD0209B013B20934FF0DD
:1055E000200B01E04FF0000BB9F1000F27DBCDF8E5
:1055F0000090534602AA30463946FFF7B9FE15F02F
:10560000200602D0B9F1000F1CD0BAF1670F1DD0EF
:105610004FF4807102A8FFF777FC209B1B1A15F04E
:10562000110F19D0BBF1000F01D004F801BB15F028
:10563000100F1BD000222AE04FF0000BD4E74FF0F0
:105640000609D4E702A8FFF752FEDEE7002EDFD1FD
:1056500002A8FFF76DFEDBE75A1E002B04DD2023B6
:1056600004F8013B1346F7E71346DBE75A1E002B0D
:1056700003DD04F8018B1346F8E71346DAE702F17D
:105680005801694411F8501C04F8011B0132824290
:10569000F5DB03E0202304F8013B13465A1E002BE0
:1056A000F8DC204617B0BDE8F08F00002DE9F04788
:1056B00086B005920493B1F1000940F3A881064633
:1056C00004460CE0A4EB060809F1FF37B8450FDAF1
:1056D000252B13D004F8013B059B01330593059B53
:1056E0001B78002BEED1A21B09F1FF318A42E9DAC7
:1056F00000232370A01B06B0BDE8F0870025059BA2
:105700005A1C05925978A1F12002102A19D8DFE815
:1057100002F00F181812181818181818180C180971
:105720001818150045F01005E9E745F00405E6E70F
:1057300045F00805E3E745F02005E0E745F0010501
:10574000DDE7A1F13002D2B2092A15D92A2918D0F1
:105750004FF0FF3A059B1A782E2A21D04FF0FF30E8
:10576000059A92F800C0BCF16C0F33D0BCF14C0F1D
:1057700030D04FF0FF3C2FE005A8FFF7D0FB82466A
:10578000E8E702330593049B1A1D0492D3F800A0A6
:10579000BAF1000FDEDACAF1000A45F01005D9E7C8
:1057A0005A1C05925978A1F13002D2B2092A03D9C4
:1057B0002A2908D00020D3E705A8FFF7B0FB00286E
:1057C000CEDA0020CCE702330593049B1A1D049225
:1057D0001868F4E701320592059B1B78A3F141029A
:1057E000372A00F2E680DFE812F09C00E400E400D3
:1057F000E400E400E400E400E400E400E400E40089
:10580000E400E400E400E400E400E400E400E40078
:10581000E400E400E400E400C500E400E400E40087
:10582000E400E400E400E400E4009E00E4003A0048
:10583000C900E400CD00E400E400C900E400E40095
:10584000E400E400E400B9008400E400E400560051
:10585000E4003800E400E400FA000A237FE015F0D9
:10586000100F12D0049B1A1D04921B7804F8013B00
:105870000AF1FF3ABAF1000F7FF72EAF202304F8A8
:10588000013BF5E7202304F8013B0AF1FF3ABAF1A6
:10589000000FF7DCE6E7049B1A1D04921F6897B11E
:1058A00001463846FFF730FB014615F0100F10D0C7
:1058B00000228A4213DA3B4613F8010B04F8010B6D
:1058C00001321F46F5E7534FEAE7202204F8012B87
:1058D0009A460AF1FF338A45F7DC9A46E8E70AF16F
:1058E000FF338A457FF7F8AE202204F8012B9A4651
:1058F000F5E7BAF1FF3F0FD0049B1A1D04921A6816
:1059000002950190CDF800A01023A9EB08012046D4
:10591000FFF718FB0446DFE645F001054FF0080AE3
:10592000EAE745F04005BCF16C0F0BD0049B1A1D53
:10593000049219680095034652462046FFF738FC4A
:105940000446C9E6049B1A1D049219680095034693
:1059500052462046FFF7D2FB0446BDE60823BCF1C1
:105960006C0F40D015F0020F4CD0049A111D049119
:1059700012683CE045F040051023F0E745F00205D1
:105980000A23ECE7049B073323F0070303F1080223
:105990000492D3E9002345F002050395059909789F
:1059A00002910190CDF800A02046FFF7DBFD0446F0
:1059B00092E6252B02D0252304F8013BA31B9F422E
:1059C0000FDD059B1A783AB104F8012BA31B9F4207
:1059D0003FF782AE0A23C2E7013B0593F6E71023A7
:1059E000BDE70A23BBE7049A111D04911268A11BAD
:1059F00002950190CDF800A0791A2046FFF7A2FA8F
:105A0000044669E6049A111D04911268EFE700202C
:105A100071E600BFA05D02086D4A9042034600F2A5
:105A20009580B0F5802F17D26A4A904200F2988094
:105A3000B0F5403F41D2122800F2998012283AD89E
:105A4000DFE800F09E39393939393939393939398E
:105A500039393939A2A09C00A0F58023502B2AD8CF
:105A6000DFE803F0B0B22929292929292929292980
:105A700029292929A69E29292929292929292929A4
:105A800029292929A0A22929292929292929292996
:105A900029292929A4A8292929292929292929297C
:105AA00029292929AAAC2929292929292929292962
:105AB00029292929AE0048487047A0F54033202BFA
:105AC000F9D801A252F823F0995B01089D5B010807
:105AD000955B0108B75A0108B75A0108B75A01087F
:105AE000B75A0108B75A0108B75A0108B75A01084E
:105AF000B75A0108B75A0108B75A0108B75A01083E
:105B0000B75A0108B75A0108915B0108B75A010852
:105B1000B75A0108B75A0108B75A0108B75A01081D
:105B2000B75A0108B75A0108B75A0108B75A01080D
:105B3000B75A0108B75A0108B75A0108B75A0108FD
:105B4000B75A0108B75A01088D5B0108234A9042F1
:105B50003CD02349234A20488B4208BF1046704757
:105B60002149224A1C488B4208BF104670472049F1
:105B7000204A19488B4208BF104670471E4870479C
:105B80001E4870471E4870471E4870471E487047A1
:105B90001E4870471E4870471E4870471E48704791
:105BA0001E4870471E4870471E4870471E48704781
:105BB0001E4870471E4870471E4870471E48704771
:105BC0001E4870471E4870471E4870471E48704761
:105BD0005000040020000300BC5D020860000400C7
:105BE00070000400BC60020830000300D05E0208B0
:105BF00001000200E05D0208C45D0208D05D0208F9
:105C0000E0600208A85D0208B05E0208905E02082B
:105C1000605E02080C5E0208385E0208705F0208CF
:105C2000945F0208B85F0208DC5F02084C5F02085C
:105C3000046002082C600208546002087C600208BC
:105C4000F45E0208205F0208A0600208002070478E
:105C500083691A8812B900235B68FFDE59684B68B4
:105C600003B11B68012AF6D00A69002A00F02B81D3
:105C70002DE9F04F12689C69976926683D68C6F364
:105C8000C616C5F3C615AE4293B002D013B0BDE838
:105C9000F08F026A002AF9D0416A0029F6D0D1F8C3
:105CA0000880D968D0F81CC0B1F90C90B1F904E0B3
:105CB000B1F908B0B1F900A0CDF804A0002069F353
:105CC0000F0000216BF31F406EF30F016AF31F41B9
:105CD0000A900020CDE90C00D2F808A0CDF808E029
:105CE0000B91BCF1000F2AD0DCF8041039B3DCF8BA
:105CF00008E0BEF1000F22D00246844603931EF84E
:105D00000C0003280AD812AB03EB40003AF81C3011
:105D100038F81CC020F8183C20F820CC0132D2B250
:105D200091429446EBD8BDF92EC0BDF936A0039B35
:105D3000BDF928E0BDF93000624651461FE05268C7
:105D4000002A00F0B780013A032A28BF032201325B
:105D5000520051460CA80493039203F0AEFD039A3F
:105D600041460AA803F0A9FDBDF92EC0BDF936A031
:105D7000BDF928E0BDF93000049B62465146521A35
:105D8000A468E91D019D019406F10708BC685F69DC
:105D90000394C9100AEB05064FEAE80801FB02FA72
:105DA0007C68B9680F9102FB08F8B445FA680E9256
:105DB00010942ED1BDF934C0BDF92C6005FB08F854
:105DC00005FB0AFA029DAC44B44522D105FB04F45C
:105DD0001094BDF93240BDF92AC05C44644505FB0E
:105DE00008F805FB0AFA14D10BFB01F40F94BDF976
:105DF0003040BDF928C04C44A4450BFB08F80BFB10
:105E00000AFA06D109FB02F409FB08F809FB0AFAB1
:105E10000E94019D02FB0E5400FB0256B4427FF625
:105E200035AFBDF92A200692BDF932200792B3465C
:105E30000E9A039E0892049309940A46069B02FB5D
:105E400003B5079B03FB02B4A54229D9BDF92C3049
:105E50000193BDF9343002930F9B03933346CDF881
:105E600014B026461C467868019B03FB0069029B20
:105E700003FB006BD94509D9109F2146584642467D
:105E8000BB4400F037FFD9455444F6D8039B1E4469
:105E9000B54202D9049B5F69E5E7DDF814B02646F8
:105EA000089B9B44099B5B457FF6F0AE049B5F69B2
:105EB000BA68C3E71046BDF92EC0BDF936A0019AF5
:105EC000CE4601465BE79369FFDE00BF2DE9F04F48
:105ED00082698FB013880A90002B00F07082012B2A
:105EE000526800F06C82136909930BB11B68099327
:105EF0009B6914881D689B680493002326461846F6
:105F00000FE0516879B151F8231061B189690968CE
:105F100001F4F011B1F5003F14BF0221012101335A
:105F200008439C42EDD1C5F34343012B7BD00128AC
:105F30007ED0099B1B68059319462BB15B681BB18A
:105F40004988002940F07E834FF07E530B93194619
:105F5000C5F3C0534FF07E5000920C93EBF73EF820
:105F6000009A0692002303930746039A94425FD94E
:105F7000069B5B68002B5BD053F82240002C57D067
:105F80000A9B6169DB69A26951F82300E16851F855
:105F9000231001FB00FB0999C96851F82330D2E9AD
:105FA000005103FB00F32846029300F041FFA36970
:105FB000B0FBFBF09B68C5F343450BFB0032012DA2
:105FC000019238D02468002C79D06568002D00F04B
:105FD0006F816288002A00F0EB802968D5F8048080
:105FE0000598096898F90090002800F0C982466871
:105FF000002E00F09D83B0F8028007930B9800916B
:10600000B8F1000F40F0F682EBF7C8F80099079B53
:10601000002840F0BF820C9A002A40F06681002DD3
:1060200040F0E68076E3012800F01183830780D5F5
:106030000FB0BDE8F08FBBF1000F0C9A0599D84660
:10604000B8BF0BF103084FEAA808002A63D129B1B1
:106050004A681AB14988002940F0C0824FF07C5943
:10606000019A934222D2BBF1030F1FDDDDF810A08D
:106070001E465546AA46B34600241BF8010BEAF714
:10608000A5FE3946EAF7F6FE4946EAF7EBFDEBF7DF
:10609000CDF880F308000134A0450AF8010BECDCD0
:1060A000029B1D44019B4644B342E3D8049B4344F6
:1060B0000493039B01330393069B1C8855E7059AC1
:1060C000002A00F07F815668002E00F06F83B2F83E
:1060D00002800B9800934FF07E51B8F1000F40F012
:1060E0008781EBF75BF8009B002800F00D83019A95
:1060F00093420CD2049C029E90461D46214628469F
:106100005A465D4400F0F6FDA8453444F6D8049B99
:106110005B440493CDE7002900F068814A68002AB7
:1061200000F058834D88002D40F05482019A93422C
:10613000BCD2BBF1030FB9DD049C00970795029F09
:1061400002949B460798EAF741FE0025DDF8089087
:1061500082465E462C460DE028464FF07C51EAF719
:1061600081FDEBF763F800F307000134A04509F85F
:10617000010B14DD16F8010BEAF728FE0099EAF787
:1061800079FE5146EAF76EFD00210546EBF710F85F
:106190000028E1D0AC492846EAF762FDE1E7029B1E
:1061A0003B440293019BC3445B45CBD8009F7DE7F2
:1061B000059A002A00F0BC805668002E00F0B880D6
:1061C000B2F80280B8F1000F7FD00B9800934FF027
:1061D0007E51EAF7E3FF009B002840F00F810C9A04
:1061E0004FF07E51002A40F03581002D00F01881DB
:1061F0006488002C00F0A6816A6892F80090059AE5
:10620000002A00F0AB825668002E00F0A682548867
:10621000002C40F0148100940B98CDE90713EAF7A5
:10622000BDFFDDE9071318B1009A4A4500F09980D7
:1062300038460793EAF71EFE079B8046019A934271
:10624000BFF465AFBBF1000F7FF761AF03EB0B0548
:10625000DDF810A008972E46CDF81CB01F46009818
:10626000EAF7B4FD4FF07C51EAF7FCFCBB4604466C
:1062700057461BF8010BA0EB0900EAF7A7FD4146C2
:10628000EAF7F8FD2146EAF7EDFCEAF7CFFF80F3E5
:106290000800B34507F8010BEBD1029B019A9A4421
:1062A000079BAA421E442F4640F25A821D44D6E75D
:1062B000059A002A00F060825668002E38D0B2F8A5
:1062C0000280B8F1000F40F09D810B9800934FF0D1
:1062D0007E51EAF763FF009B00287FF408AF0C9A19
:1062E0004FF07E51002A3FF49AAE002D40F0B58069
:1062F0000B9807930091EAF751FF0099079B04461A
:10630000002800F0DA82019A9342BFF400AF049CA7
:10631000029E90461D46214628465A465D4400F09E
:10632000E9FCA8453444F6D8049B5B440493C0E6DA
:106330000B9800934FF07E51EAF730FF009B002846
:106340007FF4D5AE0C9A4FF07E512ABB0B98079381
:106350000091EAF723FF0099079B0446002800F00C
:106360000781019A9342BFF4D2AE049C029E9046EC
:106370001D46214628465A465D4400F0BBFCA84510
:106380003444F6D8049B5B44049392E6059A1AB110
:106390005668002E40F047810B9807930091EAF76A
:1063A000FDFE0099079B04460028ACD108933846AF
:1063B000EAF760FDA246089B0090079470E0002376
:1063C0005B68FFDE0B9800934FF07E51EAF7E6FE24
:1063D000009B00287FF48BAE0C9A002A00F0F3811A
:1063E000DDF814A00097CDF81CA059E00D469DE6FD
:1063F000EAF7D4FE009B002800F069810B994FF06A
:106400000009726892F900204A453FF470AE0C9A78
:10641000E2B9002C00F0E0816568002D7FF4E8AE61
:10642000059A002A00F0DD815668002E8ED0B2F861
:106430000280B8F1000F00F06D814FF00009726822
:1064400012780092E8E600BFFCFFFF3E002C00F04F
:10645000D3816568002D00F0A8806488002C95D059
:106460006A6892F900A0059A3AB15668002E00F0C9
:1064700007825288002A40F0A88007920B98089360
:106480000091EAF78BFE0099089B18B1079A5245D4
:106490003FF439AF38460893EAF7ECFC089B0090CC
:1064A000019A9342BFF433AEBBF1000F7FF72FAEDA
:1064B000049DDDF80890CDF820B003EB0B020295A7
:1064C00090460D971D4693460798EAF77FFC2C46A9
:1064D000029E07460CE04FF07C512846EAF7C2FBCB
:1064E000EAF7A4FE00F30700444506F8010B1DD0AF
:1064F00014F9010BA0EB0A00EAF768FC0099EAF72F
:10650000B9FC3946EAF7AEFB00210546EAF750FE32
:106510000028E0D0AE492846EAF7A2FBEAF786FE5B
:1065200000F30700444506F8010BE1D1029B019AF4
:106530004B440293089B5A4598445D4640F21681AD
:106540009B44C1E7059A002A3FF400AF5668002E2D
:106550003FF4FCAE5288002A40F089810B980793E3
:106560000091EAF71BFE0099079B00287FF4F9AE23
:106570003846EAF77FFCA146079B009480465DE61B
:106580000B9807930091EAF709FE0099079B0028F2
:1065900000F0B180B9F1000F3FF4A9AD0C9A002AC8
:1065A0003FF423AE002D7FF458AF059A002A00F087
:1065B0006A815668002E3FF4EFAEB2F80280B8F15F
:1065C000000F3FF495AE4FF0000A726892F9002078
:1065D000079253E7526892F90050A7E5526800937A
:1065E0001078EAF7F3FB4FF07C51EAF73BFB009B96
:1065F000814635E5EAF7D2FD0099079B00287FF434
:1066000000AFCBE70B9800934FF07E51EAF7C6FD41
:10661000009B00287FF4F2AE0C9A4FF07E51002AC6
:106620003FF4FEAEC1E75288002A40F022810B9869
:1066300007930091EAF7B2FD0099079B00287FF4C9
:1066400062AEB3E61B681B680B93194680E4DDF865
:1066500010904FF00008924646457FF6E9ACDAF814
:106660000430002B3FF4E4AC53F82840002C3FF4F6
:10667000DFAC0A9BD969636953F82170E36853F86A
:106680002160099BDB6853F8213007FB06F603FB0A
:1066900007F7A369D3E9000100F0CAFBA169B0FBC9
:1066A000F6F38C6806FB034B5C4538BF4D4608D2B9
:1066B000294620463246344400F01CFBA3453D44A5
:1066C000F6D8B14408F10108BAF80060C4E70C9AA2
:1066D000002A40F0E3804FF07E51002E7FF4A9AEF7
:1066E000084639460793EAF7C5FB0023009399460D
:1066F0008046079BA2E50C9A002A00F0D580002274
:1067000098F900A00792C5E60C9A4FF07E51002A36
:106710007FF4EEAD0B9807930091EAF73FFD0099E7
:10672000079B044600287FF41CAE0846394620E744
:106730000B980091CDE90732EAF730FDDDE9073229
:10674000009900287FF426AF0C98002840F0938031
:10675000002A3FF4FBAD98F80090002200925BE520
:106760009B46049B089F5B440493A2E49B46049BC6
:106770000D9F5B4404939CE40B9800934FF07E5173
:10678000EAF70CFD009B00287FF4B1AC0C9A4FF0A7
:106790007E51002AA4D0084608933946EAF76AFBDE
:1067A000002307939A460090089B79E60B98009384
:1067B0004FF07E51EAF7F2FC009B00287FF497AC83
:1067C0000C9A002A75D19146B846009236E500BF72
:1067D000FCFFFF3E1546A9E4059AFAB1002E7FF4AE
:1067E00028AE0B9807930091EAF7D8FC0099079B15
:1067F00000287FF4B6AD73E7059A1AB3002E7FF434
:10680000DEAE0B9807930091EAF7C8FC0099079B4E
:1068100000287FF478AD08933846BFE70B980793BC
:106820000091EAF7BBFC0099079B00287FF499AD23
:106830003846EAF71FFBDDF81490079BCDF800906F
:106840008046FBE40B9807930091EAF7A7FC0099B8
:10685000079B00287FF457AD38460893EAF70AFBF8
:10686000DDF814A0089B0090CDF81CA018E6A14606
:10687000E5E5A246A9E6002A3FF48EAD98F900A00E
:1068800000220792FAE50B9807930091EAF786FC3D
:106890000099079B00287FF436AD7CE74FF07E51CE
:1068A000002E7FF48CAEB6E7002298F8009000929C
:1068B000BEE4079000978246F2E508460893394601
:1068C00076E500BF2DE9F04FD0E905320568416853
:1068D00003FB02F28BB005EB820295420992019113
:1068E00080F0A881D0F810B004464FEA830E2E46FF
:1068F0001946B644B645D4F8089040F28B81ABF106
:106900001001090901314FEA8B0302938B010593B2
:10691000019BCDF80CE0CDE9076403EB81130693EE
:10692000B046BBF10F0F40F28881019B09F1400492
:1069300003F14005DA46002654F8401C55F8400C97
:10694000EAF798FA54F83C1C074655F83C0CEAF76D
:1069500091FA01463846EAF785F954F8381C07469B
:1069600055F8380CEAF786FA01463846EAF77AF91C
:1069700054F8341C074655F8340CEAF77BFA014604
:106980003846EAF76FF954F8301C074655F8300CD2
:10699000EAF770FA01463846EAF764F954F82C1C15
:1069A000074655F82C0CEAF765FA01463846EAF72F
:1069B00059F954F8281C074655F8280CEAF75AFAF2
:1069C00001463846EAF74EF954F8241C074655F8B4
:1069D000240CEAF74FFA01463846EAF743F954F82F
:1069E000201C074655F8200CEAF744FA01463846C1
:1069F000EAF738F954F81C1C074655F81C0CEAF75E
:106A000039FA01463846EAF72DF954F8181C0746BA
:106A100055F8180CEAF72EFA01463846EAF722F93B
:106A200054F8141C074655F8140CEAF723FA0146EB
:106A30003846EAF717F954F8101C074655F8100CB9
:106A4000EAF718FA01463846EAF70CF954F80C1C34
:106A5000074655F80C0CEAF70DFA01463846EAF7F6
:106A600001F954F8081C074655F8080CEAF702FA31
:106A700001463846EAF7F6F854F8041C074655F87C
:106A8000040CEAF7F7F901463846EAF7EBF8014655
:106A90003046EAF7E7F8AAF1100ABAF10F0F0646F6
:106AA00005F1400504F140043FF646AF059B069C06
:106AB00009EB03050BF00F0ABAF1030F7BD96968E4
:106AC0006068EAF7D7F9296807462068EAF7D2F93B
:106AD00001463846EAF7C6F83146EAF7C3F8A9682E
:106AE0000646A068EAF7C6F93146EAF7BBF8E96856
:106AF0000646E068EAF7BEF93146EAF7B3F8AAF1CC
:106B00000402032A06464ED9696960690492EAF7CD
:106B1000B1F9296907462069EAF7ACF90146384618
:106B2000EAF7A0F8A9690746A069EAF7A3F90146C0
:106B30003846EAF797F8E9690746E069EAF79AF90B
:106B400001463846EAF78EF801463046EAF78AF8F9
:106B5000AAF108010329049A064624D9216A286A61
:106B6000EAF788F9616A0746686AEAF783F9014635
:106B70003846EAF777F8A16A0746A86AEAF77AF989
:106B800001463846EAF76EF8E16A0746E86AEAF72E
:106B900071F901463846EAF765F801463046EAF7EA
:106BA00061F8049A06469208013205EB021504EBDF
:106BB00002140AF0030ABAF1000F20D029682068F5
:106BC000EAF758F901463046EAF74CF8BAF1010FF6
:106BD000064614D069686068EAF74CF90146304609
:106BE000EAF740F8BAF1020F064608D0A168A86893
:106BF000EAF740F901463046EAF734F80646029BC8
:106C000048F8046B9944039B43453FF68AAEDDE99F
:106C100007646169E368ABB9019BD4F810B003EB7A
:106C20008B030193099B06EB8106B3424FEA810E69
:106C30003FF65FAE0BB0BDE8F08F019CDA464D46E3
:106C4000002639E70029E7D019683068EAF70AF822
:106C5000306061690129DFD9B0460125E36858F841
:106C6000040F53F82510E9F7FDFFC8F8000061692B
:106C70000135A942F2D8CFE702F18042013AF8B5D6
:106C800001EB8207B94200EB820515D893003C1D49
:106C90004FF07E56FF1A54F8040D00F1004005F045
:106CA000F3FD3146E9F7DEFF01463046EAF796F993
:106CB000BC4245F80409EED1F8BD00BF02F18042A4
:106CC000013A2DE9F04101EB8205A94200EB820671
:106CD0000ED80F464FF0000855F804490021204611
:106CE000EAF77AFA00B94446AF4246F80449F3D9C4
:106CF000BDE8F081884221D002B3884213D3032A31
:106D00001DD8013A10F8013B01F8013BB2B110F86F
:106D1000013B01F8013B012A00F0888010F8013B9B
:106D200001F8013B704783188B42E8D90A4413F9F4
:106D3000011D02F8011D9842F9D3704770472DE9F3
:106D4000F04301F0030ECEF10403A2EB030C00F0BC
:106D50000308CEF1030210F8013B01F8013B82B1B8
:106D600010F8013B01F8013B012A0AD010F8013B61
:106D700001F8013BBEF1010F03D010F8013B01F80F
:106D8000013BF0452AD05FEA1C120AD050F8043BC0
:106D900050F8044B50F8045B50F8046B78C1013A8A
:106DA000F4D11CF0080F04D050F8043B50F8044B09
:106DB00018C11CF0040F03D050F8043B41F8043B09
:106DC0001CF0020F03D030F8023B21F8023B1CF00C
:106DD000010F01D003780B70BDE8F0835FEA9C19C6
:106DE0000ED088468646BEE8FF00A8E8FF00BEE851
:106DF000FF00A8E8FF00B9F1010941467046F0D153
:106E00001CF0200F07D088468646BEE8FF00A8E8A1
:106E1000FF00414670461CF0100F01D078C878C1C1
:106E20001CF0080FC5D018C818C1C2E7704700BFD2
:106E3000D1B1C0F3C61303FB01F1C0F3434C6FF4AF
:106E4000887242FA0CF20731C0F34150D20721F0A8
:106E5000070121FA00F15ABF43FA00F083400023F2
:106E600007311944C808704708467047024B01466D
:106E7000186800F02DB800BFA4040020024B0146A2
:106E8000186803F0B1BB00BFA404002070B50F4E1A
:106E90000C463168054611B902F0B6FC3060214657
:106EA000284602F0B1FC431C03D14FF0FF342046CA
:106EB00070BDC41C24F00304A042F8D0211A284657
:106EC00002F0A2FC0130F2D1EFE700BF002F00205A
:106ED0002DE9F843CD1C25F0030508350C2D38BFEE
:106EE0000C25002D064601DBA94204D90C23336092
:106EF0000020BDE8F883DFF8D48000F069F8D8F806
:106F000000301C4644BB29463046FFF7BFFF431CF8
:106F1000044658D1D8F800402746002F43D1002C12
:106F20004BD023683946304604EB030902F06CFC71
:106F3000814542D121686D1A29463046FFF7A6FFE8
:106F400001303AD023682B442360D8F800305A68C7
:106F500062BBC8F800700FE02268521B20D40B2AD5
:106F600017D96119A342256018BF5960636808BF2B
:106F7000C8F8001062514B60304600F02FF804F161
:106F80000B00231D20F00700C21A1CBF1B1AA350C0
:106F9000AFE76268A3420CBFC8F800205A60EBE775
:106FA00023466468AEE73C467F68B6E71A465B68EE
:106FB000A342FBD100235360DEE70C23336030464D
:106FC00000F00CF894E70560D6E700BF042F00201E
:106FD000014802F067BC00BF6E300020014802F09B
:106FE00063BC00BF6E3000202DE9F0410746144617
:106FF0000D4621B9BDE8F0411146FFF769BF2AB936
:1070000003F0F2FA25462846BDE8F08104F066FB5D
:107010008442064602D8B4EB500FF4D821463846D5
:10702000FFF756FF804608B94546ECE7B4422246D2
:10703000294628BF324602F040FC2946384603F074
:10704000D3FAF1E72DE9F0410F46904604F010FA2B
:1070500004460D46B8F1000F11D0C7F30A53C3F12F
:107060006B03002B0BDD1B0503F17F55002405F599
:10707000401522462B46E9F7A7FA04460D4620465E
:107080002946BDE8F08100002DE9F04F9FB00C4685
:10709000179200221A9205904FF0000A4FF0000B51
:1070A0000A46199211782B2948D036D80D2930D8A4
:1070B000082930D8002939D000220E92199D2A784B
:1070C000302A40F0B0806A7802F0DF02582A6CD192
:1070D00002930E9B01931AAB00938E4A05981BAB4B
:1070E00019A903F033FB10F00F06044605D0062E55
:1070F00026D10135002319950E93179B002B40F0E4
:107100007E850E9BBBB150460BF100411FB0BDE820
:10711000F08F2029D0D10132C3E72D29CCD1012114
:107120000E91511C19915278002AC7D1179B1994BE
:10713000002B40F0628550465946E7E70021EFE713
:107140001A9A3AB135211CA804F084FA1A990598C4
:1071500003F064FE013E1B9A042E06D8DFE806F019
:1071600014031D201400DDE91CABE10548BF4BF002
:10717000004B2BF000431B0D1B05002BBDD102F073
:1071800065FB22230360B8E7DDE91CA302F233426A
:1071900023F4801343EA025BE7E7DFF87CB1E4E71E
:1071A0006FF0004B4FF0FF3ADFE7199B5A1C199222
:1071B0005B78302BF9D0002B9FD001230027089358
:1071C000199B0C930B97B9460A2219980578A5F1DB
:1071D0003003D9B2092928D95049012201F047FCCE
:1071E000002832D000202A460A904D460346652AE0
:1071F00001D0452A14D11DB9089A024396D0002522
:10720000199C621C199262782B2A7AD02D2A7ED082
:107210004FF0000CA2F13001092940F28580199449
:107220004FF00008A5E00023C8E7B9F1080FD8BF68
:107230000B9900F10100DABF02FB01330B9302FB53
:10724000073709F101091990BFE7199B5A1C1992D8
:107250005A78B9F1000F3BD00A904D46A2F13003A5
:10726000092B12D90123C2E7199B5A1C19925A788B
:107270000130302AF8D0A2F13103082B00F2C48487
:10728000199B0A9000200C930546303A00F1010347
:1072900018D00A9919440A912E464FF00A0E711C13
:1072A000A1EB050C634515DC20EAE0702B18082BD8
:1072B00005F1010505441ADC0B990A2303FB0123A0
:1072C0000B930023199A511C199152781846C5E75F
:1072D0004846CEE7082E05DC0B9E0EFB06F60B9605
:1072E0000E46DCE71029D8BF0EFB07F7F8E70F2B97
:1072F000DCBF0A2303FB0727E3E700230A930123EC
:107300007AE74FF0000CA21C1992A27882E74FF0A6
:10731000010CF8E7A46A02080000F07FFC6702088D
:10732000199A511C19915278302AF9D0A2F13101E1
:1073300008293FF675AF303A0992199A0F924FF02B
:107340000A08199A561C19965278A2F1300EBEF10D
:10735000090F39D90F99761A082E44F61F6803DCF5
:1073600009998845A8BF8846BCF1000F01D0C8F133
:107370000008002D4ED1089908437FF4BEAE002BC3
:107380007FF4D4AE692A28D025DC492A25D04E2A9C
:107390007FF4CCAE994919A803F0FAFB00283FF41A
:1073A000C5AE199B1B78282B2ED195491CAA19A86C
:1073B00003F002FC052827D11D9BDDF870A043F0E7
:1073C000FF4B4BF4E00B98E6099908FB0121A1F172
:1073D00030020992B5E76E2ADAE78A4919A803F064
:1073E000D7FB00283FF4A2AE199B8749013B19A89F
:1073F000199303F0CDFB10B9199B01331993DFF8F2
:107400000CB24FF0000A78E6814802F065FA824635
:107410008B4672E60A9B0B98A8EB0303B9F1000FA9
:1074200008BFA946102D09932C46A8BF1024E9F7E0
:1074300051F8092D82468B4611DC099B002B3FF445
:107440005CAE099B76DD162B5DDC724901EBC30156
:10745000D1E9000152465B46E9F7B6F8D7E76D4B34
:1074600003EBC40353E91223E9F7AEF8824638462A
:107470008B46E9F72FF802460B4650465946E8F787
:10748000EDFE0F2D82468B46D7DD099B2C1B1C443D
:10749000002C40F3938014F00F030AD05D4901EBF8
:1074A000C30152465B46D1E90001E9F78DF88246F7
:1074B0008B4634F00F0473D0B4F59A7F49DD002475
:1074C000A0460B94A146059ADFF840B12223136031
:1074D0004FF0000A0B9B002B3FF40FAE1A99059852
:1074E00003F09CFC0598494603F098FC059841463A
:1074F00003F094FC0B99059803F090FC0598214645
:1075000003F08CFCF9E5099AC5F125039342BCDB35
:10751000404CC5F10F0504EBC50152465B46D1E96D
:107520000001E9F751F8099B5D1B04EBC504D4E9A0
:10753000002391E71633A8DB0A9BA3EB0808354B21
:1075400003EBC808D8E9002350465946E9F766F925
:107550005DE70023304F2411504659461E46012C4A
:1075600021DC0BB182468B462B49ABF1547B01EBFE
:10757000C60152465B46D1E90001E9F725F8234BE5
:107580000A460B4025498B42824698D8A1F58011C6
:107590008B4286BFDFF888B04FF0FF3A02F1547B90
:1075A0000023089376E0E20704D5D7E90023E9F742
:1075B0000BF80123013664100837D0E7F0D064429D
:1075C00014F00F020AD0134B03EBC2035046594686
:1075D000D3E90023E9F722F982468B462411DFD054
:1075E0001F2C1FDD0024A0460B94A146059A2223E0
:1075F0004FF0000A4FF0000B13606BE70B680208B6
:10760000906A020803680208356902080000F07FEA
:1076100031690208D86C0208B06C02080000A07C36
:10762000FFFFEF7F14F0100318BF6A23784E089312
:10763000504659460023E70704D5D6E90023E8F76A
:10764000C3FF0123641006F10806F4D10BB1824692
:107650008B46089BB3B1CBF30A52C2F16B03002BEC
:1076600059460FDD1F2B58DD342BDEBF4FF0FF33A3
:10767000C2F14B0293404FF0000ACCBF4FF05C7B4D
:1076800003EA010B0022002350465946E9F704FAA9
:107690000028A7D10B9B00930C9905982B464A46CE
:1076A00003F024FC0B9000283FF409AF099A0A9BD1
:1076B000002AA3EB0803A8BF00231293002422EAA8
:1076C000E2731693A0460B9B0598596803F066FB7E
:1076D000814600283FF4F7AE0B9B1A69023203F192
:1076E0000C0192000C3002F0E8F81CAB01931BABCC
:1076F0000093059852465B46CDE90CAB03F022FFA0
:107700001A9000283FF4DFAE0598012103F084FCB5
:10771000804648B94FF00008D5E64FF0FF3202FA34
:1077200003F303EA0A0AADE71B9D1C9A002DABBFC9
:10773000129B169B169E129FACBFEF185E1B089BF8
:10774000ED1A1544334B013D9D42C2F1360250DA29
:107750005B1B1F2BA2EB03024FF001013DDC01FA82
:1077600003F3139300231093BD18089BAF421644F4
:107770001E443B46A8BF2B46B342A8BF3346002B4E
:10778000C2BFED1AF61AFF1A129B002B16DD4146F6
:1077900005981A4603F0F8FC80460028BAD0014646
:1077A0001A9A059803F04EFC0A9000283FF48BAE1D
:1077B0001A99059803F032FB0A9B1A93002D1DDCE1
:1077C000099B002B28DD4946169A059803F0DCFC3E
:1077D000814608BB4FF0000975E6C5F17F4505F508
:1077E0007F0505F57B45E23501FA05F3109313910A
:1077F000BAE70023109301231393B5E71A9905986C
:107800002A4603F01BFD1A900028D9D15BE600BF81
:10781000B86A020802FCFFFF002E07DD4946059802
:10782000324603F00BFD81460028D3D0002F08DD3F
:10783000414605983A4603F001FD804600283FF492
:1078400042AE1A9905984A4603F080FD0446002886
:107850003FF439AEC3680F930023C360414603F081
:1078600059FD00283DDA0F9B53EA0A0363D1CBF39D
:107870001303002B5FD12BF000431B0D1B05B3F14D
:10788000D66F58D9636913B92369012B53DD21469B
:107890000122059803F0D2FC4146044603F03AFD6C
:1078A000002848DD2BF00043089A1B0D1B05002A19
:1078B00062D0B3F1D66F5FD8B3F15C7F7FF696AE3E
:1078C000A34B504659460022E8F77EFEA14B0B40E1
:1078D00082468B46002B7FF401AE059A222313606B
:1078E000FCE5CDF828B065D10F9ACBF313035AB35A
:1078F000994A93422BD1089B514603B3954B5A4664
:107900001340B3F1D46F4FF0FF321BD81B0DC3F1FE
:107910006B0302FA03F3994219D1904B0A9A9A42E7
:1079200002D101313FF4CFAD8A4B0A9A1A4002F5D9
:10793000801B4FF0000A089B002BC1D1CEE54FF011
:10794000FF33E8E71346E6E753EA0A03AAD0109BA1
:10795000DBB10A9A1342EED00F9B089A5046594663
:10796000BBB1FFF76FFB02460B46DDE90C01E8F700
:1079700075FC82468B46DEE7A3F580136FEA135B46
:107980006FEA0B5B4FF0FF3AD5E7139B13EA0A0F40
:10799000E1E7FFF757FB02460B46DDE90C01E8F78C
:1079A0005BFC0022002382468B46E9F775F800282D
:1079B000C1D01BE64146204603F01CFE00224FF0DA
:1079C000804306460F46E9F77BF800286DD00F9BF1
:1079D000002B78D1BAF1000F56D10A9BC3F31303E1
:1079E000002B58D15E4B002230463946E9F75EF84D
:1079F000002857D1304639465A4B0022E8F7E4FDBB
:107A000006460F4607F1004306960793DDE9062375
:107A1000504DCDE910230A9B1D40534B9D4240F031
:107A2000A9800A9BA3F1547B5046594603F020FDE0
:107A3000DDE90623E8F7C8FD52465B46E8F70EFC91
:107A40000B464449494A19409142824642D90D9A0F
:107A5000424B9A4203D10C9B01333FF434ADDFF823
:107A6000FCB04FF0FF3A1A99059803F0D7F9059842
:107A7000494603F0D3F90598414603F0CFF905983C
:107A8000214603F0CBF91EE6BAF1010F03D10A9BA0
:107A9000002B3FF4ABAD364B314F0022CDE906232E
:107AA0000026B3E72F4F0026ACE72E4B3046394671
:107AB0000022E8F789FD0F9B06460F46002BA1D058
:107AC000CDE90667A2E7264B0022CDE9062316463C
:107AD0001F469BE703F1547B089BCDF828B0002B91
:107AE000C1D12BF000431B0D1B059D42BBD130467D
:107AF0003946E9F749FCE8F739FD02460B463046BE
:107B00003946E8F7A9FB0B460246CDE90C23CBF337
:107B100013060F9B46EA0A061E4368D008A3D3E962
:107B20000023E8F7C3FF00287FF4D8AC06A3D3E90D
:107B30000023DDE90C01E8F7D7FF002893D0CDE45E
:107B40009535A094FFFFDF3F35E5AF350000E03FFE
:107B5000000050390000F07FFFFF0F00FFFFEF7FB4
:107B60000000F03F0000E03F0000E07FFFFF9F7C4F
:107B70000000F0BF089B23B3B5F1D46F21D828A330
:107B8000D3E9002330463946E8F79AFFA0B13946D9
:107B90003046E8F7F1FF012838BF0120E8F79AFCEA
:107BA0000F9B06460F46FBB901F100431490159355
:107BB000DDE91423CDE91023119B03F1D6635B1B90
:107BC0001193DDE90C01DDE910AB03F051FC024635
:107BD0000B4650465946E8F7F7FCDDE90C23E8F779
:107BE0003DFB82468B4677E7CDE91467E0E70EA3BD
:107BF000D3E90023E8F75AFF9FE700230E93179A73
:107C0000199B1360FFF77DBA652A3FF476AB452ACE
:107C10003FF473AB0123FFF7AEBB00BFAFF30080AF
:107C20000000C0FFFFFFDF419535A094FFFFCF3F6D
:107C30002DE9F843244D254B0A4601462868FFF7F5
:107C400023FA02460B4606460F46E8F757FF68B18F
:107C5000002F1F4806DA01F045FE00F100442046DF
:107C6000BDE8F883BDE8F84301F03CBE3946304634
:107C7000E8F7A2FF20F00048044616494046E9F71D
:107C8000BFFAB0B913494046E9F79CFA88B927F022
:107C90000049114B4FF0FF3230464946E8F72EFFBE
:107CA00070B90D4B4FF0FF3230464946E8F708FFF8
:107CB00030B914F0FF4FD2D1084B3B40002BCED04F
:107CC0002B6822221A60CAE7A4040020380300208F
:107CD00031690208FFFF7F7FFFFFEF7F0000F07F29
:107CE000242B2DE9F0478646904601D8012B06D17A
:107CF00001F0ACFD162303600020BDE8F087344896
:107D00000D462A4615F8014B065D16F00806F8D117
:107D10002D2C10D12C780126951C33F0100215D192
:107D2000302C0DD12A7802F0DF02582A08D16C7865
:107D3000023510230AE02B2C04BF2C78951CECE7AD
:107D4000002BF6D1302C14BF0A23082306F1004C77
:107D50000CF1FF3C0022BCFBF3F9104603FB19CAEF
:107D6000A4F13007092F0FD83C46A3421BDD571C56
:107D700007D0814514D301D1A24511DB00FB03409C
:107D8000012215F8014BEBE7A4F14107192F01D8A7
:107D9000373CEAE7A4F16107192F04D8573CE4E720
:107DA0004FF0FF32EDE7531C08D12223CEF800300C
:107DB0006046B8F1000FA0D0691E06E006B140424F
:107DC000B8F1000F99D0002AF6D1C8F8001094E756
:107DD000E16A0208FFF784BF13460A4601460248DB
:107DE0000068FFF77DBF00BFA40400202DE9F04725
:107DF00088B01F46119C214B80461E688946154657
:107E000084B902F12303B26AF16A9A4209DC05F1EE
:107E1000240A52463046FFF7E7F8044610B3C6E995
:107E20000AA0F46A019507AB0493109BCDE9027395
:107E30000323009342464B46304601F005FE3B6863
:107E400022465B420799814210D81B1B11463026FF
:107E5000C81885420FDC1344E91AAB42C8BF0021A1
:107E600000235354204608B0BDE8F08710F8011BEA
:107E700002F8011BE6E701F8016BE9E7A404002022
:107E80002DE9F04788B01F46119C224B80461E68A2
:107E90008946154674B9D6E90A31934209DC02F1E4
:107EA000010A52463046FFF79FF8044628B3C6E958
:107EB0000AA0F46A019507AB0493109BCDE9027305
:107EC0000223009342464B46304601F0BDFD224658
:107ED00003460799994214D81E1A1146A6EB020CC4
:107EE0004FF0300E01EB0C07BD420FDCC31A2B44E0
:107EF000AE42C8BF00230021D154204608B0BDE8DF
:107F0000F08713F8011B02F8011BE2E701F801EB0F
:107F1000E8E700BFA40400202DE9F04788B0002B5B
:107F20001D461446BCBF03F100431446129A109E2E
:107F3000DDF84CA0B6BF1D4600232D231370149B03
:107F400023F02008B8F1460F05D0B8F1450F00D155
:107F50000136022300E0032307AA049206AACDE912
:107F600002A2CDE9003622462B4601F06DFDB8F1A4
:107F7000470F074619D1119BDB070ED500EB060909
:107F80000022002320462946E8F786FD08B1CDF8F7
:107F90001C903022079B4B451ED3079B159ADB1B79
:107FA0003846136008B0BDE8F087B8F1460F00EB23
:107FB0000609E5D10378302B0AD1002200232046A0
:107FC0002946E8F769FD18B9C6F10106CAF800604C
:107FD000DAF800309944D3E7591C07911A70D9E7B1
:107FE000F7B50029BABF49422D232B230929027076
:107FF000437029DD0DF107031D460A271A46B1FB20
:10800000F7F607FB1614303402F8014C0C46632CCB
:1080100003F1FF333146F1DC3031941E03F8011CCB
:10802000411C2346AB420AD30DF109039B1AAC4213
:1080300088BF002302330344181A03B0F0BD13F8BD
:10804000016B01F8016FEDE7302330318370C170AF
:10805000031DF1E72DE9F04F91B00C46DDF8688083
:1080600016461F46054601F097FB0368089318461D
:10807000E8F7E6F800230E93D8F8003009900733AC
:1080800023F0070303F1080294F818A0D4F800B015
:10809000C8F80020D3E9008929F000430B93CDF8FC
:1080A0002880C4E91289DDE90A019D4B4FF0FF32B7
:1080B000E8F724FD70BBDDE90A01994B4FF0FF3270
:1080C000E8F7FEFC30BB0022002340464946E8F7B3
:1080D000EDFC10B12D2384F84330924A924BBAF153
:1080E000470F8CBF90469846032323612BF004036F
:1080F00023604FF00009009733460FAA2146284617
:1081000000F0D4F9013040F08F804FF0FF3011B013
:10811000BDE8F08F42464B4640464946E8F7EEFC44
:1081200040B14B46002BBCBF2D2384F843307F4A1F
:108130007F4BD4E763685A1C0AF0DF013FD1062366
:1081400063604BF480630022236006920EAACDE99F
:1081500004A20DAA03920DF13302CDE90132636846
:10816000009342464B4628460A91FFF7D5FE0A99EE
:10817000472980460D9928D1C81C02DB63689942C3
:1081800040DDAAF1020A5FFA8AFA0139524604F187
:1081900050000D91FFF724FF0E9A1318012A814613
:1081A000236102DC2268D20701D5013323619DF8E7
:1081B0003330002B9FD02D2384F843309BE7472991
:1081C000BFD1002BBDD10123BAE7BAF1650FDCD9CD
:1081D000BAF1660F18D1002963680BDD216113B96C
:1081E0002268D00702D501330B442361A1654FF00B
:1081F0000009DCE713B92268D20701D50233F4E79E
:108200000123F2E74FF0670A0E9B994205DB2368D2
:108210002161D807EAD54B1CE7E70029D4BFC1F19B
:10822000020201221344E0E723685A0507D42369B8
:10823000424631462846B84701302BD165E7BAF1AE
:10824000650F40F2DD80D4E9120100220023E8F737
:1082500023FC002833D0374A012331462846B8474B
:1082600001303FF452AFDDE90D38434502DB2368AE
:10827000D8070FD5DDE9082331462846B847013035
:108280003FF443AF4FF0000908F1FF3804F11A0A38
:10829000C84509DC23689B0700F10381E0680F9B58
:1082A0009842B8BF184632E7012352463146284665
:1082B000B84701303FF429AF09F10109E8E70D9B08
:1082C000002B39DC1B4A012331462846B8470130D0
:1082D0003FF41BAFDDE90D3959EA030302D12368EE
:1082E000D907D7D5DDE9082331462846B8470130FC
:1082F0003FF40BAF4FF0000A04F11A0B0D9B5B42E9
:10830000534501DC4B4693E701235A463146284644
:10831000B84701303FF4F9AE0AF1010AEEE700BFB9
:10832000FFFFEF7F02680208FE6702080A68020882
:10833000066802087B6A0208A36DDDF838A0534581
:10834000A8BF5346002B994636DC4FF0000B29EAB4
:10835000E97904F11A02A36D0A93A3EB09035B45C3
:1083600031DC0D9B9A453ADC2368DA0737D40D9B44
:10837000AAEB03090A9BAAEB03039945A8BF9946F8
:10838000B9F1000F33DC4FF0000829EAE97904F174
:108390001A0B0D9BAAEB0303A3EB090343457FF7DD
:1083A00079AF01235A4631462846B84701303FF499
:1083B000ACAE08F10108ECE7424631462846B84722
:1083C0000130C2D1A1E60123314628460A92B847BE
:1083D00001303FF49AAE0A9A0BF1010BBBE7DDE9DD
:1083E000082331462846B8470130C0D18DE60A9AA5
:1083F0004B46424431462846B8470130C3D184E653
:10840000DDF838A0BAF1010F01DCDB0736D5012316
:10841000424631462846B84701303FF476AEDDE9A2
:10842000082331462846B84701303FF46EAED4E900
:108430001201002200230AF1FF3AE8F72DFBC0B930
:10844000534608F1010231462846B84701300CD1A5
:108450005BE601235A4631462846B84701303FF4CF
:1084600054AE08F10108D045F3DB4B4604F150024D
:10847000DFE64FF0000804F11A0BF4E7012342464F
:10848000E1E701234A4631462846B84701303FF428
:108490003CAE08F10108E3680F995B1A4345F0DC34
:1084A000FCE64FF0000804F11909F4E72DE9F04764
:1084B000164698468A680B69DDF820909342B8BF4B
:1084C0001346336091F8432007460C460AB1013346
:1084D00033602368990642BF3368023333602568EE
:1084E00015F0060506D104F1190AE36832689B1AF3
:1084F000AB4226DC94F843302268003B18BF0123CE
:1085000092062BD404F1430241463846C847013055
:108510001ED02368226903F00603042B02BFE5681E
:108520003368ED1AA3680CBF25EAE5750025934270
:10853000C4BF9B1AED1800261A34B5421AD1002088
:1085400008E00123524641463846C847013003D16E
:108550004FF0FF30BDE8F0870135C6E7E1185A1C3F
:10856000302081F84300224494F8451082F84310EB
:108570000233C7E70123224641463846C847013047
:10858000E6D00136D9E700002DE9FF470F7E0C9EAB
:10859000782F914680460C469A4601F1430207D84F
:1085A000622F0AD8002F00F0D180582F00F0B88039
:1085B00004F1420684F842703AE0A7F16303152BF8
:1085C000F6D801A151F823F021860108358601086B
:1085D000B1850108B1850108B1850108B18501089F
:1085E00035860108B1850108B1850108B18501080A
:1085F000B1850108338701085F860108ED8601080F
:10860000B1850108B185010855870108B1850108C8
:108610005F860108B1850108B1850108F58601086A
:1086200033681A1D1B68326004F1420684F8423038
:1086300001239CE033682068191D3160060601D5CE
:108640001D6803E04506FBD5B3F90050002D03DAA1
:108650002D236D4284F8433058480A2311E02168E5
:108660003368080653F8045B02D4490648BFADB22C
:108670006F2F5248336014BF0A230823002184F867
:1086800043106668A660002E05DB21682E4321F0AA
:10869000040121604BD01646B5FBF3F103FB1157E3
:1086A000C75D06F8017D2F46BB420D46F4D9082B65
:1086B0000BD12368DF0708D5236961689942DEBFC3
:1086C000302306F8013C06F1FF36921B2261CDF8FB
:1086D00000A04B4603AA21464046FFF7E7FE0130C3
:1086E0004AD14FF0FF3004B0BDE8F087236843F073
:1086F000200323603248782784F845702368316866
:108700001F0651F8045B02D45F0648BFADB231606A
:10871000D90744BF43F0200323601DB11023ADE708
:108720002648E9E7236823F020032360F6E716468E
:10873000BDE7336825686169181D30602E061B6827
:1087400001D5196002E06806FBD51980002323617A
:108750001646BCE733681A1D32601E686268002145
:108760003046E7F71DFD08B1801B60606368236138
:10877000002384F84330AAE723693246494640463D
:10878000D0470130ADD023689B0713D4E068039B2A
:108790009842B8BF1846A6E70123324649464046EC
:1087A000D04701309DD00135E36803995B1AAB4295
:1087B000F2DCEBE7002504F11906F5E70E68020884
:1087C0001F680208002310B50446C0E90033C0E961
:1087D0000433836081814366C28183611946082224
:1087E0005C3000F03CF90D4B63620D4BA3620D4B06
:1087F000E3620D4B23630D4B24629C4206D003F1D0
:108800006802944202D0D0339C4205D104F1580052
:10881000BDE8104001F044B810BD00BFA1890108B7
:10882000C7890108FF890108238A0108082F002051
:10883000024A0349034800F069B800BF240300203E
:1088400039BF0108A804002041680C4B994210B5BB
:10885000044601D003F070FBA168094B994202D095
:10886000204603F069FBE168064B994204D020469C
:10887000BDE8104003F060BB10BD00BF082F002012
:10888000702F0020D82F002010B50B4B0B4C0C4A3A
:108890001A60204600220421FFF794FF04F16800CB
:1088A00001220921FFF78EFF04F1D0000222BDE86A
:1088B00010401221FFF786BF40300020082F002013
:1088C00031880108014800F0EDBF00BF6F30002083
:1088D000014800F0E9BF00BF6F30002010B504462A
:1088E000FFF7F0FF236A1BB1BDE81040FFF7F0BFB0
:1088F000044B2362044B1B68002BF5D1FFF7C4FF28
:10890000F2E700BF49880108403000202DE9F84314
:108910000746884614460026D4E90195B9F10109B5
:1089200005D52468002CF7D13046BDE8F883AB8923
:10893000012B07D9B5F90E30013303D0294638464B
:10894000C04706436835E9E70EB470B59DB021AC69
:1089500000254FF4017254F8046BADF814201B95F8
:1089600002900690E7F76CFC0B4B039007900B48C6
:108970000B934FF6FF73ADF816303246234602A92B
:1089800000680F951495019402F092FF1DB0BDE8A8
:10899000704003B0704700BFC3890108A4040020E1
:1089A00010B50C46B1F90E1000F01CFF0028ABBF4B
:1089B000636DA3891B1823F48053ACBF6365A38147
:1089C00010BD002070472DE9F0411F468B89DB0563
:1089D00005460C46164605D5B1F90E1002230022B5
:1089E00000F0EEFEA389B4F90E1023F48053A381A6
:1089F00032463B462846BDE8F04100F015BF10B5B1
:108A00000C46B1F90E1000F0DBFE431CA38915BF24
:108A1000606523F4805343F48053A38118BFA3817E
:108A200010BDB1F90E1000F0BBBE884210B501EBCD
:108A3000020402D98442234607D8431EA14208D02B
:108A400011F8012B03F8012FF8E7024401468A428E
:108A500000D110BD13F8014D02F8014DF7E70244B3
:108A60000346934200D1704703F8011BF9E710B5A4
:108A70006AB10139841810F8012B11F8013F9A42AC
:108A800003D1A04201D0002AF5D1D01A10BD104662
:108A9000FCE7000038B50B4B1D686B6B044653B9FF
:108AA0002420FEF7E3F90246686320B9064B074825
:108AB000322100F01BFF696B2046BDE8384000F012
:108AC00007B800BFA4040020306802084768020805
:108AD0002DE9F0410C46074603F0DCFA2146054635
:108AE000384603F0DBFA43699907044603F26C78D1
:108AF00006D1642298FBF2F302FB1383002B71D1A1
:108B00004FF4C87298FBF2F302FB1383B3FA83F3BA
:108B10005B095E42644B06F030061E4400F008FC20
:108B200000F012FC614B1B68002B6AD06B68434558
:108B30005AD1D7E900232F68D5E90801002F5BD16E
:108B4000824273EB01015EDB012323622B6D6168BE
:108B50004FF4616293FBF2F002FB10333C2293FB73
:108B6000F2F502FB153223689B1AA2682360491BA9
:108B7000121A3B2B6160A26051DD013161603C3B08
:108B8000236063683B2B50DD0132A2603C3B636095
:108B9000A368172B4FDDE2690132E261A26901325D
:108BA000072AA8BF0022A261E268183B0132A36035
:108BB0002369E26056F823108A420EDD0B2BA2EBEC
:108BC0000102E26003F1010209BF63692261002230
:108BD000013302BF22616361E26100F0AFFB204616
:108BE000BDE8F081012394E7404600F0EDFA00284B
:108BF0009FD14FF0FF3304E0824273EB010102DAB0
:108C00000023236209E0D5E9120182428B41B4BFFF
:108C1000012300232362002B98D1AB6A97E7002B36
:108C2000AFDA013961603C33AAE7002BB0DA013AD0
:108C3000A2603C33ABE7002BCFDAE269013AE26194
:108C4000A269013A48BF0622A261E2681833013ADC
:108C5000E260A360002AC0D12369013B05D42361EF
:108C6000236956F82330E360B7E70B232361636978
:108C70005A1E6261920703F26B7305D1642193FB64
:108C8000F1F201FB123262B94FF4C87293FBF2F1B8
:108C900002FB1133B3FA83F35B0903F5B673E361A7
:108CA000DEE70123F9E700BF446C020864300020CE
:108CB000F7B501683B29044611D93C22684600F00B
:108CC00033FE019A63680099002A0B446360BBBFBE
:108CD0003C3203F1FF3322602260B8BF63606168F9
:108CE0003B2911D93C22684600F01EFE019AA36878
:108CF0000099002A0B44A360BBBF3C3203F1FF3351
:108D000062606260B8BFA360A168172911D91822F8
:108D1000684600F009FE019AE3680099002A0B44B6
:108D2000E360BBBF183203F1FF33A260A260B8BF9B
:108D3000E36021690B2911D90C22684600F0F4FD8B
:108D4000019A63690099002A0B446361BBBF0C322E
:108D500003F1FF3322612261B8BF636163699A073F
:108D60001CD1642193FBF1F201FB1232C2B903F270
:108D70006C734FF4C87293FBF2F102FB1133002BBA
:108D80000CBF1D231C23E268002A0BDC314D0B2095
:108D90006421E668002E30DD03B0F0BD1C23F2E74D
:108DA0001D23F0E72B4DD4E90312012A14BF55F817
:108DB000220018468142EFDD0132091A0C2AE160D7
:108DC0002261F0D1636900215A1C2161910762611F
:108DD0003CD1642192FBF1F001FB1022002A37D133
:108DE00003F26D734FF4C87293FBF2F102FB11337F
:108DF000002B0CBF1D231C23D5E72269013A2261F9
:108E0000013216D163695A1E9707C4E9040219D1C9
:108E100092FBF1F701FB1722B2B903F26B734FF427
:108E2000C87293FBF2F702FB1733002B0CBF1D2314
:108E30001C232269012A14BF55F822201A46324405
:108E4000E260A6E71C23F4E71D23F2E71C23AAE750
:108E50001D23A8E7146C02082DE9F04F85B00746E2
:108E600003F018F981463846FFF722FFD7E900439F
:108E70003C2202FB0344BB687D694FF4616202FB44
:108E80000344D7E90363C34A52F82320013E012B70
:108E9000164411DDA9070FD1642295FBF2F302FB02
:108EA000135343B905F26C734FF4C87293FBF2F19C
:108EB00002FB113303B9013605F51C53103344F698
:108EC00020629342FE6100F27081462D40F3B6802D
:108ED000462340F26D1C64214FF4C8709A0740F09D
:108EE000A78093FBF1F201FB1232002A40F0A3802D
:108EF00003F26C7292FBF0FE00FB1E22002A0CBFF4
:108F00004FF4B772624601339D421644E6D1A24B3C
:108F10004FEAE478C6FB034800F00AFA00F014FABE
:108F20009E4B1B68002B00F04781D7F820A0786982
:108F30005346012BA8BF01230193D9F8043000F256
:108F40006C70834240F0BD80D9E90821D9F8500007
:108F5000D9F84CC0131A0393D9F848300293029AF7
:108F6000D9F8283061EBE07BB2EB030E6CEBE371D8
:108F7000744578EB010280F2C780D9F80020002AFE
:108F800000F0D080039A944278EB0B02C0F211817A
:108F9000744578EB0101B4BF4FF0010B4FF0000BAB
:108FA000BAF1000FC0F29480019A82EA0B0ABAF17A
:108FB000010F40F08D80BBF1000F00F0C2801B1A42
:108FC0003A681A441C193A603846FA68019248EB2C
:108FD000E378FFF76DFEFB68019A9B1A78D0012BAE
:108FE00000F3B180B3F1FF3FA8BF9A46FB691AEBCB
:108FF0000303564440F1B0806B1E990740F0A680F1
:10900000642293FBF2F102FB1133002B40F0A180AC
:109010004FF4C87305F26B7595FBF3F203FB125521
:10902000002D40F26D1318BF4FF4B673FB614FE093
:1090300040F26D1267E74FF4B77264E73FF467AF31
:10904000452340F26D1C64214FF4C87012E062BBEE
:1090500093FBF1F201FB123252BB03F26C7292FBF2
:10906000F0FE00FB1E22002A0CBF4FF4B7726246CE
:10907000B61A013B9D4203F00302E8DBDAB9642231
:1090800095FBF2F302FB1353C3B905F26C734FF473
:10909000C87293FBF2F102FB1133002B40F26D1307
:1090A00008BF4FF4B773F61A31E740F26D12DFE7ED
:1090B0004FF4B772DCE740F26D13F4E74FF4B77387
:1090C000F1E700F081F800287FF43EAFDDF804B04E
:1090D000BBF1010F72D1D9F850301C1948EBE3787D
:1090E0004FF0010B00F02AF90436072396FBF3F347
:1090F000C3EBC303F61A56D4C7F820B0BE612046AE
:10910000414605B0BDE8F08F029A121A02924FEA6A
:10911000E0726CEB020C029A944278EB0C0CBFF6F6
:109120002CAFD3E7039A944278EB0B02FFF630AFF3
:10913000BAF1000FCFDB4FF0010B35E74FF0000B1A
:1091400032E7C31A3CE74FF0FF3A4FE74FF4B673EC
:109150006CE740F26D1369E7AA0717D1642195FB0C
:10916000F1F201FB1252DAB94FF4C87205F26C75D4
:1091700095FBF2F102FB1155002D40F26D1208BF74
:109180004FF4B7729342A8BF9B1A4FE740F26D129B
:10919000F8E700BFE46B0208805101006430002052
:1091A0004FF4B772EEE70736A6E74FF0FF34A0465C
:1091B000A5E7BAF1000FC1DA4FF0000BD9F828305B
:1091C0001C1948EBE3788DE72DE9F843044602F0DB
:1091D00061FF40F2B1739C4240F3A3806FF4F661EB
:1091E0006518A4F2B27340F26D12AD1002FB035584
:1091F0006FF4C8666FF06302A4F26D7393FBF2F331
:109200001D44A319484E44604FF4C8720146B3FB95
:10921000F2F300F150071D440B7AD1F814C04A2B29
:1092200038D1A20705EB0C0306D14FF0640E94FB76
:10923000FEF20EFB124232B94FF4C87E94FBFEF2EE
:109240000EFB12421ABBBCF13B0FD4BF4FF0000C17
:109250004FF0010C6344013B8A694FEAE27CC3FB97
:10926000062C8B6AD2184CEBE373C1E90823283132
:109270008F42D1D1D0E90843D0E912128C429341F8
:10928000B4BF0123002303600120BDE8F8834FF041
:10929000000CDFE7442B02D105EB0C03DCE7A3074E
:1092A00005D1642294FBF2F302FB134393BB4FF40A
:1092B000C87294FBF2F302FB1343B3FA83F35B0926
:1092C000DFF868E0D1F80C905B4203F030032A46E7
:1092D0004FF00008734408F10108C14553F828E035
:1092E0001ADC02F10408072398FBF3F3C3EBC30372
:1092F000A8EB0303BCEB030C0B6903F1FF3348BF7E
:109300000CF1070CC3EBC3039C44F44506DA02EBF3
:109310000C03A1E70123D3E77244DCE7ACF1070CAF
:10932000F3E70020B1E700BF80510100406C020864
:10933000014800F0B6BA00BF6C300020014800F0D0
:10934000B2BA00BF6C300020014B186800F002B8C0
:10935000A40400202DE9F04F8DB0074602F09AFEDC
:109360006D496E4D0446384601F0FEFC064610BBC2
:109370006B4B6C4A18606C4BA06218606B4B20659D
:10938000C3E900224A2100220023C4E90300C4E902
:109390000500C4E90D00C4E90F00C4E90823C4E9CD
:1093A00012232868217284F83010FDF767FD2E60C3
:1093B0000DB0BDE8F08F2968002940F08E80286844
:1093C000FDF75CFD3046E6F73BFF411C3846FDF7F4
:1093D0007FFD2860002840F08680534ADFF84C81EA
:1093E000DFF83CA100231360514ACAF80030002086
:1093F0000021C8E90022C4E90333C4E90533C4E904
:109400000801C4E90D33C4E90F33C4E912014A224B
:109410002272A36284F83020236533783A2B08BF88
:10942000013633783C2B62D1751C424A42490AAB63
:109430002846FFF789FA0028BADD0A9BDA1E072AB8
:10944000B6D8EB5C3E2BB3D102360A9BF518F35C21
:109450002D2B5AD101354FF0FF390023ADF81E30C6
:10946000ADF8203008AF0AABCDE9013703930DF119
:109470001E03009331490AAB07AA2846FFF764FA96
:10948000002895DDBDF81E30BDF820603C2202FBAF
:109490000366BDF81C304FF4616202FB03660A9B51
:1094A00009FB06F605EB0309EB5C3C2B40F0E8807A
:1094B00009F10105224A20490AAB2846FFF744FA80
:1094C000002841DC99F801303E2B3DD1194BA662B2
:1094D000C8E90033CAF800606AE7E6F751FE0028E1
:1094E0007FF46DAF64E7314600F0DFF975E7114AAC
:1094F00014490AAB3046FFF727FA00287FF758AF28
:109500000A9B033B072BA0D952E72B2B08BF013541
:109510004FF00109A1E700BFA06802084430002015
:1095200060300020A368020864300020300300206F
:109530003169020854300020A7680208DC6802087C
:1095400048300020BA6802080A9BDA1E072A3FF654
:109550002FAFEB5C3E2B7FF42BAF09F102090A9B86
:1095600009EB030519F803302D2B40F098800135E5
:109570004FF0FF390023ADF81C30ADF81E30ADF8C8
:1095800020300A930AABCDE9027301930DF11E035B
:1095900000937A490AAB07AA2846FFF7D5F90028B5
:1095A00000F38380A6F5616304930A9B27461D445C
:1095B0004FF0000B2B782C2B08BF013595F800904D
:1095C000B9F14D0F40F084800AAB0DF12602CDE9D0
:1095D000013209AA00926A4903930DF1220228463A
:1095E000FFF7B2F903287FF4E3AEBDF822104B1E5B
:1095F0000B2B3FF6DDAEBDF82420531E042B3FF6A7
:10960000D7AEBDF82630062B3FF6D2AEC7E903121F
:1096100087F808907B610A9B05EB030900254FF052
:109620000203ADF81C30ADF81E50ADF820500A957D
:1096300099F800302F2B77D10AAB08AACDE9013277
:109640000DF11E0200924F49039307AA4846FFF707
:109650007BF9A84268DC4A2100220023C4E90355B3
:10966000C4E90555C4E90823C4E90D55C4E90F55FB
:10967000C4E912232172A56284F83010256597E6AB
:10968000414A42490AAB4846FFF75EF900287FF796
:109690001DAF0A9B033B072B7FF661AF88E62B2BA0
:1096A00008BF01354FF0010964E7BDF81E20BDF881
:1096B00020303C2101FB0233BDF81C204FF46161D6
:1096C00001FB023309FB03F36EE74FF0010B71E777
:1096D000B9F14A0F06BF01354B4644230A220BA9B4
:1096E0002846059302F072F8DDF82C90059BADF842
:1096F0002600A94514D14D23BBF1000F07D12372D9
:1097000003210223C4E90313C4F814B086E784F8E4
:1097100030300B220123C4E90D230023E3637DE7EE
:1097200080B23B72786179E7BDF81E20BDF8203029
:109730003C2101FB0233BDF81C204FF4616101FBA9
:109740000233BB610A9D28374D44BBF1000FBCD0EA
:10975000049B23650E4BC8F8003060680A4BA66274
:10976000C8F80430FFF730FDA26A236DCAF8002064
:109770009B1A084A18BF0123136019E6DC68020827
:10978000C8680208DB68020848300020BA6802088E
:109790005430002064300020004870472804002026
:1097A00038B5064D0023044608462B60E9F73AFC1D
:1097B000431C02D12B6803B1236038BD6830002000
:1097C00038B5074D04460846114600222A601A465D
:1097D000E9F732FC431C02D12B6803B1236038BD8A
:1097E0006830002038B5074D04460846114600226F
:1097F0002A601A46E9F706FC431C02D12B6803B124
:10980000236038BD6830002038B5064D002304467B
:1098100008462B60E9F712FC431C02D12B6803B108
:10982000236038BD6830002038B5074D044608462F
:10983000114600222A601A46F8F710FA431C02D19A
:109840002B6803B1236038BD68300020014B1868D5
:10985000704700BFA404002070B50D4D0D4C641B73
:10986000A4100026A64209D10B4D0C4C04F0D2F8EE
:10987000641BA4100026A64205D170BD55F8043B18
:1098800098470136EEE755F8043B98470136F2E772
:10989000986F0208986F0208986F02089C6F020880
:1098A00070477047704770477047034611F8012BA7
:1098B00003F8012B002AF9D170470A44914200F1C4
:1098C000FF3300D1704710B511F8014B03F8014F79
:1098D0009142F9D110BD000001490020704700BF3E
:1098E0000000F87F004870470000C07F1FB5144695
:1098F0001A46094B1B680546D8684CB1074B0091C6
:10990000CDE9013406492B4602F03EFB02F06CFC27
:10991000044B1C46F3E700BFA4040020F6680208CD
:10992000036902083169020810B591FBF2F402FBE9
:1099300014110460416010BD2DE9F74F03690C69F3
:10994000A34207467EDB013C01F11408A30000F1AD
:109950001405009305EB8403019358F8243055F85F
:10996000242001339A4208EB8409B2FBF3F62ED38C
:109970004FF0000AC446AE46D3465CF8043B98B2AA
:1099800006FB00A0020C1B0C06FB0323DEF80020E4
:1099900080B292B2121A5A44DEF800004FEA134A1B
:1099A0009BB2C3EB224303EB104392B242EA034261
:1099B000E1454EF8042B4FEA234BDED2009BEB58D7
:1099C0002BB9019B043B9D421A462FD33C6138467C
:1099D00001F0A0FC002825DB2946002058F8042BC4
:1099E000D1F800C01FFA82FE1FFA8CF3A3EB0E031E
:1099F0000344120CC2EB234202EB1C429BB243EA2B
:109A00000243C14541F8043B4FEA2240E6D255F8F3
:109A1000242005EB840322B9043B9D421A460BD354
:109A20003C610136304603B0BDE8F08F1268043B5C
:109A3000002ACBD1013CC6E71268043B002AEFD1D3
:109A4000013CEAE70020EEE72DE9F04FC76997B047
:109A500014461D46CDE90645239E81467FB9102058
:109A6000FDF704FA0246C9F81C0020B9AA4BEF2101
:109A7000AA48FFF73BFFC0E901770760C760D9F844
:109A80001C30196859B15A684A60012393408B60B1
:109A9000484601F0C3F9D9F81C3000221A602B1E89
:109AA000B9BF23F00043079300233360DDF81C8027
:109AB0009B4BBCBF0122326033EA080312D1229AC9
:109AC00042F20F731360C8F31303234300F05B8566
:109AD000249BDFF850A2002B00F05D850AF1030300
:109AE00000F057BDDDE90623CDE90C23DDE90C01CB
:109AF00000220023E6F7D0FF074658B1229A01233F
:109B00001360249B13B1249A874B1360DFF81CA2C7
:109B100000F041BD14AB019315AB00934846DDE95D
:109B20000C2301F00FFDC8F30A560390002E77D0E6
:109B30000D9B1297C3F31303DDE90C0143F07F5330
:109B400043F44013A6F2FF3619460022784BE6F79D
:109B500083FB6BA3D3E90023E6F736FD6AA3D3E9C1
:109B60000023E6F77BFB044630460D46E6F7C2FCD1
:109B700067A3D3E90023E6F727FD02460B462046FC
:109B80002946E6F76BFB04460D46E6F7CDFF0022BB
:109B90000746002320462946E6F788FF40B13846AD
:109BA000E6F7A8FC22462B46E6F776FF00B9013F10
:109BB000162F53D85F4B03EBC703D3E90023DDE92E
:109BC0000C01E6F773FF00284AD0013F00230F93F2
:109BD000149B9B1B5A1E45BFC3F101030493002332
:109BE0000023099254BF04930993002F3ADB099B89
:109BF0000E973B44099300230A93209B092B64D8BA
:109C0000052BC4BF043B2093209BA3F10203CCBFD0
:109C100000240124032B64D8DFE803F05355382CCB
:109C2000DDE914631E4406F23243202BC1BFC3F1A9
:109C3000400308FA03F806F2124324FA03F3D6BFEE
:109C4000C3F1200348EA030004FA03F0E6F742FCFC
:109C50000122A1F1F873013E129275E70123B6E7E4
:109C60000F90B5E7049BDB1B04937B420A93002310
:109C70000E93C2E701230B93219B07EB030B0BF120
:109C80000103012B0893B8BF012306E001230B93C6
:109C9000219B002B28DD9B460893D9F81C0000214E
:109CA000042202F114059D4226D94160484601F084
:109CB00075F88246002841D11F4B024640F2AF1191
:109CC000D6E60023E3E70023D5E701240023209311
:109CD0000B944FF0FF3B0022CDF820B012232192CD
:109CE000DBE701230B93F4E74FF0010BCDF820B035
:109CF0005B46CDF884B0D0E701315200D1E700BF18
:109D000061436F63A787D23FB3C8608B288AC63F81
:109D1000FB799F501344D33F306802083F69020823
:109D20000000F07F3B6902087C6A02087B6A020837
:109D30000000F83FD86C020897690208D9F81C3077
:109D40001860089B0E2B00F2A180002C00F09E8072
:109D5000002F33DD9C4B07F00F0203EBC203D3E966
:109D60000034F805CDE910344FEA271416D5974B87
:109D7000DDE90C01D3E90823E6F750FDCDE9060142
:109D800004F00F040326914D54B9DDE91023DDE9F9
:109D90000601E6F743FDCDE9060128E00226F2E7D9
:109DA000E10708D5DDE91001D5E90023E6F70CFC51
:109DB000CDE91001013664100835E5E700F0AF8009
:109DC0007C42814B814D04F00F0203EBC203D3E9C7
:109DD0000023DDE90C01E6F7F7FBCDE906012411CC
:109DE00000230226002C40F08F80002BD3D10F9B44
:109DF000DDE90645002B00F09480754B00222046DB
:109E00002946E6F753FE002800F08B80089B002BC4
:109E100000F08780BBF1000F34DD20466D4B00223F
:109E20002946E6F7D1FBCDE9060107F1FF380136F7
:109E30005C463046E6F75EFBDDE90623E6F7C4FB49
:109E4000654B0022E6F70AFA0546A1F15076002C90
:109E50006AD1DDE90601614B0022E6F7FDF9024611
:109E60000B46CDE906232A463346E6F73DFE002899
:109E700040F09882DDE906012A4606F10043E6F744
:109E800015FE38BBDDE90C34CDE90634159B002BFB
:109E9000C0F257810E2F00F354814B4B03EBC703E5
:109EA000D3E90034CDE90434219B002B80F2E58016
:109EB000089B002B00F3E1800CD1484B0022DDE928
:109EC0000401E6F781FBDDE90623E6F703FE00283F
:109ED00000F0668200242546219B56466FEA03085F
:109EE00000272146484600F099FF002D00F0BD8074
:109EF0002FB1AF4203D03946484600F08FFF2946C4
:109F0000484600F08BFFB0E0E20705D5D5E9002315
:109F1000E6F75AFB013601236410083562E7022692
:109F200065E7089CB84684E7274B0B9903EBC4030D
:109F300053E902235444002954D029490020E6F76C
:109F40006DFC33462A46E6F787F9CDE910015646FF
:109F5000DDE90601E6F7E8FD0546E6F7CBFA02463D
:109F60000B46DDE90601E6F777F9303502460B4688
:109F7000CDE9062306F8015BDDE91023E6F796FD3F
:109F8000002872D1DDE9062311490020E6F764F9C3
:109F9000DDE91023E6F78AFD002840F0B480A642F0
:109FA0003FF470AFDDE910010A4B0022E6F70CFB2D
:109FB000084BCDE910010022DDE90601E6F704FBBC
:109FC000CDE90601C4E700BFD86C0208B06C0208F6
:109FD0000000F03F0000244000001C40000014403E
:109FE0000000E03F31462846E6F7EEFACDE91001E1
:109FF00013945646DDE90601E6F796FD0546E6F7B9
:10A0000079FA02460B46DDE90601E6F725F9303517
:10A0100006F8015B02460B46A642CDE906234FF047
:10A02000000224D1AF4BDDE91001E6F717F9024633
:10A030000B46DDE90601E6F757FD002863D1DDE9AF
:10A040001023A8490020E6F707F902460B46DDE990
:10A050000601E6F72BFD00283FF414AF139E731E94
:10A06000139316F8013C302BF8D047463BE09E4B4B
:10A07000E6F7AAFACDE90601BCE7DDE90645564652
:10A08000DDE9042320462946E6F7C8FBE6F74CFD48
:10A090008046E6F72FFADDE90423E6F795FA024653
:10A0A0000B462046294608F13004E6F7D5F806F8B5
:10A0B000014B089DA6EB0A04A54202460B4633D18C
:10A0C000E6F7CCF8DDE9042304460D46E6F70CFD7F
:10A0D000C0B9DDE9042320462946E6F7DDFC10B1CE
:10A0E00018F0010F0ED10399484600F097FE0023A7
:10A0F0003370229B01371F60249B002B00F04B82A2
:10A100001E6048E2B84633461E4613F8012D392A30
:10A1100006D19A45F8D1302208F101088AF80020CA
:10A120001A7801321A70A0E76F4B0022E6F74CFA5A
:10A130000022002304460D46E6F7AEFC00289FD01F
:10A14000D1E70B9A002A00F0EA80209A012A00F356
:10A15000CD80129A002A00F0C18003F233430A9C9A
:10A16000049E049A1A440492099A01211A4448460A
:10A17000099200F051FF054666B1099B002B09DDED
:10A18000B342049AA8BF3346D21A0492099AF61A27
:10A19000D31A09930A9B0BB30B9B002B00F0C680CC
:10A1A000002C00F0C08029462246484600F0ECFF13
:10A1B000039A01460546484600F044FF039980464D
:10A1C000484600F02BFE0A9B1B1B0A9300F0B1804F
:10A1D0000A9A4146484600F0D7FF039001214846BD
:10A1E00000F01AFF0E9B0446002B00F0D8811A469F
:10A1F0000146484600F0C8FF209B012B044600F3AF
:10A200009F80069B002B40F09780079BC3F31303AE
:10A21000002B40F09380079B23F000431B0D1B0590
:10A2200033B1049B01330493099B01330993012348
:10A230000A930E9B002B00F0B881236904EB830383
:10A24000186900F09DFEC0F12000099B184410F031
:10A250001F0000F08280C0F12003042B73DD049BFB
:10A26000C0F11C0003440493099B03440644099372
:10A27000049B002B05DD03991A46484600F0DEFFDB
:10A280000390099B002B05DD21461A46484600F045
:10A29000D5FF04460F9B002B61D00398214601F0A7
:10A2A00039F800285BDA002303990A22484600F0B7
:10A2B000D7FD0B9B039007F1FF38002B00F077814F
:10A2C000294600230A22484600F0CAFDBBF1000FD0
:10A2D00005466FDC209B022B49DC6BE0149BC3F12D
:10A2E00036033CE70000E03F00002440089B5C1E72
:10A2F0000A9BA34209DB1C1B089B002BBFF630AF57
:10A30000049B089A9E1A00232BE70A9B0E9A0A9434
:10A31000E31A1A44049E089B0E92002421E70A9C2B
:10A32000049E0B9D28E7DDF80C8051E70A9A0399FB
:10A3300050E7CDF80C8051E7002379E7069B77E7DB
:10A3400000230A9379E793D0049A1C331A440492A9
:10A35000099A1A441E4409928AE70346F4E7089BC7
:10A36000002BB84620DC9B46209B022B1EDDBBF158
:10A37000000F7FF4B1AD21465B460522484600F050
:10A380006FFD01460446039800F0C4FF00287FF7E4
:10A39000A3AD5646312306F8013B08F101089FE5BD
:10A3A000089CB8462546F4E7DDF820B00B9B002B4F
:10A3B00000F00181002E05DD29463246484600F0B6
:10A3C0003DFF05460A9B002B5CD06968484600F0BB
:10A3D000E5FC064628B9824B024640F2EF21FFF722
:10A3E00047BB2A690232920005F10C010C30FFF7DD
:10A3F00064FA01223146484600F020FF0AF10103C9
:10A4000004930AEB0B030A93069B03F001032F4608
:10A4100009930546049B0398214603F1FF3BFFF790
:10A420008BFA034630330690394603980B9300F0BD
:10A4300071FF2A4608902146484600F087FFC2680F
:10A440000B9B064602BB0146039800F063FF0B9B83
:10A45000024631464846CDE90B3200F0DFFC209B36
:10A460000C9A049E42EA0301099B19430B9B0DD1F0
:10A47000392B27D0089A002A01DD069B31338BF84F
:10A4800000302EE52846B9E70122E2E708990029C5
:10A4900004DB209801430998014320D1002AEEDD16
:10A4A000039904930122484600F0C8FE2146039018
:10A4B00000F030FF0028049B02DCE0D1DA07DED593
:10A4C000392BDAD139238BF8003033461E46013B55
:10A4D00016F8012C392A4ED001321A7001E5002AF3
:10A4E00003DD392BEED00133C9E7049A0A9902F84B
:10A4F000013C8A4228D0039900230A22484600F0F2
:10A50000AFFCAF4203904FF000034FF00A02394610
:10A51000484607D100F0A4FC07460546049B0133DA
:10A52000049377E700F09CFC2946074600230A22A3
:10A53000484600F095FC0546F0E7BBF1000FCCBFA4
:10A540005E4601265644002703990493012248469B
:10A5500000F074FE2146039000F0DCFE0028B4DC1D
:10A5600002D1049BDB07B0D433461E4613F8012DFD
:10A57000302AFAD0B5E49A45A8D1312308F1010870
:10A580008AF80030ADE4249BDFF858A01BB10AF133
:10A590000803249A1360504617B0BDE8F08F209B43
:10A5A000012B7FF72EAE0E9B0A9301204DE6BBF1E7
:10A5B000000F7FF7D9AE564603982146FFF7BCF946
:10A5C00000F1300306F8013BA6EB0A029345B4DD27
:10A5D000039900230A22484600F042FC0390EBE76F
:10A5E000976902083269020838B50546002941D04A
:10A5F00051F8043C0C1F002BB8BFE418FCF7E8FC32
:10A600001D4A136833B9636014602846BDE83840BA
:10A61000FCF7E4BCA34208D9206821188B4201BF93
:10A6200019685B6809182160EDE71A465B680BB191
:10A63000A342FAD911685018A0420BD120680144F6
:10A64000501883421160E0D118685B685360084479
:10A650001060DAE702D90C232B60D6E720682118B6
:10A660008B4204BF19685B68636004BF09182160EE
:10A670005460CAE738BD00BF042F00200369B3EB64
:10A68000611F2DE9F0434FEA611200F1140445DD2A
:10A6900011F01F0104EB830604EB82050CD100F1DD
:10A6A00010072946B14234D39B1A9B00EA1E9642FA
:10A6B00038BF0023234415E054F82270C1F120086C
:10A6C000CF4005F1040EA1467645F44615D89A1AF6
:10A6D0009200043A0135AE4238BF0022A318A750B9
:10A6E00007B104331A1BA3424FEAA20208BF00239A
:10A6F000026108BF4361BDE8F083DCF800C00CFADA
:10A7000008FC4CEA070749F8047B5EF8047BCF405D
:10A71000DAE751F804CB47F804CFC3E72346E1E773
:10A72000A0F13003092B02D82038C0B27047A0F145
:10A730006103052B01D84738F7E7A0F14103052B4A
:10A7400001D82738F1E70020704700002DE9F04FCD
:10A7500085B08A4602930B68019090469C1CA146E6
:10A7600014F8010B3028FAD0A9EB0303A3F1020B74
:10A77000FFF7D6FF0546002868D1A04901224846C8
:10A78000FEF775F90746002867D199F801002646BB
:10A79000FFF7C6FF002862D0234618783028994674
:10A7A00003F10103F9D0FFF7BBFFB0FA80F56D09A3
:10A7B0004FF0010B4A46164601323078FFF7B0FFE2
:10A7C0000028F8D18D4901223046FEF750F90028C3
:10A7D0003FD144B9741C2246164601323078FFF747
:10A7E0009FFF0028F8D1A41BA700337803F0DF03F4
:10A7F000502B3ED173782B2B33D02D2B34D0711CA2
:10A8000000240878FFF78CFF431EDBB2182B30D8EA
:10A81000A0F1100211F8010FFFF782FF00F1FF3CD9
:10A820005FFA8CFCBCF1180F4FF00A031ED904B17B
:10A8300052421744CAF80010EDB1BBF1000F0CBF33
:10A8400006250025284605B0BDE8F08F00252C46DA
:10A85000B0E7002CC7D12746C7E74E462F46012553
:10A86000C3E70024B11CCCE70124FBE703FB020093
:10A87000CEE73146DEE7A6EB0903013B2946072B6D
:10A880000ADC019800F08AFA044640B95C4B0246A3
:10A89000E4215C48FFF72AF801315B10EFE700F193
:10A8A000140A002355469B46B14537D345F804BBEF
:10A8B000A5EB0A05AD102561584600F061FB6D015E
:10A8C000D8F800602D1AB54254DDAD1B294620464C
:10A8D00000F0E3FE814678B16B1E591103F01F02B0
:10A8E0005AF821104FF0010909FA02F20A4203D086
:10A8F0004B4536DC4FF0020929462046FFF7BEFEE5
:10A900002F44D8F80830BB4242DA0198214600F0C3
:10A9100085FA0E9A00231360A32593E716F8012DFC
:10A920002E2A12D0202B04D145F804BB4FF0000B87
:10A930005B4630780393FFF7F3FE039B00F00F00B4
:10A9400098404BEA000B0433AEE7B145EAD82B49F7
:10A95000039301223046FEF78AF8039B0028E1D1D9
:10A96000A2E7A91E204600F098FE0028C2D04FF0B2
:10A970000309C1E709DA751B214601982A4600F050
:10A980005DFC7F1B044600F1140A4FF00009B8E794
:10A99000D8F80450BD426FDDED1BAE4234DCD8F870
:10A9A0000C30022B22D0032B24D0012B15D1AE4228
:10A9B00013D1012E0BD1029AD8F804301360012371
:10A9C0002361CAF800300E9B62251C603AE7711EB5
:10A9D000204600F062FE0028EDD10198214600F0EB
:10A9E0001DFA0E9A0023136050252BE70F9B002BB6
:10A9F000F3D1E0E70F9B002BDDD1EEE7FC67020807
:10AA000097690208A86902086F1EB9F1000F30D1DA
:10AA100027B13946204600F040FE81467A110123D5
:10AA20005AF8222007F01F07BB4013422946204650
:10AA300018BF49F00209FFF721FED8F80470761B11
:10AA40000225B9F1000F47D0D8F80C30022B15D0F1
:10AA5000032B17D0012B09D119F0020F06D0DAF819
:10AA6000003049EA030919F0010F0ED145F0100535
:10AA700032E04FF00109D1E70125E2E70F9BC3F176
:10AA800001030F930F9B002BF0D0D4F810B004F10A
:10AA900014034FEA8B0A03EB8B014FF0000C1846AE
:10AAA00053F8042BB2F1FF3F1BD001320260022D9C
:10AAB00004F114033CD1D8F80020013AB24209D184
:10AAC0007111012253F8213006F01F0602FA06F632
:10AAD0001E423AD145F020050E9B1C60029B1F6070
:10AAE000B0E6994243F804CCD9D8A3689B4517DB5C
:10AAF00061680198013100F051F9814618B91A4B8B
:10AB000002468421C5E62269023204F10C0192005A
:10AB10000C30FEF7D2FE2146019800F07FF94C463A
:10AB200023695A1C04EB8303226101225A61BEE7A8
:10AB300022695A450BDD01212046FFF79FFDD8F819
:10AB400008300137BB42FFF6E0AE0125C2E716F040
:10AB50001F06FAD05344C6F1200653F8040C00F047
:10AB60000FFAB042E7DBF0E797690208C2F108028A
:10AB7000920070B5C2F120064368046803FA06F536
:10AB80002C43D340046040F8043F8842F4D370BDA6
:10AB900030B50368013311F8014B14B9036001208B
:10ABA00030BD13F8012BA2F14105192D98BF2032B9
:10ABB000A242F0D00020F3E72DE9F04F0B680168C6
:10ABC0005E1102EB860613F01F0387B018BF043630
:10ABD0000025371F82469046019346F8045CB9462B
:10ABE0003C460295AB464A784B1C039342B3104651
:10ABF00005910492FFF794FD002851D1049A05991C
:10AC0000202A18D8029B9B4513DD4C4506D2072D00
:10AC100004DC2A4649462046FFF7A8FF444552D99E
:10AC20000023A4F1040944F8043CCDF808B04C46D4
:10AC30001D460399D7E7292A57D10231CAF80010D7
:10AC4000BBF1000F51D04C4506D2072D04DC2A463B
:10AC500049462046FFF78AFF444536D9A8F1040249
:10AC6000234653F8041B42F8041F9F42F9D23B1BB2
:10AC700023F0030304330134033EB44288BF0423AA
:10AC80004344002243F8042B9F42FBD23B681BB98C
:10AC9000474528D101233B60052007B0BDE8F08F70
:10ACA0000135082D0BF1010B06DD4445C1D9002308
:10ACB00044F8043C0125043C226800F00F0040EAFF
:10ACC00002102060B5E70825B3E7019B002BDDD01B
:10ACD000C3F120034FF0FF32DA4056F8043C134032
:10ACE00046F8043CD2E7043FD0E70420D5E7000053
:10ACF0002DE9F84FDFF86CA006468946174601F0AB
:10AD00008FFADAF8004034B14B46984613F8012B1D
:10AD10003AB13D2AF9D1304601F088FA0020BDE869
:10AD2000F88FA8EB0908A34654F8040B0028F2D0CA
:10AD300042464946FDF79BFE0028F4D154F8043CF6
:10AD400003EB080513F808303D2BECD1DAF800309E
:10AD5000ABEB03039B1030463B6001F067FA681CC5
:10AD6000DDE700BF4002002007B501AAFFF7C0FFE2
:10AD700003B05DF804FB82B001B901A942B14BB147
:10AD800013780B601278101E18BF012002B07047B4
:10AD90001046FBE76FF00100F8E7000070B5C669E8
:10ADA00004460D4676B91020FCF760F80246E061D3
:10ADB00020B9184B18486B21FEF798FDC0E90166D1
:10ADC0000660C660E669F36883B1E369DB6853F83F
:10ADD0002500B8B9012101FA05F6721D920020463E
:10ADE00001F009FA60B1C0E901560EE02122042108
:10ADF000204601F000FAE369F060DB68002BE4D143
:10AE0000002070BD026843F825200023C0E9033309
:10AE1000F7E700BF30680208086A020870B5C66923
:10AE200005460C4676B91020FCF720F80246E8618A
:10AE300020B9094B09488F21FEF758FDC0E901668A
:10AE40000660C6603CB1EB696268DB6853F82210AB
:10AE5000216043F8224070BD30680208086A020889
:10AE60002DE9F0410D6907460C461E4601F1140C10
:10AE70000020DCF8003099B202FB01611E0C0B0CC3
:10AE800002FB063389B2013001EB034185424CF8E5
:10AE9000041B4FEA1346ECDC0EB3A368AB4219DC8B
:10AEA000616838460131FFF779FF804628B90246CC
:10AEB0000C4B0D48BA21FEF719FD2269023204F14C
:10AEC0000C0192000C30FEF7F8FC21463846FFF7E3
:10AED000A5FF444604EB850301355E6125612046EC
:10AEE000BDE8F08197690208086A02082DE9F84375
:10AEF0000C4615461F4609220833064693FBF2F31B
:10AF0000002101229A4209DB3046FFF747FF40B992
:10AF10000246194B1948D321FEF7E8FC52000131D3
:10AF2000F0E7089B4361092D4FF00103036116DD33
:10AF300004F10909C8462C4418F8013B0146303B8E
:10AF40000A223046FFF78CFFA045F5D1A5F1080491
:10AF50004C442D1B6319BB4204DBBDE8F8830A3463
:10AF60000925F6E714F8013B0146303B0A2230463A
:10AF7000FFF776FFEEE700BF97690208086A02084C
:10AF8000B0F5803F034636BF030400201020B3F124
:10AF9000807F3CBF1B020830B3F1805F3CBF1B01C8
:10AFA0000430B3F1804F3CBF9B000230002B05DB27
:10AFB00013F0804F00F1010008BF202070470368A4
:10AFC000024613F007000BD0D90721D4980749BFD8
:10AFD0005B089B08012013605CBF13600220704770
:10AFE00099B209B91B0C1020D9B209B908301B0A53
:10AFF000190704BF1B090430990704BF9B080230DE
:10B00000D90703D45B0800F1010003D01360704737
:10B01000002070472020704710B50C460121FFF733
:10B02000BDFE024628B9054B054840F24511FEF722
:10B030005DFC01234461036110BD00BF97690208F4
:10B04000086A02082DE9F04F17460A693B699A42DF
:10B05000A8BF3B468946A4BF0F4699463D69D9F82B
:10B0600010A0BB68796805EB0A06B34285B0B8BF8B
:10B070000131FFF793FE30B90246414B41484FF48E
:10B08000B171FEF733FC00F1140404EB860E234685
:10B090000022734520D307F1140809F1140108EBCD
:10B0A000850501EB8A030293EB1B153B23F0030399
:10B0B00004331537BD4238BF04230193029B03912B
:10B0C0008B420CD8002E03DD5EF8043D002B55D0DA
:10B0D000066105B0BDE8F08F43F8042BD9E7B1F85D
:10B0E00000A0BAF1000F1FD0C446A14600275CF8AB
:10B0F000042BD9F800301FFA82FB9BB20AFB0B33FA
:10B100003B44D9F80070120C3F0C0AFB027202EBB0
:10B1100013429BB243EA0243654549F8043B4FEAB8
:10B120001247E4D8019BE750039BB3F80290043127
:10B13000B9F1000F20D023684746A4464FF0000A1B
:10B14000B7F800B0BCF8022009FB0B2252449BB2B6
:10B1500043EA02434CF8043B57F8043B4FEA134AD6
:10B16000BCF8003009FB0A3303EB1243BD424FEA3F
:10B17000134AE5D8019AA35004349FE7013EA1E7A2
:10B1800097690208086A02082DE9F843154612F08B
:10B19000030207460E4607D0254C013A002354F817
:10B1A0002220FFF75DFE0646AD103DD0FC697CB95C
:10B1B0001020FBF75BFE0246F86128B91D4B1E48C4
:10B1C00040F2B311FEF792FBC0E901440460C46091
:10B1D000D7F81C80D8F808404CB940F271213846A5
:10B1E000FFF71AFF0023C8F80800044603604FF079
:10B1F0000009EB070AD5314622463846FFF722FF01
:10B20000314680463846FFF709FE46466D100BD0A2
:10B21000206838B9224621463846FFF713FF2060E0
:10B22000C0F800900446E4E73046BDE8F88300BF6C
:10B23000A46C020830680208086A02082DE9F04789
:10B240000C464968236903EB6218A36807469146D8
:10B250004FEA621A08F10106B3420BDB3846FFF7EA
:10B260009DFD054648B90246284B29484FF4EF7129
:10B27000FEF73CFB01315B00EEE7002300F1140117
:10B2800000F110021846534533DB20692AEAEA7AB6
:10B2900004F1140319F01F0901EB8A0103EB800C80
:10B2A0002BD0C9F1200E8A460022186800FA09F056
:10B2B00010434AF8040B53F8042B9C4522FA0EF273
:10B2C000F3D8ACEB0403153B23F00303043304F180
:10B2D0001500604588BF0423CA500AB108F1020670
:10B2E000013E38462E612146FFF798FD2846BDE80D
:10B2F000F08742F8040F0133C5E7043953F8042BF3
:10B3000041F8042F9C45F9D8EAE700BF9769020885
:10B31000086A02080A6903460069801A30B50ED12E
:10B320001433143103EB820401EB820154F8045D01
:10B3300051F8042D954203D005D24FF0FF3030BDB7
:10B34000A342F3D3FBE70120F9E700002DE9F74F13
:10B3500089460646114648461446FFF7DBFF051EA0
:10B3600012D129463046FFF719FD024628B93E4B57
:10B3700040F237213D48FEF7B9FA0123C0E9043510
:10B38000104603B0BDE8F08FBCBF4B46A146304627
:10B39000D9F80410BABF1C4601250025FFF7FEFCB2
:10B3A000024618B9304B40F24521E3E7D9F8107056
:10B3B0002669C56009F1100309F1140504F1140EA2
:10B3C00000F1140B05EB87080EEB86060193D946B6
:10B3D0004FF0000C019B5EF8040B53F804AF01938F
:10B3E00081B21FFA8AF35B1A000C6344C0EB1A4067
:10B3F00000EB23409BB243EA0043764549F8043B07
:10B400004FEA204CE6D8331B153B23F003031534D9
:10B410000433A64238BF04231D445B441E462C4619
:10B4200044450ED308F10301491B21F00301033DFC
:10B43000A84538BF00210B4453F8041D91B1176192
:10B440009EE754F8041BE646080C1CFA81FC714484
:10B4500000EB2C4089B241EA004146F8041B4FEA58
:10B46000204CDDE7013FE7E797690208086A020818
:10B470000E4B0B40A3F15073002B08DC5B42B3F181
:10B48000A07F4FEA235204DA4FF400231341002235
:10B4900008E0A2F114031E2BDABF4FF00042DA409D
:10B4A0000122002319461046704700BF0000F07FBC
:10B4B0000269F8B500F1140606EB8202204F52F83B
:10B4C000044C2046FFF75CFD03460A2BC0F1200028
:10B4D000A2F10405086013DCAE4238BF52F8082C14
:10B4E000C3F10B0C28BF0022153324FA0CFE04FA1A
:10B4F00003F322FA0CF24EEA07011A431046F8BD94
:10B50000AE4236BFA2F10805002252F8082C0B3BD0
:10B5100012D0C3F1200722FA07F19C400C43B54238
:10B5200044F07F518CBF55F8044C00249A40FC40F5
:10B5300041F440112243E1E744EA0701DEE700BF9E
:10B540000000F03F2DE973430121089E9046994683
:10B55000FFF724FC044630B90246244B244840F24D
:10B560000F31FEF7C3F9C9F30A55C9F313030DB13F
:10B5700043F480130193B8F1000324D0684600938C
:10B58000FFF71DFDDDE90012D8B1C0F1200302FA7A
:10B5900003F30B43C24063610192019BA361002B43
:10B5A0000CBF012202222261ADB1A5F23345054450
:10B5B0003560C0F13500099B1860204602B0BDE837
:10B5C00070836161E9E701A8FFF7F9FC019B636102
:10B5D00020300122E7E704EB8203A0F23240306022
:10B5E0001869FFF7CDFCC0EB4210E4E79769020849
:10B5F000086A02082DE9F04F85B0CDE9001002A9D4
:10B60000FFF756FF8B4606460F46009803A9FFF743
:10B610004FFF019B89460D461969009B1B69C91A9A
:10B62000DDE902329B1A03EB4113002BCDBF3A46F2
:10B63000C3EB03332A4602EB035BD8BF02EB03598B
:10B64000044622464B4630465946E5F7E7F805B032
:10B65000BDE8F08F013970B549111469013102F16B
:10B66000140300EB810103EB8404051FA3420CD3F8
:10B67000A31A113B23F003031132A24288BF002317
:10B6800018440023884205D370BD53F8046B45F875
:10B69000046FEBE740F8043BF4E700F114020069A3
:10B6A0004B11984210B511DB0ADD11F01F0107D0D4
:10B6B00052F8234024FA01F000FA01F18C420BD138
:10B6C00002EB8303934203D8002010BD0346F7E743
:10B6D00053F8041D0029F5D00120F6E751F8043C89
:10B6E000181F002BBCBF0B58C01870472DE9F04342
:10B6F000344E86460D46284615F8014B375D17F047
:10B700000807F8D12D2C10D12C780127851C33F097
:10B71000100015D1302C0DD1287800F0DF0058280A
:10B7200008D16C78023510230AE02B2C04BF2C784A
:10B73000851CECE7002BF6D1302C14BF0A2308231C
:10B740004FF0FF380026B8FBF3F803FB08F96FEA67
:10B7500009093046A4F1300CBCF1090F10D8644639
:10B76000A3421EDDB6F1FF3F07D0804516D301D1BD
:10B77000A14513DB00FB0340012615F8014BE9E767
:10B78000A4F1410CBCF1190F01D8373CE8E7A4F152
:10B79000610CBCF1190F04D8573CE1E74FF0FF36BC
:10B7A000EBE7731C06D12223CEF80030304632B9C5
:10B7B000BDE8F08307B14042002AF9D006B1691E06
:10B7C0001160F5E7E16A0208FFF790BF13460A46E9
:10B7D000014602480068FFF789BF00BFA4040020AB
:10B7E0000346084641B1FF2A04D98A221A604FF065
:10B7F000FF3070470A700120704738B54B1C144663
:10B8000003D14FF0FF35284638BD938923F020033C
:10B810009381636B5268CDB28BB1A36B934208DD09
:10B8200023685A1E226003F8015C63680133636079
:10B83000E9E7214600F0F3FB0028F1D0E1E72169B8
:10B84000236851B1994208D213F8011CA94204D1CE
:10B85000013B013223606260D5E7C4E90F3204F195
:10B86000440363630323A363234603F8465F236013
:10B870000123DCE710B50C46496B69B104F14403C0
:10B88000994201D0FEF7B0FE236C63600020606334
:10B8900013B1E36B236010BD236923600023636051
:10B8A000A38943F02003A3814FF0FF30F3E70000AA
:10B8B0002DE9F04F0C46ADF5237D0021CDE9441173
:10B8C000A649A0910DF10408A549A64FCDF818810D
:10B8D0000646A191009392F80090B9F1000F00F094
:10B8E000588117F8093013F0080302F1010519D047
:10B8F0006368002B0FDD23681A78BA5C120701D445
:10B900002A46E8E7459A0132459262680133013AD6
:10B9100062602360ECE7A19B2146304698470028EF
:10B92000E9D0EDE7B9F1250F40F0858041934393CD
:10B9300053782A2B02BF1023951C41930A22AA4652
:10B940001AF8011BA1F13003092B1ED9DFF818B238
:10B9500003225846E4F724FC38B1419AA0EB0B00CF
:10B960000123834013434193554615F8013B782B3F
:10B9700006D8572B10D8252B5DD057D8002B75D063
:10B98000032347930A23429388E0439B02FB03115E
:10B99000303943915546D2E7A3F15802202AEFD817
:10B9A00001A151F822F000BF7BBA010881B901085A
:10B9B00081B90108D5BA010881B9010881B9010826
:10B9C00081B9010881B9010881B9010881B901086B
:10B9D00081B90108EBBA0108D1BA010833BA0108EC
:10B9E00033BA010833BA010881B901088DBA0108D8
:10B9F00081B9010881B9010881B9010881B901083B
:10BA0000FBBA010895BA010873BA010881B90108A7
:10BA100081B90108F7BA010881B90108D1BA010852
:10BA200081B9010881B901087BBA0108453B022BA5
:10BA3000A6D8052331E06368002B0DDD23681A7852
:10BA40004A4540F0A680013362682360459B013A75
:10BA500001336260459353E7A19B214630469847E6
:10BA60000028EBD04498002840F08B804FF0FF3046
:10BA70008BE0419A42F020024192419A42F40072D6
:10BA8000419210226E2B429202D905E0002342938C
:10BA9000032302E008234293042347936368002BA7
:10BAA00039DD419B590604D423681A78BA5C120721
:10BAB00038D4479B022B47DC6B46224641A93046CF
:10BAC00000F06CF8012864D002287FF419AFC9E7B0
:10BAD0000A22D7E72946404600F068FA419B43F026
:10BAE0004003419305460123D7E7419B43F04003C0
:10BAF00041930023D1E70223CFE74198C3063FF5E6
:10BB0000FFAE009B459A191D00911B68C0074CBFF2
:10BB10001A801A60F4E6A19B214630469847002817
:10BB2000BFD09FE7459A013245926268013A002AE8
:10BB3000626002DD01332360B6E7A19B21463046F7
:10BB400098470028B0D08DE7042B0FDC6B462246C7
:10BB500041A9304600F07CF8B4E700BFFBB701080C
:10BB600075B80108E16A0208616A02080A4B002BF5
:10BB70003FF4C6AE6B46224641A93046AFF3008083
:10BB8000A0E7A3895B063FF571AF0DF5237DBDE806
:10BB9000F08F4498F9E700BF000000002DE9F8435A
:10BBA00015468A6880460C4632B98A69002A14BF55
:10BBB0004FF0FF3201228A602268DFF89090D106B0
:10BBC0005FBF1A68111D196016680027A06988B147
:10BBD000012807D12B681A7863699B5C53B9002F41
:10BBE00031D022E0022820D12B681B7819F80330CD
:10BBF0001B071AD42368DA065EBF2B681B7806F889
:10BC0000013B2A686B6801322A60A268013B013A55
:10BC10006B600137A26042B1002BD7DCD4F88031D1
:10BC20002946404698470028D0D0236813F01003D7
:10BC300005D1E2680132E260A26902B13370236982
:10BC40003B4423610020BDE8F88300BFE16A02089D
:10BC50002DE9F04F9846744B0C468246164693E801
:10BC6000070087B003AB83E80700704BA169704AF7
:10BC7000032908BF1A46A36801925A1EB2F5AE7F87
:10BC800088BF6FF4AE75274682BF03EB050940F20B
:10BC90005D13A36057F81C3B43F4506398BF4FF00B
:10BCA000000923603D464FF0000B316803AB097873
:10BCB00053F82B000222E4F773FA28B3BBF1010F0B
:10BCC00059D162682AB92268082142F40072616081
:10BCD0002260226822F4A0622260A268511EA16044
:10BCE00092B13268511C3160127805F8012B7268EC
:10BCF000013A002A726007DCD4F8802131465046B0
:10BD00009047002840F085800BF1010BBBF1030F39
:10BD1000CBD163680BB90A236360636845496069E6
:10BD2000C91A00F043F94FF0000BA3682268002BFA
:10BD30003DD03168606991F800C010F80C0000280F
:10BD400035D0BCF1300F24D1100522D50BF1010BF9
:10BD5000B9F1000F03D0013309F1FF39A360736813
:10BD6000013B002B73601BDD336801333360A36834
:10BD7000013BA360D9E7BBF1020FAED1226802F408
:10BD8000C061B1F5007FC4D11021616042F48072BE
:10BD9000A2E722F4106222600B7805F8013BDEE78F
:10BDA000D4F880313146504698470028DFD02368C8
:10BDB000D9050DD5BD4209D915F8011CD4F87C313F
:10BDC00032465046984705F1FF394D46BD4228D0CE
:10BDD000226812F0100213D12A706368019E39465E
:10BDE0005046B047D8F8003021681A1DC8F8002026
:10BDF00011F0200F1B680FD01860E3680133E36077
:10BE00002369ED1B5D442B442361002007B0BDE88E
:10BE1000F08F4FF0000BCAE7CA074CBF18801860BC
:10BE2000EBE70120F2E700BFF0DD0108D57D010856
:10BE3000C9B70108756A0208B1F90C20F8B51607F0
:10BE400005460C4654D44B68002B02DC0B6C002BCF
:10BE500048DDE66A002E45D0002312F480522F6898
:10BE6000216A2B6030D0626DA389590705D56368BC
:10BE7000D21A636B0BB1236CD21A0023E66A216AD3
:10BE80002846B047431CA38906D129681D292BD811
:10BE9000284ACA40D60727D500226260D904226901
:10BEA000226004D5421C01D12B6803B96065616B27
:10BEB0002F60B9B104F14403994202D02846FEF73D
:10BEC00093FB002363630DE001232846B04702463D
:10BED000501CC9D12B68002BC6D01D2B01D0162BAE
:10BEE0001DD12F60002021E043F040031BB21AE077
:10BEF0000F69002FF6D093070E6808BF4B690F60DB
:10BF000018BF0023F61B8B60002EEBDD216AD4F8EE
:10BF100028C033463A462846E047002807DCB4F9F3
:10BF20000C3043F04003A3814FF0FF30F8BD0744CD
:10BF3000361AE9E70100402038B50B6905460C4682
:10BF400013B90025284638BD18B1036A0BB9FCF7B0
:10BF5000C5FCB4F90C30002BF3D0626ED00704D4CA
:10BF6000990502D4A06DFDF79DFC28462146FFF7F8
:10BF700063FF636EDA070546E4D4A3899B05E1D429
:10BF8000A06DFDF791FCDDE70EB403B5014603ABF0
:10BF9000054853F8042B0068019300F075F902B0CE
:10BFA0005DF804EB03B07047A404002070B50B7873
:10BFB00004465E2B0BBF4B784A1C8A1C002108BF2D
:10BFC0000121013804F1FF0500F8011FA842FBD14F
:10BFD0000BB9501E70BD81F00101E15410460246BC
:10BFE00012F8015B2D2D05D05D2D16D0002DF1D05E
:10BFF0002B46F2E746785D2EFAD0B342F8DC0230E9
:10C000001A4601329642A154FBDCF21A013A5D1C39
:10C01000B342A8BF0022AB18E1E71046DAE72DE9EA
:10C02000F0410C46496B04F1440399421DD14FF491
:10C030008061FAF74DFF18B94FF0FF30BDE8F0818D
:10C040004FF48063A36394F84630606380F8FF3355
:10C0500094F8453080F8FE3394F8443080F8FD338E
:10C0600000F2FD3020600020E8E7A66B77003A463A
:10C07000FAF7BAFF05460028DED000EB06080146B5
:10C0800032464046FDF719FCC4E90D57C4F800805C
:10C09000E9E7000000487047F80400202DE9F0416E
:10C0A0004D4A0C460023D0E90001E5F705F9002AC6
:10C0B000BCBF02F5A83202F5C0724FF4616100F511
:10C0C0002F20B2FBF1F301FB13224FF03C01ACBF78
:10C0D00000F66C2000F66B20A360B2FBF1F301FBCD
:10C0E000132263602260C31C072293FBF2F2C2EBAF
:10C0F000C2029B1A394955D50733A361A0F50E3307
:10C10000A3F52C7393FBF1F1354B03FB010048F6CB
:10C11000AC63B0FBF3F3034440F2B45CB0FBFCF25D
:10C120009B1A40F26D172F4AB0FBF2F264269B1A5D
:10C13000B3FBF7F2B3FBFCF3B2FBF6F5EB1A0344E7
:10C1400007FB1233992003EB8307023703F1010E3B
:10C15000B7FBF0FC00FB0CF002304FF00508B0FB21
:10C16000F8F0AEEB000040F2F95E77458CBF6FF05F
:10C170000907022767444FF4C87C0CFB0121012FFB
:10C1800098BF0131B3F5997F12D3A3F59973E36199
:10C19000A1F26C710023E060C4E9047123622046BF
:10C1A000BDE8F0810028A361A8DB90FBF1F1ABE7CB
:10C1B00012F0030F02D106FB15255DB94FF4C875C7
:10C1C000B2FBF5F605FB1622B2FA82F252093B33B6
:10C1D0001344DCE70122FAE780510100B13A020082
:10C1E0004FC5FDFFB03A020008B5062000F020FA66
:10C1F0000120E6F701FF70B5A1FB025434B92946CE
:10C20000FAF766FE064628B9304670BD0C22026079
:10C210000026F9E72A462146FCF721FCF4E7000056
:10C220000148FDF73FBB00BF6D3000200148FDF71E
:10C230003BBB00BF6D3000209368013B002B10B466
:10C24000936007DA9469A34201DB0A2902D110BC8A
:10C2500000F032B91368581C10601970084610BC01
:10C260007047F8B506460F461446D518AC4201D1C2
:10C27000002007E014F8011B3A463046FFF7DCFFC8
:10C28000431CF3D1F8BD00002DE9F04F0D469DB0E1
:10C2900014469846064618B1036A0BB9FCF71EFB14
:10C2A0006B6ED90705D4AB899A0502D4A86DFDF74A
:10C2B000F9FAAB891B0701D52B699BB92946304692
:10C2C00000F038F970B16B6EDC0704D54FF0FF3029
:10C2D0001DB0BDE8F08FAB899805F7D4A86DFDF7C8
:10C2E000E3FAF3E70023099320238DF82930CDF8F2
:10C2F0000C803023DFF8AC818DF82A304FF0010933
:10C3000023469A4613F8012B0AB1252AF9D1BAEB34
:10C31000040B0BD05B46224629463046FFF7A1FFAF
:10C32000013000F0A780099A5A4409929AF8003027
:10C33000002B00F09F8000234FF0FF32CDE9052352
:10C340000AF1010A049307938DF853301A93544667
:10C35000052214F8011B5348E3F722FF049AD8B9C9
:10C36000D10644BF20238DF85330130744BF2B233D
:10C370008DF853309AF800302A2B15D0079A54467E
:10C3800000204FF00A0C214611F8013B303B092BED
:10C390004BD9B0B1079214E0A0EB080309FA03F3FC
:10C3A00013430493A246D2E7039B191D1B68039114
:10C3B000002BBBBF5B4242F0020207930793B8BF5A
:10C3C000049223782E2B0AD163782A2B32D1039B37
:10C3D0001A1D1B68039243EAE37302340593DFF8E6
:10C3E000C8A0217803225046E3F7DAFE38B1049B57
:10C3F000A0EB0A004022824013430134049314F856
:10C40000011B2A488DF828100622E3F7C9FE0028F0
:10C410003FD0274B1BBB039B073323F00703083395
:10C420000393099B3B4409936AE70CFB02320C46D9
:10C430000120A8E700230134059319464FF00A0CA8
:10C44000204610F8012B303A092A03D9002BC6D018
:10C450000591C4E70CFB012104460123F0E703AB7F
:10C4600000932A46134B04A93046FBF7F3FD074619
:10C47000781CD6D16B6ED90705D4AB899A0502D446
:10C48000A86DFDF711FAAB895B063FF51FAF099860
:10C490001EE703AB00932A46064B04A93046FCF77F
:10C4A00073F8E4E7806A0208616A0208866A020893
:10C4B0005580010863C20108F8B50E4614460546CA
:10C4C00018B1036A0BB9FCF709FAA369A360A38941
:10C4D0001A0701D5236943B92146284600F02AF8F6
:10C4E00018B14FF0FF373846F8BD23682269981A13
:10C4F0006369F6B28342374605DC21462846FFF7DA
:10C500001BFD0028EDD1A368013BA36023685A1CE2
:10C5100022601E706269431C9A4204D0A389DB0723
:10C52000E1D50A2EDFD121462846FFF705FD002878
:10C53000D9D0D6E738B5294B054618680C4618B14E
:10C54000036A0BB9FCF7CAF9B4F90C30190722D405
:10C55000DA0607D409222A6043F04003A3814FF092
:10C56000FF3033E0580712D5616B41B104F1440349
:10C57000994202D02846FEF737F800236363A38967
:10C5800023F02403A3810023636023692360A3892C
:10C5900043F00803A38123694BB9A38903F42073F3
:10C5A000B3F5007F03D02146284600F083F8B4F9A4
:10C5B0000C3013F001020AD00022A26062695242DC
:10C5C000A261226942B913F08000C5D138BD990734
:10C5D00058BF6269A260F4E70020F7E7A4040020D6
:10C5E0001F2938B505460C4604D9162303604FF0C1
:10C5F000FF3038BDC26B12B152F821304BB928461A
:10C6000000F030F8224601462846BDE8384000F0E8
:10C6100017B8012B0AD0591C03D11623036001203F
:10C62000E7E7002142F82410204698470020E0E781
:10C63000024B01461868FFF7D3BF00BFA4040020D7
:10C6400038B5074D00230446084611462B60E6F72F
:10C65000CBFC431C02D12B6803B1236038BD00BF63
:10C6600068300020E6F7BEBC70B50C46B1F90E107C
:10C67000002996B015461E460DDAA38913F0800FE7
:10C680004FF0000114BF40234FF48063002031605D
:10C690002B6016B070BD6A4600F048F80028ECDB4D
:10C6A000019901F47041A1F50053594259414FF4E9
:10C6B0008063EBE78B89F7B59D0706460C4607D5E7
:10C6C00004F14703236023610123636103B0F0BDDC
:10C6D00001AB6A46FFF7C8FF009F05463946304662
:10C6E000FAF7F6FB48B9B4F90C309A05EED423F00A
:10C6F000030343F00203A381E2E7A389206043F030
:10C700008003A381019BC4E904075BB1B4F90E1057
:10C71000304600F01DF828B1A38923F0030343F04D
:10C720000103A381A3891D43A581CFE738B5074D38
:10C7300000230446084611462B60E6F776FC431CAE
:10C7400002D12B6803B1236038BD00BF68300020E0
:10C7500038B5064D0023044608462B60E6F76AFC10
:10C76000431C02D12B6803B1236038BD6830002020
:10C7700030B5204D21F00044AC4287B002460B4654
:10C7800006D80022002307B0BDE8304000F048B9C9
:10C79000194DAC4203D9E3F75FFD07B030BD02AAE3
:10C7A00000F0B6FA00F00300012809D0022811D0E9
:10C7B000B8B9DDE90423DDE9020100F031F9ECE765
:10C7C0000090DDE90423DDE9020100F0E9F901F15F
:10C7D0000041E2E7DDE90423DDE9020100F020F990
:10C7E000F5E701230093DDE90201DDE9042300F010
:10C7F000D7F9D2E7FB21E93FFFFFEF7F30B5204DAE
:10C8000021F00044AC4287B002460B4606D8002314
:10C8100000930022002300F0C3F904E0194DAC425C
:10C8200003D9E3F719FD07B030BD02AA00F070FA92
:10C8300000F00300012809D002280ED0C0B901235E
:10C840000093DDE90201DDE90423E4E7DDE90423E7
:10C85000DDE9020100F0E4F8E5E701230093DDE9FA
:10C860000201DDE9042300F09BF901F10041DAE760
:10C87000DDE90423DDE9020100F0D2F8F5E700BFAD
:10C88000FB21E93FFFFFEF7F38B5054600F03AFC9A
:10C890000446284600F01EF850B10C492846E4F73B
:10C8A000A5FC38B1FCF7D2FF222303604FF0FF4410
:10C8B000204638BD06492846E4F77AFC0028F7D020
:10C8C000FCF7C4FF222303600024F1E71772B14292
:10C8D000B5F1CFC220F00040B0F1FF4FACBF002057
:10C8E0000120704738B504460D46FCF7AFFF0560E0
:10C8F000204638BD08B540B101F10040E4F7BAFA6E
:10C90000BDE808402221FFF7EDBF0846F6E74FF0EB
:10C910008051FFF7EFBF4FF0E041FFF7EBBF0000A2
:10C920002DE9F041C1F30A57A7F2FF36132E024654
:10C930000B460C460546804635DC002E17DA34A33C
:10C94000D3E90023E3F78AFC00220023E4F7CCF8C4
:10C9500050B1002C57DA24F000442C430025AC429F
:10C960002D4C08BF4FF0004423462A4624E02B4FAD
:10C97000374101EA070C5CEA000C1DD024A3D3E97F
:10C980000023E3F76BFC00220023E4F7ADF8002856
:10C99000EAD0002CBEBF4FF480133341E41824EAE0
:10C9A00007040025E0E7332E0ADDB6F5806F03D1DA
:10C9B000E3F754FC02460B4610461946BDE8F081E9
:10C9C000A7F213474FF0FF3C2CFA07F70742F3D0CA
:10C9D0000FA3D3E90023E3F741FC00220023E4F78F
:10C9E00083F80028C0D0002C0ADA142E01D10134BB
:10C9F00006E0C6F134060123B3401D444545F6D395
:10CA000025EA0705B0E700252C46ADE7AFF3008027
:10CA10009C7500883CE4377E0000F0BFFFFF0F00EC
:10CA20002DE9F74F21F00046B6F1795FCDE90023FB
:10CA30008046894604D2E4F777F8002800F0868023
:10CA400042464B4640464946E3F7BEFD4E4B002268
:10CA500004460D46E3F7B8FD3FA3D3E90023824621
:10CA60008B4620462946E3F7AFFD3DA3D3E90023DB
:10CA7000E3F7F4FB22462B46E3F7A6FD3AA3D3E9FE
:10CA80000023E3F7E9FB22462B46E3F79DFD38A39D
:10CA9000D3E90023E3F7E2FB22462B46E3F794FDBC
:10CAA00035A3D3E90023E3F7D7FB22462B46E3F770
:10CAB0008BFD33A3D3E90023E3F7D0FB22462B46BB
:10CAC000E3F782FD22462B46E3F77EFDDDE90023F6
:10CAD00004460D4640464946E3F776FD0B460246BE
:10CAE00029462046E3F7B8FB284B9E4280468946FC
:10CAF0000ED802460B4650465946E3F7ADFB0B46AF
:10CB0000234902460020E3F7A7FB03B0BDE8F08FFE
:10CB1000204B1F499E428CBF1F4DA6F500150024D7
:10CB200022462B460020E3F797FB224606460F4697
:10CB30002B4650465946E3F78FFB42464B46E3F7F8
:10CB40008BFB02460B4630463946DCE71049002095
:10CB5000DBE700BFAFF30080D43888BEE9FAA8BD98
:10CB6000C4B1B4BD9EEE213EAD529C804F7E923E3C
:10CB70009015CB19A001FA3E7751C1166CC1563FF2
:10CB80004C5555555555A53F0000E03F3233D33F36
:10CB90000000F03F0000E93F0000D23F000000002D
:10CBA0002DE9F04F1F4621F00043B3F1795F85B0C6
:10CBB00004460D46164603D2E3F7B6FF002851D0CF
:10CBC00022462B4620462946E3F7FEFC82468B464A
:10CBD00002460B4620462946E3F7F6FC3EA3D3E97E
:10CBE00000238046894650465946E3F7EDFC3CA3B6
:10CBF000D3E90023E3F730FB52465B46E3F7E4FC5E
:10CC000039A3D3E90023E3F729FB52465B46E3F758
:10CC1000DBFC37A3D3E90023E3F71EFB52465B4658
:10CC2000E3F7D2FC34A3D3E90023E3F717FB0E9B11
:10CC3000CDE90001DBB902460B4650465946E3F701
:10CC4000C3FC2FA3D3E90023E3F706FB42464B4680
:10CC5000E3F7BAFC02460B4620462946E3F7FEFA04
:10CC600004460D462046294605B0BDE8F08F264B08
:10CC7000002230463946E3F7A7FCDDE90023CDE981
:10CC8000020140464946E3F79FFC02460B46DDE9B8
:10CC90000201E3F7E1FA52465B46E3F795FC3246C0
:10CCA0003B46E3F7D9FA16A3D3E9002306460F461D
:10CCB00040464946E3F788FC02460B463046394673
:10CCC000E3F7CCFA02460B4620462946E3F7C4FABE
:10CCD000C6E700BFAFF300807CD5CF5A3AD9E53D17
:10CCE000EB9C2B8AE6E55A3E7DFEB157E31DC73E1D
:10CCF000D561C119A0012A3FA6F810111111813F79
:10CD0000495555555555C53F0000E03F000000000E
:10CD10002DE9F04FC44B8DB021F0004898450646F0
:10CD20000F461446049107D8C2E900670023002289
:10CD3000C4E90223002526E0BC4B984576D8049B25
:10CD4000BB4D002BAAA3D3E9002338DDE3F784FA17
:10CD5000A84506460F461AD0A7A3D3E90023E3F758
:10CD60007BFA02460B468046894630463946E3F751
:10CD700073FAA1A3D3E90023E3F76EFAC4E90089AB
:10CD8000C4E90201012528460DB0BDE8F08F9CA33F
:10CD9000D3E90023E3F760FA9BA3D3E90023064617
:10CDA0000F46E3F759FA02460B468046894630465D
:10CDB0003946E3F751FA94A3D3E90023DCE7E3F71C
:10CDC0004DFAA84506460F4618D08BA3D3E9002399
:10CDD000E3F744FA02460B46804689463046394618
:10CDE000E3F73AFA84A3D3E90023E3F737FA4FF0E5
:10CDF000FF35C4E90089C4E90201C4E780A3D3E98F
:10CE00000023E3F72BFA80A3D3E9002306460F465D
:10CE1000E3F724FA02460B468046894630463946F7
:10CE2000E3F71AFA78A3D3E90023DEE7814B9845AC
:10CE300000F2CF8000F062F975A3D3E90023064623
:10CE40000F46E3F7C1FB7C4B0022E3F707FAE3F759
:10CE50006BFE0546E3F74EFB02460B46CDE9022387
:10CE600063A3D3E90023E3F7AFFB02460B4630464A
:10CE70003946E3F7F1F960A3D3E9002382468B46F4
:10CE8000DDE90201E3F7A0FB1F2D06460F460CDC8F
:10CE90006A4B6A1E53F82230434506D032463B4661
:10CEA00050465946E3F7D8F90EE03B463246504625
:10CEB0005946E3F7D1F94FEA28530593C1F30A53D2
:10CEC000C3EB1853102B02DCC4E9000139E04CA37A
:10CED000D3E90023DDE90201E3F776FB06460F46BE
:10CEE00002460B4650465946E3F7B6F902460B4652
:10CEF0008046894650465946E3F7AEF932463B46EE
:10CF0000E3F7AAF940A3D3E9002306460F46DDE97B
:10CF10000201E3F759FB32463B46E3F79DF902462F
:10CF20000B4606460F4640464946E3F795F9059AF3
:10CF3000C1F30A53D31A312B20DCC4E90001C246E5
:10CF4000CB46D4E90089504642464B465946E3F762
:10CF500083F93B463246E3F77FF9049B002BC4E993
:10CF60000201BFF610AF09F10043636001F1004315
:10CF7000C4F80080A060E3606D4204E726A3D3E913
:10CF80000023DDE90201E3F71FFB06460F460246D8
:10CF90000B4640464946E3F75FF902460B46824698
:10CFA0008B4640464946E3F757F932463B46E3F79E
:10CFB00053F91BA3D3E9002306460F46DDE902011E
:10CFC000E3F702FB32463B46E3F746F906460F46D7
:10CFD00064E71B4B984535D902460B46E3F73CF90D
:10CFE000C4E90201C4E90001A4E600BFAFF3008078
:10CFF00000004054FB21F93F3163621A61B4D03D17
:10D000000000601A61B4D03D7370032E8A19A33BEF
:10D0100083C8C96D305FE43F0000002E8A19A33B2E
:10D02000C14920259A837B39FB21E93F7BD9024006
:10D03000FB21F93FFB2139410000E03FA06D0208D0
:10D04000FFFFEF7F4FEA2855A5F21645A8EB0551E3
:10D050000F46E3F769FDE3F74DFA02460B4630460B
:10D060003946CDE90623E3F7F7F8224B0022E3F730
:10D07000ABFA0F460646E3F757FDE3F73BFA0246E5
:10D080000B4630463946CDE90823E3F7E5F8194B5E
:10D090000022E3F799FACDE90A010DF130094FF0CA
:10D0A00003080026002779E9020132463B46C246C2
:10D0B00008F1FF38E3F7F0FC0028F4D10E4B0193A0
:10D0C000022300932A465346214606A800F012F98F
:10D0D000049B002B0546BFF656AED4E9002101F1B2
:10D0E0000043C4E90023D4E9022101F10043C4E96B
:10D0F000022341E700007041206E020821F0004346
:10D10000194670472DE9F84320F00043B3F1FF4F73
:10D11000044604D90146E3F7A5FD044605E04FEABD
:10D12000D07605D1002E40F0C3802046BDE8F883BC
:10D130006049884204DDBDE8F8430020FFF7EBBBFF
:10D14000002807DA5C4A934204D9BDE8F84300207E
:10D15000FFF7DDBB594A934271D9594A934251D8DE
:10D16000584B204653F82610E3F77AFD564B53F8F8
:10D17000267086F001030546A3EB060839462846CB
:10D18000E3F76EFD044621462046E3F773FE4F4960
:10D190000646E3F76FFE4E49E3F762FD3146E3F7DB
:10D1A00069FE4C49E3F75EFD3146E3F763FE4A4909
:10D1B000E3F756FD3146E3F75DFE4849E3F752FDDC
:10D1C0003146E3F757FE01462046E3F749FD0146A5
:10D1D00006462046E3F74EFE8146B8F1000F43D1E4
:10D1E0004FF080413046E3F73BFD01464846E3F708
:10D1F000F5FE2146E3F734FD01464FF07E50E3F79C
:10D200002FFD8AE736492046E3F734FE354B53F8C5
:10D210002610E3F727FDE4F709F88046E3F7D6FD8B
:10D2200031490646E3F726FE01462046E3F718FD9E
:10D230002E4905463046E3F71DFE07469EE7B3F14B
:10D24000505F0CD22A492046E3F70CFD4FF07E5187
:10D25000E3F7CCFF30B14FF07E5120465BE74FF053
:10D26000000890E780468EE731464FF08040E3F7B4
:10D27000F7FC01464846E3F7B1FE01463846E3F7BE
:10D28000EFFC2946E3F7ECFC01464FF07E50E3F754
:10D29000E7FC18F17D0F02DB00EBC85445E708F10D
:10D2A00064084FF0586100EBC850E3F7E3FD34E742
:10D2B00000243AE71772B142B5F1CF421872B13E7D
:10D2C0009115853F306F0208286F02084CBB31333F
:10D2D0000EEADD3555B38A38610B363BABAA2A3EE0
:10D2E0003BAAB83F386F02088071313FD1F717373A
:10D2F000CAF249712DE9F04FADF5197D12F1140F05
:10D3000008930491B94BA299099053F821300293E4
:10D31000089B03F1FF33A8BFD41E0693B2BF0024BD
:10D32000182394FBF3F46FF0170304FB033303EBB0
:10D33000020A069A029B03EB0208A39BA71A03EBBF
:10D34000870920AE002500220023454513DD089AF9
:10D3500020AB03EBC2050DF5E07B0027029B9F424B
:10D3600033DC099B0022A3F108090023CDE9002347
:10D37000A84600261FE0EF420BD459F82500CDE95E
:10D380000023E3F7B7F8DDE90023E6E80201013501
:10D39000DBE710461946F8E778E90223F9E90201CC
:10D3A000E3F712F902460B46DDE90001E2F756FF0A
:10D3B000CDE900010136069B9E42EDDDDDE900234B
:10D3C0000137EBE802230835C8E7029BDDF808B017
:10D3D0000CAA02EB83030B93A39B03EB84030A9336
:10D3E00098AB03EBCB0353E9284570AB03EBCB03BE
:10D3F0000CAE07939946B0465F46002F71DC52464B
:10D400002046294600F094FA00224FF07F5304464C
:10D410000D46E3F7D9F8FFF783FA754B0022E3F7DF
:10D42000D3F802460B4620462946E2F715FF0D4683
:10D430000446E3F779FB0590E3F75CF802460B46F8
:10D4400020462946E2F708FFBAF1000F80468946D8
:10D450006DDD0BF1FF310CAB059C53F82130CAF1A7
:10D46000180043FA00F2144482409B1A0CAA059457
:10D4700042F82130CAF1170213410093009B002BA0
:10D4800064DD059B00220133059314466FF07F4154
:10D49000934500F39D80BAF1000F07DDBAF1010F4B
:10D4A00000F0B280BAF1020F00F0B980009B022BAD
:10D4B0004CD142464B464F490020E2F7CDFE804614
:10D4C0008946002C42D052464A49002000F030FAEA
:10D4D00002460B4640464946E2F7BEFE8046894674
:10D4E00034E0454B002220462946E3F76DF8E3F788
:10D4F0001BFBE2F7FFFF02460B46CDE900233F4B43
:10D500000022E3F761F802460B4620462946E2F77F
:10D51000A3FEE3F709FB79E9022348F8040BDDE9F0
:10D520000001E2F79BFE013F04460D4665E706D188
:10D530000BF1FF330CAA52F82330DB159DE7304B7B
:10D540000022E3F7C7FA00283FD100900022002311
:10D5500040464946E3F7A0FA002800F0AF800BF1FF
:10D56000FF33002202998B4261DA002A76D00BF158
:10D57000FF3B0CABAAF1180A53F82B30002BF6D066
:10D5800052461C49DFF870A0002000F0D1F970ABC2
:10D5900006460F464FEACB0403EBCB085D464FF03F
:10D5A0000009002D80F2C0805D46002DC0F2F080A1
:10D5B000144B069370AB03EBC5084FF000094FF016
:10D5C000000A0027ABEB0506D6E00223009358E7DC
:10D5D00056F8043B44B923B1C3F1807346F8043CC8
:10D5E000012301321C4653E7CB1AF7E7806F02088C
:10D5F000000020400000F03F0000703E000070413D
:10D600000000E03F406F02080BF1FF320CAB53F813
:10D610002230C3F316030CA941F8223046E70BF180
:10D62000FF320CAB53F82230C3F31503F3E70CA918
:10D6300051F82310013B0A4394E7013453F8042DB9
:10D64000002AFAD0089B20AA5B440BF1010802EBE8
:10D65000C3055C44444504DAA346C1E60B9B0124A0
:10D66000ECE70A9B53F82800E2F744FF099BC5E961
:10D670000001083B0093AB464FF00009002600274D
:10D68000069B994507DD079BE3E9026708F101085E
:10D6900007930835DEE70099F1E9022300917BE862
:10D6A0000201E2F791FF02460B4630463946E2F7A7
:10D6B000D5FD09F1010906460F46E1E7CAF100026E
:10D6C0004046494600F034F9974B002204460D4687
:10D6D000E3F700FA00B3954B002220462946E2F713
:10D6E00073FFE3F721FA0646E2F704FF8E4B0022B0
:10D6F000E2F76AFF0B46024629462046E2F7ACFDF8
:10D70000E3F712FA0CAB0AF1180A43F82B000BF1FD
:10D71000010B43F82B6033E720462946E3F704FA70
:10D720000CAB43F82B002BE70CAB53F82500E2F7CA
:10D73000E1FE32463B46E2F747FF4A4668E802010F
:10D74000534630463946E2F73FFF013D06460F4655
:10D7500027E7DDF818C0FCE80201F8E80223CDF85D
:10D7600018C0E2F731FF02460B4648465146E2F741
:10D7700075FD013781468A46029B9F4201DCB74214
:10D78000E7DD48AB03EBC606C6E9009A013D0CE7AE
:10D79000A29B022B09DC002B2CDC4ED0059B03F056
:10D7A00007000DF5197DBDE8F08FA29B032BF5D185
:10D7B00048AB1C442546DA46BAF1000F63DC254627
:10D7C000DA46BAF1010F7BDC00200021BBF1010F2A
:10D7D00000F39380009BDDE94856DDE94A78002B91
:10D7E00040F09280049BC3E90056C3E90278C3E984
:10D7F0000401D3E748AB1C445D4600200021002D06
:10D8000032DA009B002B35D0024601F10043049C24
:10D81000C4E9002302460B46DDE94801E2F71CFD9E
:10D8200048AC0125AB4528DA009B13B101F1004358
:10D830001946049BC3E90201B0E748AB1C44002031
:10D840000021BBF1000F08DA009B13B101F1004386
:10D850001946049BC3E90001A0E774E80223E2F73C
:10D86000FDFC0BF1FF3BECE774E80223E2F7F6FC6A
:10D87000013DC4E702460B46C9E7F4E90223E2F79B
:10D88000EDFC0135CEE755E90289D5E90023404694
:10D890004946CDE90223E2F7E1FC02460B46064683
:10D8A0000F4640464946E2F7D7FCDDE90223E2F79E
:10D8B000D5FC65E802010AF1FF3AC5E900677BE79C
:10D8C00055E90289D5E9002340464946CDE90223BE
:10D8D000E2F7C4FC02460B4606460F464046494660
:10D8E000E2F7BAFCDDE90223E2F7B8FC65E80201E1
:10D8F0000AF1FF3AC5E9006763E774E80223E2F73B
:10D90000ADFC0BF1FF3B61E7049B049A1D6006F13F
:10D9100000445C609F6008F10043D36001F1004364
:10D92000106153613AE700BF000070410000703E93
:10D930002DE9F0481646C1F30A5283468C460B4641
:10D9400082B921F00043034335D02D4B0022E2F78A
:10D950003BFE2C4B9E4283468C460DDA24A3D3E932
:10D96000002319E040F2FF77BA4209D10246E2F7FC
:10D9700075FC83468C461EE0C1F30A520B46363ACC
:10D980004CF250318E420ADD1BA3D3E900236546D9
:10D9900063F31E051C482946E2F716FEE9E7324408
:10D9A00040F2FE718A42EFDC002A08DD6FF31E535D
:10D9B00043EA0255AC4658466146BDE8F08812F18C
:10D9C000350F09DA0CF0004343F0D27141F4B7315E
:10D9D0000E4841F01F01C1E736326FF31E5343EA90
:10D9E000025558460A4B29460022D5E7AFF300807E
:10D9F00059F3F8C21F6EA5019C7500883CE4377E80
:10DA000000005043B03CFFFF9C75008859F3F8C2FA
:10DA10000000903CF8B500BFF8BC08BC9E467047BB
:0CDA2000F8B500BFF8BC08BC9E4670477B
:10DA30002054696D657374616D70202020203A2038
:10DA40005379735469636B202B2044575420286406
:10DA5000656C61792831293D25642E253033642099
:10DA60006D73290D0A0000002D2D2D2D20496E66A5
:10DA70006572656E6365206E756D62657220256CDA
:10DA800075202D2D2D2D0D0A000000006E65747778
:10DA90006F726B00526573756C747320666F7220C1
:10DAA0006E6574776F726B20222573220D0A527592
:10DAB0006E6E696E672E2E2E0D0A0000496E666529
:10DAC00072656E6365206661696C65642077697450
:10DAD00068206572726F7220636F64652025730D14
:10DAE0000A000000206475726174696F6E204457EB
:10DAF00054202020203A2025642E25303364206DC8
:10DB0000730D0A00206475726174696F6E20537919
:10DB1000735469636B3A20256C75206D730D0A0090
:10DB200020435055206379636C65732020202020AA
:10DB3000203A20256C750D0A000000002043505546
:10DB4000206379636C65732028617667293A202504
:10DB50006C750D0A00000000456E746572207374C8
:10DB6000617274696E672074696D657374616D703C
:10DB7000202864642D6D6D2D797979792048483A93
:10DB80004D4D293A0D0A00005374617274696E6735
:10DB90002074696D657374616D7020736574207491
:10DBA0006F3A2025730D0A0025642D25642D256408
:10DBB0005F25643A2564000025642D25642D2564C5
:10DBC0002025643A25640000496E76616C69642002
:10DBD000666F726D61742C2064656661756C746922
:10DBE0006E6720746F2030312D30312D3230323657
:10DBF0002030303A30300D0A000000005761726D5D
:10DC00007570205B25642F385D202D20456E74656E
:10DC10007220726177207761746572206C65766519
:10DC20006C20616E64206572726F7220636F646530
:10DC30003A0D0A00456E7465722072617720776133
:10DC4000746572206C6576656C20616E6420657207
:10DC5000726F7220636F64653A0D0A00496E7661D7
:10DC60006C696420696E70757420666F726D617482
:10DC70002E20457870656374656420666C6F6174EE
:10DC80002E0D0A00496E76616C696420696E7075AC
:10DC90007420666F726D61742E20457870656374B0
:10DCA000656420696E7465676572206572726F7253
:10DCB00020636F64652E0D0A00000000496E7661D6
:10DCC0006C696420696E70757420666F726D617422
:10DCD0002E20556E65787065637465642063686195
:10DCE0007261637465727320666F756E643A202585
:10DCF000730D0A00526F772025643A20574C5F520B
:10DD000061773A20252E33662C20507265645F5768
:10DD10004C3A20252E33662C20416E6F6D616C7954
:10DD20003A202564202850726F623A20252E3366EF
:10DD3000290D0A000038014000C201000000000067
:10DD400000000000000000000C00000000000000C7
:10DD500000000000000000000000000000000000C3
:10DD600003000000120024003000000006000C0038
:10DD70001000000000000000010000000200000090
:10DD800044590208485902084C590208385B0208F5
:10DD9000405B0208445B0208A027BE33000000007D
:10DDA00050010000E034C1330000000050010000C9
:10DDB0002042C433000000005001000064CE8F33C5
:10DDC000000000005000000084FE943300000000BA
:10DDD00050000000E8E19D3300000000500000000A
:10DDE000C194C10000000000B22700000000000044
:10DDF000776A02087A6A02087D6A02080000000059
:10DE00000001C0B1000000004BB66A286073D08EDC
:10DE100000000058000000000000000000000000AA
:10DE20000000000080DE010800000000000000008B
:10DE30000400000028000020040000008C000020E6
:10DE4000400884000100000050DE010850DE010897
:10DE500017000000400884000100000064DE010893
:10DE600064DE01080200000040040400010000001C
:10DE700078DE010878DE01080200000000000000E2
:10DE8000E0AD7A3E4F9E773D07CAE4BD2BB1C7BDDA
:10DE9000240C443E6B4BF2BD4EB6B9BE2BF9A0BE6E
:10DEA00068026BBE4F8291BEB74BAABE4A759DBD3C
:10DEB000FB6F24BFD493DE3ED30B15BDB23E4EBEE6
:10DEC000CC22303D55F9A13E07776B3D0F40053E12
:10DED000CDF34BBE7F4A3D3EB65CB13EA3609A3E59
:10DEE0002BBC25BF607C993DA895C83DF69C81BEA2
:10DEF0007C00B03D026017BE2C56563E04051A3E0B
:10DF0000C5146C3E0D64EB3CF042D03C665A0C3DAF
:10DF1000BBD7943DD497413D3A34EDBD607526BDE5
:10DF200037BE40BECB250EBE9B48F1BC30135CBE55
:10DF3000D278FB3C23B6C8BD54D590BEDC32C33E7C
:10DF4000A3C3613D32261BBE84FCB73DCC4DAEBDA4
:10DF5000470A6B3E0F707A3C34B9663BE16A86BE75
:10DF6000D54B9E3DD1B22C3E268F93BEE0684EBE6F
:10DF7000C5581DBCC15FCFBB3D24953DBF1E80BDB4
:10DF8000D4B0D3BD483F9D3E2E15743E92D9493E34
:10DF90005C2D92BE4C4810BF4976E53E1B3FFFBD4D
:10DFA000E9C74B3E667949BAA33543BE042B87BD0A
:10DFB000BC5DD83D03D8E0BD3E9E513E3BFCD73B07
:10DFC000BB7925BD65537DBEB34F883D594532BDF4
:10DFD0003673693ED1A5A3B80BC36C3E52FEA7BDF4
:10DFE000F21B233EF6BF7DBA34CAA63E27B9ADBEAA
:10DFF000A5BE2C3DAF128FBF30A0603E7EFE23BE7B
:10E00000AEF727BE225222BE81E647BE95B394BD2D
:10E0100033C8E3BD2A5B12BD7049243E800B06BCA9
:10E020004A05B13E6225BA3B9210863E0E8293BDF0
:10E030002F49FABD210DA3BCF8F2E13E6566103D03
:10E040004531833D5D34B7BC0D3D2ABE4D3F4B3D50
:10E050006654D93E811E8A3B2DAF50BEF73D69BD47
:10E060004272173E13C8B3BD953EE03D0520DF3D2B
:10E070002188763E955A08BE4B1D583EEC99AA3E23
:10E08000B6B2163E89DB4EBE5A87D6BD17B8453E9E
:10E090004BAEE4BD850515BE10CD503CEF34E1BD5F
:10E0A0001B3237BEBD6BA8BE055BC93C6D9926BF50
:10E0B0004AAA8DBC71FC14BE1E0FB63D2B363E3EE7
:10E0C00072338E3EC6298A3DAE7014BED86EDCBD5A
:10E0D000F3532DBE1B6E1D3D3A1C873EE06FC6BD3F
:10E0E000A73C23BE17FAD9BD40FF873E54397E3E78
:10E0F000F9EA6DBD1F9BB93E2CCF8ABD3A3B933DDB
:10E100007E52673EDF924EBE0DF1743EA94A2F3E0D
:10E110001A45F33CA4533EBE4D8E6DBE6DFDCE3B05
:10E120004DEE0A3E7BD2E63CD9000F3E945A9BBE90
:10E130008777233E9A4E923DEFA247BE8B7C9B3D54
:10E140009C4B873E59E960BCC46651BDA93D38BEB1
:10E15000D49D343E37101F3CA556A4BE67F6D7BEEB
:10E16000E72379BE913DD23E2510443EE5801DBE99
:10E170003E323BBE2F30F7BD75D6A93DD214E93DE6
:10E1800092080CBD9D147A3DE4A18CBEB0A8793EE6
:10E190001BBA363EA5768A3E29F297BDFBAE82BDFC
:10E1A000F746B1BDE4E2483D01E770BEF97834BE00
:10E1B000170F473E5D79173D6D3C19BE744490BE04
:10E1C000D87D813ECD4529BEAC03413EC82E36BE2A
:10E1D000CD7D22BD0E7D183E426ECFBD4F00013E6B
:10E1E0001E1A123DAA1C8CBEB76B463E21F5B7BE67
:10E1F00047BE6B3E64A4F3BD27DC2ABE0765253EFF
:10E2000023346C3E5F0E8FBE52944C3E35C60FBD1C
:10E21000328C07BE8D18343E4B0E69BEE1739EBF33
:10E22000216A443E5C96823E4A741A3E3010EEBD2E
:10E230002B33F53BE93059BE5480AFBDBDCD053E13
:10E240005698573D4D3408BD3285E2BC9B97933DAF
:10E250001E01B5BD6F121B3E0B7896BDC6CBCFBD60
:10E26000058B753C0C3A803D893642BE85C7823E9F
:10E27000003A9F3B1771A7BE089F29C067D01D3E7B
:10E28000CA9A623E1CAADDBDEBAB12BDDCD46D3E6A
:10E29000FD377CBC00BF87BEE8479CBCF64E0E3EF7
:10E2A000910AF43D42CBA2BC54F77B3D12D1383DDC
:10E2B000CFFF293E51E08ABD7D40253A6C9585BD52
:10E2C000515FC43D6751983E070E163E270B1ABE9C
:10E2D0000507A83E28740ABF54E1893D442FF5BDC7
:10E2E000910908BE693F813E9F74C53DE87E543D5B
:10E2F0003B07183ED6C7BFBC4E0EB7BD17A6B8BD6C
:10E3000070DFD53D770211BEA66C7DBDBAB52CBEBF
:10E310002D62D83DE23BAC3D3E96413EEAD71CBE65
:10E3200051C690BC86748F3E4C0EA73DDE659DBEE7
:10E330009273173F339481BE73390ABE7AD975BE82
:10E3400002F0463EC41B42BEEAF46EBC2D41593E6B
:10E35000187707BEEB5C5A3E15763BBED1350D3EB5
:10E36000C86B033D7E577F3D014DF73DEE21513E89
:10E3700043EE4F3E33D152BEEEB23E3EC895983E7C
:10E38000EF2D563D9985FCBEAB58D9BED4E60E3F65
:10E39000B99231BE1C26633ED866A63E0B2F723E54
:10E3A000929219BE407C3ABDF76211BEABA76B3E9C
:10E3B0005D1BDA3D2ECDA6BDAD94743E2E2B793E6D
:10E3C0006DB909BE161CDD3CD5C0053E8320B1BB2E
:10E3D000C7FB56BE340FA63B256B523D41B8F6BC79
:10E3E0001A374FBE0C1266BEFD4E4C3E9DF3A53D46
:10E3F000FACCCA3DEAE51F3E3BFCCCBD4FDDB53D46
:10E40000FC5F2ABDE5E9F73B8D4761BEC0F540BE24
:10E410000A571FBD241D75BEA8CC8ABE0419EEBDC7
:10E420004C8E1FBE08FC813E72BC393E1B5E6E3EA8
:10E43000E32BB53DCFAB43BE26677ABC5CAD89BE4E
:10E44000385ACB3CEF88C93E6DED21BE9BF5CDBD62
:10E4500034628A3E7815ED3D5FB3393EC7C523BDB2
:10E46000346A58BCB3AE1CBEA18DF7BDEEB1B6BECA
:10E470004ECB913E2C9C7CBDB1CD0C3EAB67B23EE9
:10E48000462EBCBDF180F3BD6183E2BCCF1E17BE3A
:10E490008D86513E3D124BBED230113D8E6A24BE58
:10E4A000B1E00F3F1042B5BCB25A843DC92D9ABCB1
:10E4B000FECF8C3EE4A2CA3D7E9BAB3D7FE321BDF7
:10E4C0004A05743E89AB46BE742F013D0A88113E51
:10E4D000FDD1CABC42DBA0BDF7264A3EB6C8EC3D22
:10E4E0000655F5BD053A123E809884BED63D62BD04
:10E4F000F878403E7B13BD3D166F07BD0870353D73
:10E50000EC222E3EEFB93CBED68CDFBD0B26C63DBD
:10E510002B06E23C1F3172BE830390BE1502503EB3
:10E5200057CEB23EBD645DBE8D4FA0BC829C393CCF
:10E53000031C38BD7F232CBEF6B398BDB0F1093E55
:10E54000B4B5223E05D5C63EF28E3EBE663F0A3EBB
:10E55000BA4772BE1133B3BDF1292BBF5FF8E73C58
:10E56000CDD7DF3D847CC3BD0A3F623E6B50683D22
:10E57000339ED73D9F84F6BC0182223E97673ABE08
:10E58000EA78043E7124C33C849B863BD1078ABE53
:10E5900020740ABE35C8153CB8AA91BC344A8C3DDB
:10E5A0002EF5793EB01DFCBD12DF8E3C9F7ECA3D2C
:10E5B000310DA13D83D323BE925F8B3EDD82C43DEE
:10E5C000DFE362BD5BB4413EE9EDB5BDA4C8F5BD76
:10E5D000F37FECBD42FF10BE94089D3E0D817DBED1
:10E5E00078E1953E32FA1FBE8BA4B03E47899D3D2F
:10E5F0009B52E8BCAB4CC9BC45167BBE01099E3E94
:10E600004FDF39BE01C4CA3BAB59C6BD908E92BE26
:10E610006FDA983E7915163EB08D233EBD3F903E91
:10E62000E0A771BE11D6D1BD76B153BE2098213E70
:10E63000C3A1C03D352FBEBDFD2221BE389D0A3E7F
:10E640002B58E5BD6D27383E5F96A0BD18EE5DBE28
:10E65000C9459EBDC91CCE3B0046CEBDEBDB0D3E81
:10E66000B5067CBE23BE0BBE96649DBEEBE2A73E04
:10E67000ADB5E33DE3A84A3E216D0CBE006312BE7A
:10E68000DB1EC6BDACEDDD3C73FB333EC1CFDD3CD4
:10E69000DEEAFE3C67FE473EB03A2A3D79226A3EFA
:10E6A000201B813E15727EBE70AB8A3D16FD49BEB1
:10E6B00033D264BE77B4CABAABDF813DAB7482BEDD
:10E6C0003185493E28D34FBD9784403FF5E923BEAD
:10E6D000219313BEA4930EBE2A0792BDE3E295BE1A
:10E6E000926B0F3D37DF96BEBB514C3E7EEF883CB0
:10E6F000CE29B33EA4CDE23D0CBDCBBCD5E6D4BE05
:10E7000084133F3D04C77A3E587DAFBEFF62CFBD44
:10E710002BC25FBDEEDE15BEB65E8EBE7F6CB33E15
:10E72000EF82343B9744D63DCF6A56BE491EE8BDC2
:10E730009D16733E508605BEAEF6BF3D368E763CC6
:10E740004855153D0CB6F03D0A425DBEC486423EBA
:10E75000FB76BBBEF564973CD8E5933E8AA1FDBD30
:10E7600041D4233D44D43F3D3CFE49BE2F7F873EEC
:10E770007F7C03BD77071DBE87ECC2BE3EDF89BD2F
:10E780008C7117BF3DF622BD0EBEF4BD018D243E37
:10E7900094283EBDCF6640BDA9403EBE30887F3E36
:10E7A000CB99DCBDE9EADEBE719F9A3E619D943D46
:10E7B00094D2513C0E0D19BE50DF7DBC6ABC0ABC20
:10E7C000A3E1BFBDD30A983EA41E6BBEB17B13BDAF
:10E7D000A9D7D03E9B2176BD6492FFBE1910A1BE81
:10E7E000573A0B3E43F8223ED5FB82BE2019463CE9
:10E7F0005BC36C3E9C8953BEC22BE43DD001623E9C
:10E8000070E0253E78FD0C3EEC32D53C7B3D663E0B
:10E8100072AD03BE8424D3B83E02CABDCC2F4BBD1B
:10E82000E784883E9A7984BC61775CBE1494423E4A
:10E83000EC2526BE0FB59B3D921313BFE0E110BE41
:10E840004AE8173E4B25853CA9E412BE51A9903EEB
:10E85000D0DFD0BD349BB83B3293BC3D22FC7EBEA2
:10E860006737F03DFB7670BDE7658DBD366714BE3A
:10E87000EBCBB4BDBB1E28BECBA8E4BD022E61BE4F
:10E88000F57E5D3EE2D4643EFFC90BBE92EB863E50
:10E890002B5C503E2CF394BD588E07BD6D44A33DB8
:10E8A0000BA577BE9F7398BDA92E533E5760043EBB
:10E8B000EFCE4ABECD8C3D3ED213B1BDE5D453BEA2
:10E8C000E8058A3EEEC8D63DA5CCB33D7CFFE73DCA
:10E8D000C195C33DE8BD9D3D57CFBF3D1DF6D03D21
:10E8E000359A493EDF6E753D824A283E93859F3EAC
:10E8F000953AFABEF9C59C3E37FED3BB61E828BE07
:10E90000011131BE2B2B423E5A1A633E9DAF1D3E74
:10E91000A50412BE1B4DAE3E63D4BB3C9BA2883EF9
:10E92000CEA2A1BD265B9A3ED6ED573E8BE757BEE1
:10E930003C7F033EB35287BD3A0B51BD735491BD2A
:10E94000DDFD94B8A0DCAF3D77C7A1BDA34E043F69
:10E9500086C98FBDE26603BE5C9EDE3D2076833EA7
:10E96000B0C7F63D6C673D3E40FE2B3E310788BE8A
:10E970001BDE333ED38536BE5679943DB4A4073EA4
:10E98000205827BE91FC803DEF01AA3D0825473E57
:10E9900029CE263E50D2933DF08827BE6E7D863D1F
:10E9A000E7E51F3D83E67C3E1E192C3FA94D17BDB0
:10E9B000CFF698BD2D44F93CF3F8103E2D49293D82
:10E9C000CB74A43D009DA2BD4E31CE3DA6D769BEFD
:10E9D0005E73143E0240A43D2994653E429A66BE91
:10E9E000E67DD63DEC9031BDB7E087BDB19DD93D08
:10E9F000A179B33CE412183E57D801BE80C40D3E45
:10EA00004E0D63BE6091B4BE77ECE33DDC79903D82
:10EA10009F3C353EDF6F1D3E9489B3BD2E3F03BD45
:10EA20004E2482BA4DE7053E63C4903EF47153BE56
:10EA300055C80ABE053FC73E390EAABE5AAEBC3EF7
:10EA400081A3D9BDCA6293BEDF7D103ED14CB9BC53
:10EA5000833A853D2253073ED37235BEC8BA55BEB0
:10EA600083CBEB3EE28F6FBE0D4EED3AF312DCBD71
:10EA7000966DAEBDEA5F51BDA78DD63CEA24963DAA
:10EA8000513A51BE3C224A3D5D8DEEBEA3079A3EEF
:10EA9000815ACDBCBF929EBEDF5C003E7BB7003E7C
:10EAA0009E90A23E972334BE7A9CC33D71CD17BB86
:10EAB000C1DA5D3EF7A6AB3E60ED75BDFEE76F3E89
:10EAC000CAE0AF3CB38C313E4C30753E75C9153E43
:10EAD0001780C0BD4685BE3DABCE57BEF92BBE3CB0
:10EAE0005ED9A6BD9EDE8BBDB72EEABDFFA9883CD0
:10EAF0001C4C33BE23EA7ABD8B25C53DCBA29BBD02
:10EB00006EA5953C19F5353DB11F1D3E8D34B2BD46
:10EB10009FB92BBC5B84AF3D5E2914BF21AFD8BC2D
:10EB2000C502A6BD03CDFEBD16306EBEC72D893E03
:10EB3000DC9A3E3E1608FA3CCF84983E33FF4F3EA7
:10EB40008BB4A7BDED3A09BD353D003EA200D13BD7
:10EB50004B9D6F3D08583A3E961B3F3D221226BE04
:10EB60004E6B263E7EB3443EB16F633E9CBF913EEA
:10EB7000D99D3B3E844635BFDC23C03E032C30BECE
:10EB800084C4DD3D1E48933D79419A3E3C0EBE3C17
:10EB90003439D8BD6003F3BD15D416BEA1EFAEBDA8
:10EBA00068EC63BE3F22843D3D7CE3BD8589973D93
:10EBB000DD5FFEBD52240D3E6DC7133DA37A003EBE
:10EBC0009ED823BE0FE7AD3D28A7783E21AD133E6A
:10EBD000C834233F4A94D1BD4EE9833E0DA825BEDB
:10EBE0008F95F4BD814D943D81A4D23D490A473CA7
:10EBF00013DF183EE3F2903D3A1C3D3E0CF8AABBF1
:10EC00000EF000BDF102343E110619BEE737ED3DAE
:10EC1000EAD11DBDBC01AD3B31259FBDB71C663E91
:10EC200030D9AABDDF6C0A3DD85A1A3D9ADF3B3F66
:10EC300028ED6EBD7B379ABD486172BD9832593E52
:10EC4000F54D523D1494E7BC0094F9BDE17A053EC0
:10EC5000E20ACC3D7B40B03C43E2883EDDDBD83D60
:10EC6000B93886BE32CD1E3E2AEFCE3DE35DD6BC1E
:10EC70001A8021BE41EC713D20A1813DE6EE6A3E45
:10EC80008247953E1A929CBE0273203F550E25BEC8
:10EC90005733B33C86AA09BD0B781DBDC7F7103E9C
:10ECA00082C716BE29EA79BD8C9AE93D2902333E16
:10ECB000D33BE93D7D9CE53D9D79153E52D31C3EFD
:10ECC000A99C903E3E6DA6BE0808853D7E008C3E08
:10ECD000AB20D8BC1E80FA3BA044B9BD21E489BD5D
:10ECE000E50EA9BDCC64D93EFE277CBE79AEBB3D06
:10ECF000622B44BEEB9B59BEA76E093D40381A3EBD
:10ED00000765513E6FAA693EE38EB7BD93B8E7BD74
:10ED100044B2E9BDACA68B3E46847FBCD77C903E16
:10ED20007C9435BE1B129BBC9C0950BE69B4EBBDE4
:10ED30002710193E6E6369BD207809BF3759803DA1
:10ED40000C2447BFD4C92BBEF9B1253DDF9FCC3D74
:10ED5000DA62BDBC25F98FBD9BD940BDA6C336BEC6
:10ED60003C2C25BEACDE80BE0A533FBE6C78853E8F
:10ED7000E49DA2BD5148F03D166F223E4F5C90BE0F
:10ED800012F61D3E1C059B3D794017BE2C612F3E9F
:10ED9000BE32843D1854463EA72AAA3E836F25BF43
:10EDA0007AE72E3EFEDB8E3EDB3498BAA07B323E05
:10EDB00034F1FE3D920612BE0E6164BD91951DBEFA
:10EDC00058F75D3E40913E3D09B2ABBDEDE9C53D12
:10EDD00053AC2B3E65F50CBC589209BD4B5F023E0F
:10EDE000CC0396BD351EDBBDD0A163BD0FA1A43DF4
:10EDF000913BA53D2E757EBEA5D21B3FEDB7E33DF1
:10EE00004C516A3EE533BC3C6ABE583EEC95A23C90
:10EE10009B567ABD51352ABE99FB22BE1893473EB8
:10EE2000E1A5CB3E499DA2BEDC78253DB657213DEC
:10EE30002595303E867828BA7E32F23D259341BE34
:10EE4000CAA107BD67B9033C004EF2B910F6913E66
:10EE5000B3668EBD456310BE72CDDD3B39C8B8BD0B
:10EE6000D3CC803EF258C6BD707310BEC60F443D71
:10EE7000F7A724BECD2F57BE88DF9D3E06C1D9BD62
:10EE80000033E5BDEB3BA23E747A8BBE3FAA58BE71
:10EE900049AE953DB6AB883E75667D3E1F739A3E82
:10EEA000EDBFAB3D7693C7BD45468CBE8C98B4BED6
:10EEB000EC203B3F745E56BEED0C3ABE8019AE3E70
:10EEC000894AB23D567B9A3E77D4E63C81D681BCD6
:10EED0008B0740BE5B5101BE838C7B3DB65A883D9B
:10EEE0004C6622BE02A0AF3DE10A8C3D53556CBE7C
:10EEF00045B571BECF958CBC23FAAB3D9AE6AE3BCF
:10EF0000037BAFBC5384C43D75B409BE5DB62DBE52
:10EF10007DF048BD47430FBECFA82E3E5DAF2DBD4F
:10EF20005F9F7A3D4F2D44BE9D28853E0C2B393E78
:10EF30000D2E7B3E406211BEBF94263EB981E6BDD8
:10EF4000E1681E3E2F17FDBB1F57D93D4A7394BE83
:10EF5000E252733E904DD03C9F1C40BD4F505C3EF2
:10EF6000C50655BE3420013D8604913EB11798BDBB
:10EF7000AA6D9D3D3C19E83DE7DB463EDDC70F3DF0
:10EF8000AA1F7B3D3C67C93DEBAD863DABFFFDBC99
:10EF90005A736D3E9C88973DE47676BCD71E2D3E15
:10EFA000287D5E3D0A50CABDDC3013BE75E44ABE02
:10EFB000A8A755BE4D692DBE66D26CBEE3E671BBF7
:10EFC0007862E33D31BCFE3E5DAF91BD20BDA6BD84
:10EFD0001ACB94BD899A8FBD0AC592BDB4B047BC07
:10EFE0001036193E7AAAEABCE2D56D3EC3CF1CBEEC
:10EFF0009A4D34BEF06E4EBE15822A3E58CCD53C9A
:10F0000083FE18BE4719A8BEA02B1C3F91C6D73E51
:10F010005C910E3A65091B3E3CC5963C4ACE4C3E7F
:10F0200032953A3E1D721C3E9EC53F3DF0FA56BEDB
:10F03000DFE1413E93E71EBD5A8D103EABF1CDBDE1
:10F0400083A875BE22CB2E3D8872CA3EC2B911BEBE
:10F05000DE57763D855931BE0632C13D782EE03D02
:10F060007387B5BE095826BEE9DA763EDCA030BE0D
:10F0700042DD32BE933D143ED041A03EF51EE23E3D
:10F08000E92B8ABDC550943DA8A09F3E414B1E3E32
:10F0900069C112BE935442BEC34E5BBDE3742DBD25
:10F0A00061F7D33DF89161BE49FBA73D8518953DB9
:10F0B000FB5D40BE3456613EF35A6D3D213590BE36
:10F0C000A83D36BD3CE25ABB3679C1BDD9FB173DE0
:10F0D0003EB4C9BEF43194BD0839AF3E4391433EBE
:10F0E00078A9443E9158163E9E889D3D5CA793BEEC
:10F0F000E1CBB53DCDE1903D33E391BEBEDA7BBEC1
:10F10000D8E1733E27DE0D3E92A521BD6DD6AABD86
:10F11000989A583EED3573BD27352BBD3CA80E3E61
:10F1200048B3B93CDBEEA03BC9D2D83CD575EFBDA6
:10F1300096EA2E3D5A003A3FA8B8E53D258C24BEFC
:10F14000C39694BD38E6903E22729E3ED04324BEC4
:10F15000B917483C3BC1D3BD3FB3923B2F0749BED3
:10F16000B47C45BE2B7B17BC8499A6BDFC89A6BD8B
:10F170003A52483EEE01383EA57B93BD44D0143E42
:10F18000183B763E06463C3E00A0E23D695EEABD85
:10F190004EC817BF769D833EDE7505BE09B8C5BD56
:10F1A000398DC53D8CE1823DD2B8F7BC31A5333EE7
:10F1B000293CDF3C7A4755BED3DA863D86CD723D89
:10F1C000475EECBD99A427BEDD1A46BEC3FD413D96
:10F1D0004CB6423E7DF1313E25BF813D1F3820BEF9
:10F1E000F665533E8F86953D0B28B0BEF1CE313E7D
:10F1F0000B82C83D72B01E3E8EC5013D196055BCE4
:10F20000FCB7833A7C6F76BEFA5372BE48FE513E1D
:10F210003F7515BE3170613ECEEC893DEBB3F63DD6
:10F22000A905773E9C2A81BE1671E1BD27E42C3EDC
:10F230006EB579BD440236BD2FCB3EBE04A23CBEA6
:10F24000AB39ADBD10A9C43E5DAFB23DC6D3633E80
:10F250006D4264BEE28C613E726A7E3EF040F5BD56
:10F260003043913EF16F153EA1B3FBBC9FAD8FBD06
:10F270008A23D73C80CB1BBEEEA9B6BDED0D7D3EEB
:10F2800016D74A3D21B64A3ECB740F3ED8E8163E0B
:10F290003063A0BD3F58763D725EAF3EF953433EAA
:10F2A000400AA7BE4A9C6BBFC94A4E3EE6A34F3DEB
:10F2B0001449793ECBC28BBEA6CD2CBE82E54A3E18
:10F2C0001AE0193E9B3A09BEF3A8E83D9E2C93BE76
:10F2D0009E19FBBA52DE343E3FE90CBD94B8903E15
:10F2E0003397A23D6B5B62BEB15F2BBE13BA163E75
:10F2F000C0C68ABA550DF33D04BBDFBD958C8A3E6E
:10F30000319EECBD77CB293ED1188EBE97696CBE7D
:10F31000A6E487BE4411C23DD3AF9ABDDB26FC3DB7
:10F32000C17F473EE7AE93BE39ECAABC17EB93BE54
:10F3300050FEAC3C056B933E207CE0BDA367303EA5
:10F340009315C4BC8CDDE7BD8180C5BE97499C3D4B
:10F3500002B3813D2B15613EC99EE73CDB3E26BFD3
:10F360009541413E058F51BE3DF60FB9548AB0BD5F
:10F370005967913EE741653E5C0520BEB038343E9A
:10F3800058BA4B3D95C355BC8E44CCBD039238BD95
:10F39000E514513DCE064D3E050461BDB82D54BC6B
:10F3A000E712133E3BCA2DBD39B7733ED9E925BEDE
:10F3B000BCB40E3EE584AC3EC3B013BF5C46A73D73
:10F3C000E69B363EA871F93DACA6CBBD3F3108BDEA
:10F3D000087C2CBE1303E33D2A61943E644EF13C4D
:10F3E0002CF784BD5C6703BC08AA023D8C03183E61
:10F3F000A075FF3DFCD6DF3D37564B3D3793D43DDE
:10F4000056A6043D527B85BBA509DCBDF635C8BBBD
:10F4100002377ABE76423F3FCC8750BE5A6541BE26
:10F42000BEA1CDBD3917B2BDC1A8943E17D7953D39
:10F4300050966D3E3AA20D3E60F9AD3D086980BE22
:10F4400017A41B3D7F1F3C3E1429153ED3105D3E83
:10F4500095B910BB459C12BE5489823DA62380BC41
:10F460002DE7FFBDB8DCF73D024D853EEBF5763E5E
:10F4700006B126BE238CFE3D69FAF6BDC81956BEFC
:10F480005F8ECB3C11AE1E3C271141BE891C76BD60
:10F4900036F786BDE756BC3E5907233E4E943E3EA6
:10F4A000FC8CC93B94C48C3C7C6434BE3FED9BBE59
:10F4B0003DD1943EA90B68BC8BC8173EE58232BE95
:10F4C0004BB1BC3DAEAFF43D3B232EBF10D0283F27
:10F4D000CA9FF13D397F0EBE06C58EBBBAEC3ABE5F
:10F4E00031C9D63A6082563EA5EF57BEAE25893E59
:10F4F000CDD6293EF03154BDB90EF0BC2F128F3D50
:10F500006B0861BDE40011BD908D313C263493BD84
:10F510000AD035BD64854A3BFC3A713EBC46193C75
:10F520007352793DE363A2BDBEE60BBFB893EDBD58
:10F530007B56193ECB790A3E381959BD2905B33D92
:10F5400053F1BF3D2861C03A41F6CDBD29A20F3E1F
:10F55000AFB871BE062709BE53DF4E3E103D553E83
:10F56000132B293CD49F1E3D89AC703D63E147BEFF
:10F570000EA0D6BD985A283DDD2E4B3D3561BC3DD1
:10F58000F8ED10BC914B713C8A89883D3BF8053EF3
:10F59000AE00A63D8BB2BE3D8346AF3D7ACC183D52
:10F5A00001B4253D3766DC3C2982903D6D48AA3E7A
:10F5B000C2F35CBC3F2B9E3D5A37773DC88C883DDB
:10F5C0001128D83D7DDFD63CB263FCBC75AAA43CB3
:10F5D00026E399BD3E55943D397C96BDDB7DA73C25
:10F5E00066B2B7BA5F33D43D6C3E013E260F8E3D06
:10F5F000104CA7BC98A6193D2DD7793B55B2AF3A10
:10F600009CD3BE3D92FC533DB576803D4F73763D15
:10F61000B82BBF3D4DBB203D9056DE3D5CE5043E22
:10F6200029B8CE3DEA809F3D72AD943D6B0DEF3D14
:10F630005144A73C868CE43DBB82143B4EF32A3CEC
:10F640009D557E3C60308B3A162E6F3D2BE10BBDF5
:10F65000F436BE3DE78F70BC77ECB9BCC22C273CBA
:10F6600093D99D3DB56F0CBCB212AD3D50FB5D3DD5
:10F67000536C0C3E1364333E289D383D867E563DC8
:10F68000C214EBBEF1F1133E5A15F13DA2149B3E9C
:10F69000E90793BD4FA85F3DC2CEA23D0C51353E58
:10F6A00050F7F03D24005B3EE2BFC1BE792C3ABE6C
:10F6B000DFB936BE69C1A93EF308963E6A05983E99
:10F6C00047A5D5BC735A553E482B803D8C74D23D1E
:10F6D0002C3444BE63D5743E9E2FD83D2692883E7E
:10F6E0007878913EA2142FBE8C8B45BD55F5CD3D4B
:10F6F00088D050BE30BDB7BE8A291EBE746367BDB8
:10F70000D0D26F3E2388E03EE61B5BBE884184BDBD
:10F71000BD34D6BD2DDB6C3EFACDE33DF47AD23E4E
:10F720002640093E9BB2AFBD1FC159BA3DA9E9BDF4
:10F73000F06A5E3EC8EC253D2C2BEE3BB04A243EE1
:10F7400091D4E43E500F2B3EAA26B4BCE0B53B3C1E
:10F75000A4E3823E1EB730BDCB2D473D186FFF3D61
:10F7600050D5B8BEEE618BBEA4933C3E7EF4AC3D5A
:10F770006F5B893DEE8847BB682E90BCFA33BCBDF9
:10F78000617248BDB9C434BE53282C3EAF02BA3EA4
:10F79000C5E053BDF19537BE9BEF2ABE06A900BE5A
:10F7A0002B90573E50859C3EA66B23BDF8930CBE14
:10F7B0004B4D463D2025533E8930C73DFA8BA83E30
:10F7C000A85B093E9D9D0FBE65D823BC90789FBB6A
:10F7D000D37CE23D41DA973EE276713EC029D63EC7
:10F7E000D8D36E3DB4D131BD6A1E9B3EB5FA4FBD34
:10F7F0004F21DBBC158DD63C73F8343D6DECE8BD74
:10F8000025719D3DFBF39A3E96A72ABEC469823DB1
:10F810007C7B92BE384C873D304FC03DB0BABA3E7B
:10F82000254A2A3D9DF5C8BDF6B5E7BE5AAE963EBF
:10F83000F0A31E3DDEE7EB3E77CF543DDBC9B8BDFC
:10F84000A26904BE0743B4BEB3480FBC6565573E0A
:10F85000FB94B83C006EB5BCFDA4763E46E4743A19
:10F860007D12E03D95E1C5BDD76E28BE1FBCA4BE8C
:10F87000F37CFD3D18B1943D8B9AB73E1C41FDBC15
:10F88000974BF0BE8B287EBEC98BC83E8A10A63E21
:10F8900078263BBE558E363E499096BE6484293EFE
:10F8A000A4DAC3BDCEEA493E510AA0BECE93FFBE44
:10F8B000C85C95BE013FAD3E9D6A7E3E2B15AB3EBA
:10F8C0004911BC3E4969343EC8F7CA3EA0E14CBE6E
:10F8D0002FEA52BDE73E663E4C9C503D825FA13E02
:10F8E000D1DE9D3C5FF81B3DCB9BD3BD58E7393E35
:10F8F0002A7C8BBD0DC85D3C70D70A3E23FF823E3B
:10F900006174533ED542ED3EE96E113E7BF28BBEF3
:10F9100061C69ABC087C79BD8C10C13E7F16F03E52
:10F920000D25B53E8239FEBD76558D3D473B8E3E59
:10F93000AF11353E2EBFA33EA0A23DBE494E273B90
:10F94000A4404D3EB80C953EAD96313DF98823BE9E
:10F950006D089C3E240C15BE07CE123EAFA80C3E8F
:10F96000CBB49BBE32DCE2BE2A3087BE897115BEA5
:10F97000BFFA06BDD1BCB8BE8664B33E052F083EB3
:10F98000260BFEBE5038BCBC9D6E0B3E6315993DE8
:10F99000186B6EBE6A42EABC5D5BFE3DA9E43CBEEC
:10F9A000EB723D3E4B80923E993FFDBEB6E7D5BE21
:10F9B000DD219CBE16D6B23E848F5D3DCBA9913E23
:10F9C0008858193E58175C3E662BCF3EF66D403E78
:10F9D000772888BE243E68BD7A02DE3D02579D3EF0
:10F9E000145E993DFC3DBCBEA492543EC0B2803C26
:10F9F000C50066BDC22361BE2459573EFC6B843EE0
:10FA00003779173E9B92C83EBC1EE43D39FD60BE6F
:10FA1000A5B3F63D9AF9473EB4573C3E46DE6D3EEF
:10FA20004991983EC4343E3EAB29F2BD71C7FB3DBF
:10FA30000D1A9F3DD301873EDD893A3E3D7F3E3D15
:10FA40000103143E74FA0C3EEEFA8F3E3D60863E92
:10FA50008CC67E3E342C28BE159B153E927AD7BDAF
:10FA60006F77C13D9E01A4BE17DF693BB80CA3BEF2
:10FA7000CCF3833D064DC63DDBCFED3DF0FF51BEDF
:10FA8000698E4EBE4D549EBE2AF7523EF944213D2A
:10FA90007FB38E3C8DC3CCBD819F90BEF7A65F3EE9
:10FAA000EDCA723EA3210D3E4EF872BEC0358DBE2A
:10FAB0006D132BBD2455B23E081B3F3E0A9D9B3E55
:10FAC000247BAE3E33E1283E8E44D13E8F1F6EBE76
:10FAD00054D11BBEA70A3F3E4240023EB5160F3F1F
:10FAE00055D6C63E213AF8BD8B68133D4B72AF3CEC
:10FAF0002F75643E1A5EBCBEC238983E532D1A3D27
:10FB00005AC934BE3C5AE33EE271E23D8AEB88BDFD
:10FB100077C9F83B8310463EFAD6193E7F09053F68
:10FB2000F7AF8E3D72012E3DED0B8CBB7EFE803E0D
:10FB30007557223EBFCD423E5200C0BD3CB621BDEE
:10FB40008E15323E9A83523E32EDA5BD116E873E30
:10FB5000281BBC3E5990AEBE0FA4223ED68F763EE7
:10FB60009E25A4BEAD5A4DBEE83F9EBD7120E1BDAD
:10FB7000E6A8A03EF53986BE97EC0E3E38EC48BEAE
:10FB800086F2FABEECC4A6BE4DE5B53E40820A3E02
:10FB9000726FDB3D46EA4D3EE84F42BEF8FD8D3EBA
:10FBA0005EAC8B3E967FD53B6EF9B8BEA610C8BE44
:10FBB0008201C93DC4D3303E2D64A43EFED3033F31
:10FBC000D6D5AD3E6B8B0EBE9B677F3DBAE2463EFF
:10FBD000491A08BE785A32BEB9BFC2BD78253D3E2B
:10FBE0007B324C3EB01AA5BEA39C1ABE189F113E94
:10FBF000C0D824BD824778BE350D003EAB0F80BC17
:10FC00003B95073E510AEE3EE181013E1AA982BEB4
:10FC10002F8C68BEC2F2A8BD0CDB363E05F3873ED2
:10FC200069E997BD694937BDA868C23DF2B3DC3DBB
:10FC300027548EBC8685553E436EA5BD5E0EB43CF2
:10FC4000ED05E13EE841C23EA07BF83D8F6A603E93
:10FC5000D9019E3E5237E9BDA1FBF33D8D741ABE1A
:10FC6000081A2C392D8B00BEF29453BD792E193E03
:10FC7000A58F853E3FA600BE6C2ABD3E1C05673D94
:10FC8000839EC93EC2A67C3ECB09A2BED48BFDBDDD
:10FC9000789DA23E810594BC908CCD3D75A2AF3A73
:10FCA0000039493E139AA2BE3D3E133E1FED233F4D
:10FCB0005080053EC8158C3C28328CBECA256FBECC
:10FCC000EFA598BE5305933D42B63ABEDF41933E41
:10FCD00031B3223E5524D83D99B58FBE3E2BF1BE9F
:10FCE000C84E0EBD202AB03D14E9743E5963093E4A
:10FCF000B99527BE431F4E3ED69215BDBB34A7BD56
:10FD0000508533BE3A7EC4BE3526CFBBFFB9783EA0
:10FD1000B5282C3DF9DFA5BD8C279BBD7121DFBE29
:10FD20005D9414BEBA33043E94138B3E0C5F8ABDBF
:10FD3000056E8ABEE1B7EB3B999F173EFA36053E4A
:10FD400023409CBE709D90BE1B7EEE3D6AF68F3DAB
:10FD5000169354BD5ADF78BD9586083E30AD073EF8
:10FD60001D6C7B3E95D89F3D2CFB13BDEA0FAE3E2C
:10FD7000478309BEA80A8ABA85C972BE83705C3EF1
:10FD80003578F93E25CD603E106FBD3D94159ABE85
:10FD9000E3A5A8BD0264B33D0A0E543E685321BDDD
:10FDA000466E133E328E31BEBE226E3EC9C40E3F39
:10FDB00064D7CB3DD9782DBE5CFFC4BDD0A7BEBDF6
:10FDC000CB7E6ABE2F07F7BDD8B8B13CA5A9E33DED
:10FDD000F7D3A5BD59F3653D889955BEFA7BC8BEDA
:10FDE0000FC0A2BECAEA533E573AE03D60F4EB3C76
:10FDF000BFC00EBE1B0A053E22BE8FBE476569BE50
:10FE000030BA633E41621ABEB2B96ABE3BA5BA3E81
:10FE100024BBAC3D977D04BECCA92FBEF23412BEEC
:10FE2000FBDF0ABE6C62BD3C46D3BC3E0FFFCDBDBE
:10FE30008EF5B83D1C97D4BDD7863F3E57059EBD75
:10FE40000D739FBEE494073D391D8CBD2D1CD23D22
:10FE500078CA05BE8E80083E4FEF1E3DE0AB393EAE
:10FE60000162F43D4D013F3E4382043E846F793E82
:10FE7000F59A1A3EEA86D63EA36580BEA5DF67BE28
:10FE8000366113BEA1E683BEEC47A33E829BD73EFC
:10FE9000781897BE8B73F23CD7B03E3E3CF57C3E63
:10FEA0001E15B43C81B0963DE0AFC3BE6DCF05BF1B
:10FEB000BABE533D0E9B163F5538B7BCD750413F95
:10FEC0001C66C7BD2B4219BEFA71073F98F133BEBD
:10FED000BE1B5D3ED3F9F7BD7E7123BD911D423F30
:10FEE00019C9C73ECC08C53E7347C93D5A7482BE86
:10FEF0000D6396BE2A434EBE72B20F3DDCEFE63D67
:10FF0000A510D7BD960B1B3F01821A3E6CB50CBEE7
:10FF10003BDCEF3D6680673DBA9C50BEECCBA83E13
:10FF2000A7DBB93E0FBB2A3EC4787E3D3B67783DD8
:10FF30003CA1393ED118E43D793D113EEE9E343E60
:10FF40007665BA3E71255B3E7413A53E3FE15C3E8B
:10FF5000CB5B20BEBA94073EF02DC5BCC26CDABDA7
:10FF6000807FEB3DC8248DBD93AD8F3D5E3F37BE96
:10FF700019BB163E364B903E5AB7433FD77C123ED4
:10FF8000720F0A3F3521283E97858A3E4448013F3B
:10FF900004AB07BDF164813ECAA111BE1288DE3DEB
:10FFA0000642DCBDDC838CBABAC433BF559A8ABE24
:10FFB00042ED5E3D3A4B003F03D6673EB7217D3EA2
:10FFC000AE47203FC0E9F23D7CA1743E1C1604BE42
:10FFD000EDC67EBE627A493E73AF013EF252933E59
:10FFE000A7DBA2BAF9940C3E4AC47D3E7DFD0B3DD1
:10FFF0001CD353BE2C9C893D1A5C02BE872628BEAA
:020000040802F0
:10000000D684E3BB42E9C13E16E565BDDC5502BDC1
:1000100071A712BECF5BBABC9E3BDEBC6503B93E86
:1000200041DA753E8ED998BEBB588ABE6DD329BDC4
:100030008171B83D2D3B8C3E2E248CBCE34C9C3E04
:10004000DB5C293CDC90693DEE456EBDD6CCBABD8B
:100050003C940EBE0CD4C7BD47BD4D3E46007FBE8E
:10006000BDD8AA3B2685A5BE6296FEBBBFC004BE16
:10007000B553DD3DFF5E463C4E7F133F4DA8D93D55
:1000800046F1DB3EB0F0063EE5F723BED2F984BE72
:10009000155BB53E45646CBE4490CC3EBFE0073E68
:1000A000354CE03D9169143EE5C5F43EFEB07A3F23
:1000B0000926633D67B6E9BE7753F63DA860F3BDF8
:1000C0000CAFFABD9E6687BDFA82DCBC19F6073D0F
:1000D000C283DBBD5FDD5FBD614E29BEE39277BEAB
:1000E000AEFE42BC427FF53ED3F0A4BD00F5A03E7B
:1000F0000AC83EBEC4B94CBDC280ACBD031687BDA4
:10010000E7F14E3EE6C385BE7661223E99EC99BD8D
:10011000D38E9E3E1146B7BE979207BE9557443E7A
:10012000D72A8FBDEF80133ECE97863B94093ABE07
:100130007A5B803D77B63E3DEB04363EB9F0FFBDBD
:10014000A16D3E3D19AE423E8B5DC63C17D5CDBD7F
:10015000598F7CBEE7137B3EC3AD3B3DDF2589BE97
:10016000F2F5F43EFF22353EC4C6AB3ECA49EA3C36
:10017000B6AB63BEC20CC73D94D4C5BEE077A93E02
:100180004F6D51BE861035BE64675ABD15F7F53EFA
:10019000271831BD5009733E782A8E3D080BC6BD25
:1001A00043A55FBD2531173D7611E4BEE52142BE72
:1001B000CBA4C53DCFD9793E76B1EF3C6D3C163F1F
:1001C000B728523EDF5B12BE34D1893E96A701BEEE
:1001D000394979BDF0C2503EF166E63DD628023F6E
:1001E00001E9853EFE15F0BD529C14BE37886CBEF9
:1001F000C9714E3EF7A637BEB27011BE0987993D50
:1002000078E3373EC3C6803E70017D3D23F52EBEA8
:10021000975227BE618216BED9418B3EAE6C103F0D
:10022000C719E33E025060BE920280BEBEAEEA3CF9
:10023000AF44A83EB035CD3E2BEA4B3EFCF4B13D79
:100240003622E43EFAABB63E04CFAC3E0D97ADBDD0
:10025000F356A2BDCDA2923C998003BBEFC0703D86
:10026000C7139EBDD87145BED60BBCBD3C2B253EE9
:1002700053514DBD142F70BE3E85053F08307C3E66
:10028000268233BE6814AF3E135650BDE489EF3D5D
:100290000C27B03E0B91AD3DE926953E1926C13C99
:1002A000827B88BE7DCF5A3D4C1C043F2894593F29
:1002B000FB28393E20C8AEBEA7F0373E10AB70BE5B
:1002C000304BF03DFF3C453D18AC68BEBA66753E0C
:1002D0007F25D3BDB627E9BCFE1295BE4D6BE4BEAB
:1002E00086D20FBE3338FB3EFA566F3E6958C53D85
:1002F0004F5499BD6315BABDD89A1ABEC10DDCBE64
:10030000BF2B573E98ECA5BED5BB4EBEE280AB3EA0
:100310008DD3A43E82639BBE54A9E6BE350883BE3E
:1003200050B694BE762C033F0ACBEFBC25A8FDBD8A
:10033000C8F0403C20A2BEBD963186BBC57B8B3D3C
:100340000C5364BD193A9C3E12BC89BE8EEB17BE9D
:10035000F95C45BE2C2F413EC6DA8FBE672866BECB
:10036000974DCC3EC4DB4BBEDF2EB43EC5B9DE3D5F
:10037000A9F4A6BE2498AA3EB0E641BE5610723E2D
:10038000EF8986BE8C3ECB3C75E1A93EC9B1433EA8
:10039000A3F3053DDCF6EF3D1B3356BE00DA8D3D81
:1003A0008C51803E342B613E7201D8BE954B36BED7
:1003B00023265ABECF0C4D3EB95F75BD6C65383FE4
:1003C000188F053EF806783D78B6713E846F72BE90
:1003D000C9FDC83DCD62863E2C2AC63D13895B3FD0
:1003E000792B583EAC701EBE42D9CFBC54D9783C54
:1003F0004EAEE03DDFC4A6BE45F0B33E8F696D3E14
:10040000AB6132BC2387BC3EAD0B453EDCE164BE34
:10041000FD614CBE84CC593EFBD2C83EA5EC853E66
:10042000BDF0A7BD400BCCBD522B92BEB791173E7D
:100430007726893EA20D443E2B69193D25626C3E0C
:1004400079DECF3EEB56E43E271E853D2C2AD53C77
:100450002E822F3B6A72643D3378983E111C0C3E0D
:10046000E7675ABE1D9D64BD4C11083C242B4EBE4F
:100470003F93973EAD536D3D7E1E9A3C8F06DBBD8C
:100480000B2E0B3F1941AC3DA92CBC3CF7E03ABE0A
:100490009108B7BD7A2D4DBB13EEBB3EDB7E52BE3D
:1004A0008D51C0BD43D11FBEB37E503E192B333F8B
:1004B0002B43FEBD216ED7BD7E1E4C3EA03C98BE98
:1004C000AF7088BE52DA81BE03A84DBE527C563E44
:1004D00059BB4ABD6DD91C3E351DF33D54DD16BEDA
:1004E00011A788BE519FD73E08C8833E876CBB3D8D
:1004F0003B8C583EE103893E8CFF57BDD44BB9BEBF
:10050000F084033DFFFEBCBD6AAC733EBF4DC73EE9
:10051000928B9F3D8B0C90BEFB2867BE7177A7BD69
:10052000F04038BE777C0BBD0169B63EDEA4A2BEAA
:100530008A7527BEDCBBF6BD6A4F6ABD618E113974
:1005400075F0233B289480BEF4ECDA3DFFE1EFBD6B
:1005500014F67EBE6BD48E3E0AE70B3E06AE923D8D
:1005600070811D3E45973F3EBE29183DE5D99DBD92
:100570003A857ABEB4B519BC695AB7BE39CE213EA8
:100580004DE48CBE500C863D51CE833E7DC4B13EC1
:10059000432B22BEA461D03D103D80BEDF65333EBB
:1005A00017DD9C3E0241363ED24820BEE88871BE2F
:1005B000B65376BE0794883DF7630EBE6A81F33E5C
:1005C000A93CB73EDA3B4B3E2776FB3E41D4683E22
:1005D000665592BED115623E733B30BE765A0E3ED2
:1005E000CB73A73EB1B0DABEAEA397BC48ECD7BD83
:1005F0009E178C3D811BCC3C51A9E1BC1196E1BDFD
:1006000009DB34BE343C153F4651523E323482BE83
:100610007CA778BE2999263C1ACA1B3EDA30F33EE5
:10062000AE849F3E86A31ABD79D1A7BE891EFB3A30
:10063000CF54CF3EACBFD43E51A8963ECDA076BAA3
:10064000EFDB8D3E3EE0AE3EFDE62B3EB3EEC4BD9D
:10065000DEA030BDFA1143BEFB4B973DFAC1663EAA
:10066000C96DB4BEFAB682BCF238F53D1ED017BED5
:10067000A602573E01E226BEFF0E793E334B5A3E9C
:100680005FF3A6BDD035C5BC954EA2BEBF49DFBD48
:10069000D3A5E13E9BC4103E54E8A03E86F58C3CB9
:1006A00048243D3E02D33CBD4B904C3FF46D623F2D
:1006B0005164413E2162DBBE2D0490BE69AED5BDC2
:1006C000088A903D41DE59BE16C16ABDF235B43E7E
:1006D0007358113ED3581EBE015BCCBD8226A1BE0D
:1006E0007BE66F3E7F81323E92699B3E12DE1F3E6B
:1006F000493403BEA6834BBDE22FA7BE49A438BE32
:1007000054C1C53D2A7BC9BE4F5D3DBEBA81703E16
:10071000FFED5E3D514884BEBE71A3BEEDDA2BBE37
:100720006CA13FBE6C1AB73EC44A303E9599B4BE28
:10073000CE0448BD1FF2B3BE53556D3E46A65DBE06
:10074000E0F359BE8DBAA93ED22079BDD25E853D77
:10075000C6AB66BE8DC9833D9F4925BE6DD3243E81
:1007600013D80A3FE38716BCE97EB43EF5E3CBBD60
:1007700097F7D83CCDBD963E12CF50BEBD82E83E25
:100780002DF6B03DD5ED48BDC415B83CC95A30BDB5
:10079000018B4BBD4A1E95BD8637F4BDDA8D4CBE2C
:1007A000B016BBBD04E8323E6B14E93EAE640D3FAB
:1007B0009F64293E445137BE611313BDA46F18BE18
:1007C000DCAE61BBF9D353BE3D9695BE9E316CBD88
:1007D000ED63903EA513043E8D0521BEA3E292BEBB
:1007E000CA10A93AF312C43E9C12F83DE946473EAE
:1007F0002E2A443EEA24C93E4D506EBEE660F6BD48
:10080000351C3EBE8D4A1FBEDC85603E89B1A23DCF
:100810002A22113E32253A3E0C23E8BDAA7407BEB7
:100820000C6E1FBE535CC0BD3242C5BD71806DBE33
:10083000B01A1EBEB5E5ACBE7D5A803C58BC0B3E1E
:100840009200A8BE8EF4BCBE027F97BDB168823E06
:10085000AE5606BEE30FCC3D66FF7BBE8EF8863EED
:100860001DAAC33EB2CBF23EC49B2C3ECA3588BB08
:100870007C913DBEA541A43EFB6551BE43F4D33AF5
:10088000DC2FEC3E3D78C8BD45A7E1BCF33DCCBEB6
:1008900014F6893EF0FC82BD82F18C3E26761C3E29
:1008A000B8A31B3C177E133CE56BA43DB0D2273F99
:1008B0002FD0163E5F9AD3BEA979B2BD3099D2BE71
:1008C000C1243A3D5CD4443E95396C3DB53E74BE7E
:1008D0004D18023E2BDA393E6BB9143E4BAA0ABFC3
:1008E000FA4945BE1417893E916C563E4BBE92BDE7
:1008F00017E4593E6E607C3EBFD29DBCA292043E7E
:10090000C12848BE173468BD2B1D99BC6C88503E69
:10091000F1ECA53D0DC16D3E830F28BE3DD704BF50
:10092000E31BC9BE7E3A643D42AA10BED87BA0BC80
:1009300009410A3DB96AA0BDE5AA103E697C29BEFD
:10094000C2C8D4BD4858ADBE384780BDC16A493E13
:10095000B1346B3DEC7D03BE23B0C23DB8A6573E1B
:10096000B3917C3EABCE3B3E47BA213E9A49C4BDD3
:10097000EFF2A7BEE201F73D21F732BEBC2F87BEE2
:1009800046B6953C4CFF53BE9A1E6FBEC9640A3DE5
:100990007E8A35BC8356D73DE972AD3D60BDD0BD82
:1009A0001F9749BED5272FBE57D90C3D3E730F3E2A
:1009B000E89052BEB3338FBECD6A5F3D919F0CBEAF
:1009C0002005C4BC533226BDF73C523EB7277FBE3C
:1009D000B5493A3E7FF4803D5D7C4BBE1396D5BD54
:1009E00096A4383E28C283BE1A6A773D65344FBE4E
:1009F00003E0EEBDF67380BEF91FE03D4C56DC3DD2
:100A000082538DBE1235B5BCD61D55BE21342F3D47
:100A1000DA6D9A3D9987BB3CC7570C3EEC5D6DBEC5
:100A2000BB1736BEBE7FFFBDD26431BD8ED4243E1F
:100A3000A13E373ECF5AD4BE6C2890BE08DC3D3D67
:100A4000C5280B3EC348E03DD78C14BEF25635BED8
:100A50008F2E4CBEE108683D9474CFBD009285BED8
:100A6000A11025BE45001BBE9AAFB0BDCD8E7CBE89
:100A700053552BBD6B5F1E3D5AA9AB3DDC3C3FBDC2
:100A800047D10EBD6380063E67B7043E159FA0BDEB
:100A900031C0063E00C107BEFBA4AA3DE884633E08
:100AA0005919073E642C34BE9226BC3E33152D3FA7
:100AB000F405183E6CC876BE6CAF223D60C613BE0E
:100AC000E37F92BD799277BEB616813D74C0643ED5
:100AD0002E568CBD0A6D41BD572728BE857AACBE07
:100AE000D4C8E9BDBB1BE83EA0C9253E8B9E733E22
:100AF000258E3E3E3C368D3E7C3578BE6774D3BE37
:100B0000F6B9D13D94E8ACBED859E43D3E29973EB4
:100B1000C599B73EF8FBE1BD6CB13BBE13D013BD28
:100B2000978065BDBF0B8B3E8045723E06CC4BBEA9
:100B3000736E603D5530DCBE70DD153E506382BE85
:100B400064E14FBCC177AB3DA523DC3D2CDE41BE4B
:100B50003CEBAABE674A443D5B101C3D959E83BE9C
:100B6000CCCE6E3EECE3563E3FE3203E9AEF863E0F
:100B7000888A81BEDD9063BD42964ABE7363343E6F
:100B800076E83B3E088E84BD9BABC0BDCB6B41BEBF
:100B900032DE403E4A3F293E9469093E9DA44BBE49
:100BA000134E333EFA4A733ECE1FAC3D6CC1A93E94
:100BB000DB1D4ABCE62F8DBE76FDDCBD814550BEF7
:100BC000AFA5A2BE406CDB3DC97300BD7CCF8B3DA1
:100BD000F50739BDAE4C9FBEA28F54BE5969C8BE41
:100BE0003285883D83A8E23E5F0D363E81C7AA3E2E
:100BF0009A4E7EBD90EF983C3AB3D23D5F0C973E43
:100C00004A78ABBD3A05553DD6C8073E4E20ED3D6E
:100C10004C0154BD71B044BD438960BC7025FABE1F
:100C200061A79CBE3E1197BD952A3ABE1D608BBE42
:100C30009185313E3460303D978AAA3E5227AFBE3F
:100C4000F27B2B3EAC7729BEE136EABE0A92DABDD2
:100C50003AC816BDD801873E23EBA6BE467AB7BD7B
:100C600070F877BDEC063EBEF90DB8BC19AEACBD50
:100C7000001577BEDFA94D3E851FDCBEB72745BDF9
:100C8000BC2E16BEAB11CA3D98B4673E1930E63E85
:100C9000528691BE2940A73DFA7B9DBE7326793EC0
:100CA0003DDC473E90303D3E7FD205BF55C091BEF2
:100CB000DC7372BE0466433E85D04D3E9189843E0E
:100CC000201FC6BD8D3B743E29BAB13E8F0069BE60
:100CD0007DDDB03DBB0EEF3C76523C3E04E62D3F41
:100CE0008866F23D793B893BFEA91E3E979493BEF0
:100CF000609562BE32D398BE2801973E92A35D3CB8
:100D00008571CA3C2030073FBCE74B3E24EA32BE27
:100D1000454135BED48089BE8B9BB13E65A7983EC8
:100D200029BDF6BC14FC89BDF4C952BEFA5E1C3E56
:100D300066DEBB3E250A213E3BD89739F3D11B3EE8
:100D40003AD3823E9C01ED3ED4A48E3E3E94813E39
:100D50005DFC263E18792F3D5661F63C2A7B6D3EA0
:100D6000DDB2B8BEB2AE8DBE26C0293E155878BEE3
:100D70001BD6953EF6560F3D3A24A63E01B28E3C58
:100D80002263BB3DB450A03D8489F73D3D60B5BEB4
:100D90003362A73E270B4CBE9BEB083EE1F4DDBD62
:100DA0007134F73DEEF5053E1F71193FF638FD3EF3
:100DB000ACBF853E228FC8BEFE4828BDDE6415BF8D
:100DC000C561C63CFB5038BED64725BC4B127E3EA3
:100DD0007500AFBCA791F4BDE80ABE3DDCB018BFFA
:100DE00053B916BEBEFDD93E500448BD85D8F6BDE8
:100DF00003EA343EB3519C3E61B889BE7D30853DE7
:100E00004438EABD4DEEE0BE41ED4B3C2288413D09
:100E10009730703E53B26D3E728752BDC03A07BEE6
:100E200082662ABD45C0A1BD5364373E069E36BDCD
:100E30007D2282BE876488BEF625393E96F944BE7F
:100E4000F502DBBE71BBF3BD74581B3D16134E3E5D
:100E50003EBF6ABEA06C843E8ABF44BD5C79413E01
:100E6000D639E53EE639F83DAA8EAB3E1F121EBDCF
:100E700023E4A6BBF3E4A43E8733A4BECCC0D0BC1D
:100E8000107A9C3DB4AA6F3DB837CDBD2543CFBE87
:100E9000681F9F3E850A35BD1F61773E00C794BC21
:100EA000E971D13C0C6526BD0C93BA3E96FCB43E6C
:100EB0001B4E833EF544DCBE843A1E3DDEF459BE33
:100EC0006AC90B3D1ABD61BD8F3AB0BE0000283E15
:100ED000AA47713EF00F35BEEDE626BE6C29ACBECA
:100EE0005E63F23D98065A3E54ED6FBECEFD673EFE
:100EF0001810303EB4A24C3E1F28F0BD4F1789BEDB
:100F00008756563ECF305BBEA37F93BC440FAA3DAD
:100F100001ADA83EAA8E643E96560CBECAE3E0BD63
:100F2000B08860BEBD6E8D3D2085803E76CAC1BD55
:100F3000E17B28BE0730B0BEC20B583E6C13D9BD52
:100F4000B41D09BD97CA55BB7A3E9BBE18D11B3E46
:100F50001777113EC607B63E7AC039BE34601BBE55
:100F6000355B093EA18DC93BE94F9E3E0369FC3DBF
:100F7000F7298FBCF919CE3EA29F6DBEFCF71E3D2E
:100F80007DAC10BF99FB8DBE0B36773E05493E3DCB
:100F900073C28CBE411B183E913B74BD9361573E9A
:100FA0007C1C833E2366D43DF7CB0FBF996A8BBE72
:100FB000BCC8123E60BC3F3E6804F83C2321143F8D
:100FC000AF66063EE5DA13BE6709933E5CB356BDD5
:100FD00016ECB13DEF38803E71CB093E4478453F79
:100FE000EA1EA83CA6D450BE43C56B3ED352FB3B81
:100FF00024BCDEBD37E997BE27409C3E737C493E4A
:10100000B3297C3D066DF63ECDA4D83D738736BE30
:101010005E6E5C3DC4D2BBBCC44DD53E2FE2483EA3
:10102000737D673EBCDEFD3C8F1B073D6BF0DBBC78
:1010300003DB6C3E6025DA3D0A2FA2BD4D8300BE66
:101040006E4F923EE732373E9E9FAE3EB551813E97
:10105000D51DC0BD81AEC3BE6246D23EB500DE3DE9
:10106000C764B8BED9F39ABE17DC52BED27573BC42
:10107000B652C33E4F8C86BE6EE6063FB81509BE1B
:10108000FB73DC3E3ABF5D3E62014BBDA93F65BECE
:10109000F2BDAF3E3ABF8BBD6C06303E5FC587BE2A
:1010A000E6CB75BDBE3C1CBEA4AB193F389A013FD0
:1010B00065CF993D91CECEBE027DA3BE4C4D823D03
:1010C000A5652ABE2545B5BD20379FBEE625C33A96
:1010D000669C55BD15C12A3E6B744B3E60D28DBED9
:1010E000416B0B3E97719E3E26A7BD3D69A0BA3E5F
:1010F0002CD279BC9206053EA70E0C3D8E0D81BE0A
:10110000B3A0433E68887EBD09528CBD1AFF80BDE6
:101110007BC9043E2EEEAABE8C5E3CBE3656D9BDBF
:101120006A2A323EC1D9FBBDB9AB233EE0AC833C59
:10113000BA2B453ED5A7B6BE89AC183CD6AC14BE7A
:10114000701EB1BD795D6A3D23576ABE353D0CBC4A
:101150004458B1BE4FD8CC3D1ECA43BD74653E3D18
:10116000D186CF3E25E8B53E1CC87A3ECFEA5C3E2C
:10117000EBD398BD6B6DA63E4DE6BC3D3B7D273E57
:101180008A058A3E76F3BB3DB67B8BBE9E9162BBE1
:1011900050097F3E34F0873EB5E6C23D883DA13D13
:1011A0001FAAC2BC3FB646BE155BA43EDA10B23ED3
:1011B00065A3693E2C4E27BE3AA76E3DBAB910BF53
:1011C000D32394BCCC7FDB3DB0945ABE8AC4043E8A
:1011D00051B6A43EE82CDEBD5884D4BB5343CDBEEB
:1011E000C41C12BE1CCECF3DB5A539BD59DBD33DC5
:1011F0001FD650BEF683D13E581387BD687787BE91
:101200006F1C293D470229BEFB58BCBCF9ED223CAE
:10121000D2605E3EED2A16BC1AB188BED82A36BE10
:101220005F0C07BE8F22E03C6992F33DB6DC07BD40
:10123000FA2454BE0521CFBE10D4F9BD3487A13C99
:10124000FE8502BB670AD5BE17C918BDCB930ABE7F
:10125000002477BDA5D98B3DC4A04BBEEFEC713EF9
:101260007AAE833C1FA0DD3E153D603D88F75CBC37
:10127000D703A33C7EECCA3DDF3E9EBD1C635A3EB5
:10128000A2D6813BCC80593D2A2BFD3D510B2A3EF5
:101290001A0AE53D4BA196BE7453CBBDA0E92ABE08
:1012A000CFF611BDCB4C963D2F39E03D1C69823DF8
:1012B000EA6636BE8CFD8B3E68960EBEF2AC4D3EA5
:1012C000DBD9D3BDF899AC3D44E707BDD435853DA6
:1012D00041583E3E33928ABE940744BEA91C2B3E21
:1012E000722C3D3D814CB73E58B3973E7A353FBE98
:1012F000493111BE286604BE56DA32BE6B8EC43C3C
:10130000E11720BE4FFB033EEFD89EBD44C24FBE47
:1013100041E245BE0E70C53DE956BD3C4D3F413EE4
:10132000E23FB93D3FE4B0BE9B6392BE0001283E60
:101330005D8BAABDCC8E77BC275D733EB0892C3EF9
:1013400041C8FDBC3891163DCE34F03D2DD2073E4C
:101350004F8A49BE48F4873DD3DA66BE187CBBBDD0
:1013600047FA95BE1639F23C5B5610BD0EEFB23C03
:1013700032DD243E3E3F9DBEAD04103F0EC0AF3D6A
:101380004A6CC5BCD3EF8C3D401BC9BC2D41C33E4C
:1013900057E377BE80A664BEA7B0C13D26AA3BBE78
:1013A000552518BEAD02BC3B7A3682BE3686BCBE21
:1013B0006DFA293D161F8B3E059F0CBD10B94E3EA0
:1013C000E9EFFD3D8E58743EFF8B3B3E671D4D3E61
:1013D000C0937BBE206527BE9D82503EFEBDEF3E82
:1013E0008115A43EC844693E7FD89F3DD9AB663E77
:1013F0006AED72BDEADC383E64D838BD1CB3ED3D01
:10140000059215BEA2D56D3E0F2DA6BD74B282BE4B
:1014100053D14ABE84C9483EEEE9113EFEA4DE3EE9
:10142000D47B243C1F1630BE1BA76B3EA74C5D3EF1
:1014300029D03B3E905F203E2EFCF03D604816BD1B
:101440002884BF3CAA1C383EB69E35BE08532EBD2C
:10145000E69A9C3D1D4EE83DAC4096BD028231BEF1
:10146000F336C6BB64F508BDB0C93F3E0B5F933D84
:101470002FA355BD6BC4BCBEDE28153F19694B3E7A
:101480005054A53E7BA59F3E06EC41BECC7994BD51
:1014900071429D3E68B53EBE7FE0943DF1A2E3BD42
:1014A0002C932ABDF2C3F83CB8AE143E58F1A83EC6
:1014B0001769D2BDD8446BBDF6AD50BD4EA48CBEED
:1014C0002BEC21BE7C0A3F3ECF1D7A3DF2C3813E0C
:1014D000D7A27D3C82AF4EBED13907BE883AB0BE9E
:1014E000DA2B1C3D16388ABDADB66B3DBB93423E30
:1014F000B87C3B3EE5ED673EB658F63C797B18BEBE
:101500000CAD24BE42B037BED4C3323E6E6349BD7B
:10151000E9068A3E375798BD281F253CB37F98BD02
:10152000B8EC0FBE3DC8703DCF05B23E81CCFE3D4C
:10153000341C39BE5D7BE2BDDAEE6CBD7C544EBE20
:10154000D72B6DBE64A6133DF8F3BDBD8E4D8C3D0B
:10155000F881223E5CC5AA3EA60F5ABEAABC6D3ECB
:1015600044F3B03CD0EFA63DDDA70B3E98753C3E62
:101570005A31BBBD45E1973EE61D09BE8A092EBD25
:10158000155B48BEF6C715BE0F5287BEA4BA01BE92
:10159000067BA13DF5B4B63C0AA6473EFE55303E5B
:1015A0006122F63D8179E1BD6E1707BE608C403E39
:1015B0000BBD85BE5B9235BEB3DB1B3EE96A203EA8
:1015C0007C6E45BE9C5A84BE82A00EBE4132173E40
:1015D00046DF0E3D4D524A3EFCD575BDFCDD73BD68
:1015E000BE38F1BD5CE34C3E4BE0443DD7C092BDFC
:1015F0002502C43D8579F3BCCE48D9BDD87A63BEF7
:10160000300049BEBB623ABEDE2AFBBDC4FEE6BD69
:1016100080DD3BBE8254A33D5608E2BD3AB6AF3CE6
:101620004407E3BDDDC8253DAD3F49BE28D85EBDBA
:101630008CCA0D3E8C4126BE4E712C3EAED5AEBD41
:10164000E64A4B3ED5DA5C3D598F293EAF364ABE5D
:10165000857D1E3EECA219BE15A883BEA35C21BEEB
:1016600025A512BEDA010D3ED61D95BD25EE403EE4
:10167000A0EFEBBDC55478BE082619BDCEB04C3ED8
:10168000F2A2043DEF7054BC167F3D3D8E356E3D99
:101690002945BB3DF54E1B3DBE4D953C53163CBC0C
:1016A000DE6BCB3D7709753D82B59A3DC822CC3DB6
:1016B00087F4AA3DB5E6063EE7FC203D34534C3D99
:1016C00098E3F83DB6465C3D626226BD732825BDB1
:1016D00079E1473D0A44903DCCB6EE3C2939363D90
:1016E00003996DBBE219AE3D6C7DDB3C19678E3D05
:1016F000E9810C3A4C12B6BA7E58CDBC48BADCBC73
:1017000001FE91BE3B6F0FBFAEC20FBFD0BA10BF7C
:10171000D73048BEE9A101BF99B30A3F92F5F03E28
:10172000611F54BF30A395BF5802F53E702908BF12
:101730002345773FA9C67EBE5573123F4C8FFCBE32
:101740004DCA443F5E84203F4467EE3D276DAA3E6C
:10175000BD6D5A3F35772B3F0FDFDFBE5954063F33
:10176000A8C6033F4CAF8EBE890B0D3F8BFE133FC7
:10177000558EE6BE8201C4BE35A2963E6B0ECA3DB2
:10178000796CEABC0B58C43D3B79183D0592543E38
:101790007A5553BCD3F303BE9E42A63CAD65963D3D
:1017A0005C7E4C3EDC75283EC3EF853DBECADBBD8A
:1017B00005FD7C3EF95154BE9D198FBE7D38C4BDD8
:1017C000FD76B13DC1CBB7BCA71CF8BD83605ABC48
:1017D0001C5845BE5E6433BE28B0C1BDD428933EBC
:1017E00051B04B3E8FDCBBBBA0A48BBCFC1C863D28
:1017F000E62DD2BCA5BC703D6E447DBDE18E753E2C
:101800003C3F9BBD5998433C78164ABE006C8B3ECA
:10181000D852833D22C927BE0CB0A93D9FB3263EB6
:10182000189BFE3CE7860A3EBE2D6F3EC140C63E79
:1018300042F1103EEC8801BE58E4B8BDE4BC64BE81
:101840005AC5F8BDD80BA1BD22C7103ED16001BD5D
:101850006A4932BCE144D73D2DD986BD556206BEEA
:10186000846FC13EE30D02BD51BD68BE2438313ED8
:1018700025FE9B3D325FE4BC78044DBE80FDC1BEB9
:10188000238F56BEC5591FBDBDE1913BFE7133BECE
:10189000F9E9C2BDF339A1BD59EE40BE5F68BE3D56
:1018A000B58241BE59EA5E3E65E07CBE4607213EF8
:1018B000E75C38BE532D5EBDAD6A433DC6F4A0BDA6
:1018C000266C0FBE35E1533E2DBC8B3E4ABBCDBDD1
:1018D0004C0E34BD829849BEC9CD1BBD2689483DFA
:1018E000AFB79ABDC6B7B2BC83E5A9BD1026053D0A
:1018F000F26ED73DA6DE2CBDE860843CB72A393EA7
:10190000F6AB283E1DC73FBE6C8AFA3D482D32BE5D
:1019100004F80EBE403707BE6D85093D1811593CCD
:101920007B9A363B7DB0B2BD4413E93D7F2D57BE57
:101930008A616CBE48E9313EC78A433E221FF53DAD
:1019400003E6913DFBBD20BED05C533EC4D6063EAF
:101950005A023ABE9449643E8B0F8BBDFB7E943E87
:10196000665423BE1A6B5E3C1BC47F3EA0FA273E22
:10197000ACD3543ECB99253EE643213D398FBC3D47
:101980006948723E1BAB25BE5B2EFABDD8427FBEB6
:1019900089B1543EA1855D3EC13F4FBD7B6E78BE8F
:1019A00078578F3D087D373E54541EBE7A00CFBD18
:1019B000A8ED313DA860563EEC5E94BE445401BE95
:1019C00075EE57BE68A846BE013532BCC94440BE5C
:1019D0002AB425BE52DC413EEF92953E58EA233EA2
:1019E000D0D8BFBBAAFA3BBE831F88BD15B3DFBDED
:1019F000FE4755BDECDC863EB20210BCFDE463BE82
:101A000070A8083DF8319ABD502A93BDAA268ABC19
:101A1000EDDF9DBDE72E973D1E8038BE40252BBCD7
:101A20003FF7B63DEDC66EBE957F693DD2B6723EBC
:101A300078E305BE8E9F9F3D5ABD663D29FDA7BC3C
:101A4000638401BEC261813D0C7949BDBD35AD3DA8
:101A5000097B17BD6CC34E3EDB4766BE73EB9C3CF7
:101A600005C56F3E96BA76BECDA9E1BCA965123E0A
:101A7000784D4C3E2439E33DAA0DFEBD92850E3EC5
:101A8000207B403E5086B0BDE384163E5866F3BDD1
:101A9000AC9759BD9C63E7BC431D0CBE93CA80BD87
:101AA000E7A44A3D66B866BEE6E813BD25C8003E19
:101AB000327BC5BD9EE8303D7B3EDD3D3980543DE7
:101AC000E3AF593EF12A59BD3E92D13D7247A43E43
:101AD00037F521BEBA7678BDDC9C62BE26932EBC5B
:101AE0001111373E177738BE4725743EC72D26BEE5
:101AF0003396BD3DDA0732BEC9D4C73C35D144BDAB
:101B0000F434113EDA6B28BE60631BBDA175003E44
:101B1000D529C6BDBEB55B3EF83DD13B9B32F1BD7C
:101B20004DA11E3ED37698BE2C22F4BC004E4BBE77
:101B300092B1C73B6AC539BED36E603EB12996BE2D
:101B4000DAFFF7BDF905A93E12C290BE34DD54BEDE
:101B500075D6733E2DCB5C3E007AE83DC2FFC1BC1A
:101B6000CC5926BEA6DF6EBE953B7F3D1F69BCBB30
:101B700090C9573E2CC286BDB094513CF21299BD1B
:101B8000B52FF6BD60E25F3E4CC6623D4C04A23DFF
:101B9000317327BE7C26E13DC885943ECE421BBEF4
:101BA00059C7853E73B5C2BC0412D6395B77723D06
:101BB0008498263ED1C536BE58536B3EA116D4BD7F
:101BC000261BAA3D3836703E774C12BE46382C3E56
:101BD0003A95F43D03FCBE3DC60910BE403C153E9F
:101BE0006536F3BD9D50193E15900F3E4977193E5D
:101BF00095D6173EA2A38A3E1B7460BEDA8506BE48
:101C00008DDE863D8413CC3D281BD53DC83C0EBEE1
:101C10008412CB3D151464BEA2B7433DA8C7323D24
:101C2000D40C423CE9FA483EF071B93D4E57753D3F
:101C30007BCD683EFCE827BEEC4E64BE52B8823EC7
:101C4000285E503E1FFA43BE75E639BED15173BEC1
:101C5000D4EBC7BDEFAA1FBEB1271FBE1EBC91BEED
:101C6000DCFE2FBCDA7924BD52889EBDA8275BBC60
:101C7000439FB7BDF86912BEECDA4BBEC1F08D3B95
:101C80009B78B73DE942413E838D6B3E3CFC82BC74
:101C9000A540A5BD3696A93A86674F3E8D740ABD0C
:101CA00082D4293EA5500EBE18C4B3BC886AF03D4C
:101CB00050AEB6BD3A16433E1D965A3E69A6303D1B
:101CC0008509E3BB442341BED403D63DCAA3ED3D01
:101CD0004998A53C6097823E8C0589BECDDBEE3DE0
:101CE000F6F637BE7187453EC8EF983D2CA217BD6A
:101CF00092DD91BE9D910ABE9BA112BE1374803DE0
:101D0000FD34D8BC49E40C3EBD5E333D0F6718BEC0
:101D100099DA0E3EADE2923D73F1E83DC900103E06
:101D2000173A263D5B63623B0D1F9C3C7984063E5F
:101D3000DAF3883D8C41583E8C5C063EE408E6BAF6
:101D40000716323DB252143E196AD8BD449C73BE88
:101D500034901F3E86F15C3E720D2ABE868F943D04
:101D6000CE4D7A3E50F873BCF52B893C39A8AABDFC
:101D70009ADC9BBD1008623DA5A93E3D9999A6BC81
:101D8000FE4840BD67A9A0BC1C35893EE5F4263D50
:101D9000826DE73DD09916BE469F003B7FEB27BE84
:101DA000860469BEE71D1ABDE428333EEE3FB73D09
:101DB00041341FBEC122643EE8D223BEAACBFDBB84
:101DC00033C204BE1328903DD669F6BDDA986EBEC4
:101DD000B51FF6BD0CDAE23D00348CBD7FD6163E51
:101DE0008000FF3D59B6873E34B53B3BA59A5BBEAC
:101DF0007DC93F3D85372FBE4F5FF23DBE41FD3C63
:101E0000ABDDBBBDA0190E3E7322653EB7610D3C34
:101E1000943133BEAA262FBEAD6829BE4D6A893CD7
:101E2000B75501BDA0577C3EEE33073CC83208BE13
:101E3000FC9BAF3EE855F6BD44B2C53C88D870BEA9
:101E400018AE693D2EBEF03D9CFBA43E50D853BE5B
:101E50000A2A063EC8E390BE1BF1C9BDBBA59A3D48
:101E60003E1E343EB2CC5C3DDF52A3BDB03C79BDDA
:101E70008D947C3E02C627BEBC6C41BD3450C6BDAD
:101E80004B6370BD4BA93A3E2FC040BDEC1C873E52
:101E90003D403E3E436D503EBB203C3E99E98DBEE9
:101EA000FC02D2BD614A88BEC0588D3E114CEB3D4C
:101EB000918401BE7E525D3DEAF06BBEEA8B69BE45
:101EC000D348933DC7756FBE9FDE8ABE11959EBDF8
:101ED000CB769DBD67C12C3E7C8F89BEA4CC35BE20
:101EE0003C48343D7574A2BE74DF11BE9ED023BD44
:101EF000D93271BC2A908F3EC20E89BEDD5755BEC5
:101F0000812F7F3ED6C84EBD5824983D168423BEEF
:101F10001A5A02BE927B783EA3EB77BEDC2A4DBEF6
:101F2000474ADFBD94428FBD5011C93BE8C3643EB0
:101F3000D6DE8EBC55C7703E172363BEC469613DB3
:101F4000B16791BE6E1A1DBEE43CE8BC2EF62CBEF5
:101F5000EE8AA2BD9F6D363D31AFE93D462EA8BE4B
:101F6000B2616FBE0648AA3E0C98E2BD0BC7D1BC59
:101F70005761E0BD12CC333DBCE71D3E83B6503DFA
:101F8000048F40BEA4B481BD2F6D07BE0AA4593C86
:101F9000691151BE0C6B353ECE901CBEC75CCF3B69
:101FA00082D423BD987569BDD83B0BBE38BA2FBE0D
:101FB00001CC393D4B8A3F3D380A1F3D9FC5DE3D70
:101FC0004C2B1C3CA550A53D9BEFCC3DD9E983BED5
:101FD0003E26DBBE633700BF5A426DBE209F8ABEDD
:101FE000D42485BD6D3A2DBD760E223EAC071A3E37
:101FF000891F84BEF0C61B3C4C9B04BDB8D02B3E51
:10200000A8E709BE6A1E4CBEC39B313E3197843B94
:102010002C4C4A3E90BB603E0FF9813E346E97BD1A
:10202000315ACEBCEEC37F3E2F82D3BBC757B6BD5D
:102030001CCD45BDEADDB13DD6D83C3E06F5613D3F
:10204000A6B32B3E094CA1BD506638BE944E09BEC6
:10205000DA874E3C0749C1BD395E8ABE0A85FCBDA0
:10206000DA1170BE50B0253DCF418B3E08B0193E0D
:10207000B0119EBAA336883E92A568BED4DDA33DBA
:102080004032C9BDA2F3283B2B94893EE6B0DABCAE
:1020900038DCE13DF0EF0BBE49140DBE544B673DFB
:1020A000EDAF613D130D673CC7349F3D898D9ABCF0
:1020B000E564D33D77DE0BBDF2D91E3D2B14263EE1
:1020C0001410713D712D0E3C9BF99B3D6AE4523E0C
:1020D000BD8A6A3EC24DD6BD095772BE77CB5E3E01
:1020E00025BE7F3E0F2A6DBE8A5E05BD8911393D32
:1020F00055E542BEE1C2D4BD69A3E1BD8F8D8D39E6
:102100009FE281BD05B160BE98ACFE3C38CA813DFE
:10211000B8FC1EBD17F537BEB330AABE7C64C7BE7F
:1021200077B0B3BD5496AA3D0AFE81BED1BC403CF7
:102130000ADABBBD7C7DFCBDD97E22BE0545813D52
:10214000D51F633E2B2D06BEF16606BE7AE836BE6D
:10215000749C533E1BD2713D1558B13EFFDB9D3E32
:102160001CBD4E3E03550F3E45EF46BD80EBFD3D89
:10217000A4500C3E0FB142BED31B3D3E49E4D5BB3B
:1021800025DF62BCB601EABC9929F4BC543BD13DC1
:102190003105563EEA66763E088C6EBCBE96003E21
:1021A000FFA3943C33297FBDAFE9E5BDA4CB12BEAC
:1021B00089C23ABE2EF378BCCC3CA1BD9CA7E0BA44
:1021C000DD99F2BDE318AD3D6A469D3E6DEFF9BD68
:1021D000CD6CE4BD6883D93D2A50B13EEAC62CBD22
:1021E000E531063EDADC703DD7DD97BEAF7F3ABE03
:1021F0005DB84EBDA6DFBDBEAC8229BE38D2E93D7A
:10220000554480BE12F9CB3D0A3C12BE03BB053ECD
:1022100083EE893E7E830FBE08A96A3EC4DA163D6E
:102220000FDF713E01D3F7BC32E989BE3886A1BE0B
:102230005E30743E3B0B033EC8EB44BE4251393E18
:10224000B213A5BE768B163EDBADF7BA8DAE05BCDC
:10225000AA28413D0CA838BE36516EBE70475DBEFF
:102260006D9F6F3E7A2D283E3A750ABEBEDCA3BB39
:10227000758D5CBE6779063EDF604C3EF80586BE14
:10228000530B0B3E02BF9EBDCB18ABBDB0133DBE82
:102290003502BB3EB5BA8EBE1775B1BD2915EE3DF0
:1022A00046F45E3E2F2960BE8046D63CA2FF1ABE91
:1022B000B31B28BE00371C3E8EC1783EB50EBD3D17
:1022C0006AD119BEAE96443E1296A43D9397D4BCF3
:1022D000812986BE90B1683CF21C013E9A2C373EA3
:1022E000DB2E1DBE3C5EDFBD2B06EABD7B5F043EE0
:1022F000AE08D23CCFAE87BDA4DEEDBDF4C5623ED4
:10230000C4238A3E299B843E09218D3C2D931FBD09
:102310009C1133BE964380BE04508A3E7EDB443E11
:102320007E8096BD0BBDCEBCEDAFDDBCCC41863D05
:10233000312B5CBED9C4353E805A533ED644CE3D87
:10234000BFE8503E8FA9293EEBD3DCBDC72590BD29
:1023500096FD7B3EB7509BBE1F87D63DA0AC22BDED
:10236000439DB1BD3BD4813DA4E55F3ED0B28C3DE1
:102370007512063E15E46E3E09D9753ED93F71BD12
:10238000FC71E93B636B49BECE217D3DE2E5F0BDCA
:102390005CDBA6BD3A8D543E1DF5B6BD4C9D863E18
:1023A000C15B913D18F2AABC02C2093E4C55933D57
:1023B0006387E7BDA248873ED44DEC3DE0FD51BDAB
:1023C000539420BE97AF2FBE60ABD33DE95947BDB4
:1023D000F737C8BC6E53A83CCEC0763EB7CE44BEDD
:1023E000BCE025BEF5CA47BCEA368EBE928FF9BD69
:1023F000BAE6053E44BE833E812789BE0727263DB7
:102400008F4B8B3EEA830B3E60903FBEB463983D9A
:102410003F3017BEE4B78BBBEB67C1BDF843943DBB
:1024200057AF19BE03D2833EC598E4BC6D6D703EB4
:10243000905E0EBE0F2D123BDAA7713E1EA181BD2C
:10244000992013BE14BF8C3E2C623A3EE076B5BC98
:10245000B74A32BC256D8DBCCF4021BD4BAD043E8B
:10246000BB04EEBDA3F61E3EBC96683ED765043D98
:10247000C12A08BED16452BD87CF773E5F1E133E8E
:10248000B50C77BE741C5C3E9FD6923E31434ABE6B
:102490004FB5863D5BA0353EEAF057BEA336DBBDA7
:1024A0004A26BEBB617D813D3D1F403D4A02693DDC
:1024B00029FF453D8891DD3D306DE63C1CBF5C3E0B
:1024C000ED184D3E139AB6BCDA02E23DF538473EB0
:1024D000872328BE2D1C093E05C89ABE88C82BBE7E
:1024E0009CE8503E8737083EEB667FBDC9F503BECA
:1024F0002F8C9E3DB74E7A3EC048CB3DA5B41FBD44
:102500001C62283EE5994FBE557D8ABD6867F0BDC7
:102510001964923D478F9F3D91828C3EA057AFBD7D
:10252000B7A1633E9E5782BE2A59933EA6C661BD9F
:10253000171897BED7851B3E6DC6213E4E5D0A3EDD
:10254000786456BEC782F33D12A0A53B920DC23CF3
:102550001B1455BE5C3D883D7F98E23D90905E3EE9
:102560008E40C1BD3DBE00BE4E5601BEC3EC003E16
:102570002008133B985797BD6E1D183C713B3EBE1B
:10258000136F64BD5EF5343E478A193ECD3D063E6D
:10259000E6FDE03D0F0A3A3E010A4B3CFBB1003E2E
:1025A000E66FA3BE64413CBCB9C11D3D13B2E53D1D
:1025B00035D9463E4416CB3DDBCA77BD69FBDFBD4E
:1025C000DCB4EBBD1126D8BD1BF8E0BDE351AABEBB
:1025D000D0AC18BE113A85BECA79463C0FDA1ABE95
:1025E0006BC4403D0C78A4BDCC56723CBB2DBBBC2B
:1025F0008EE069BE96DF513D75544DBE6D0A033EB7
:10260000A2BD5F3E05D754BE39F660BE4E8149BEBD
:102610005524283D1151AF3E99ACE6BD25A6883E14
:10262000FC345E3E962D8C3EE29036BE461ABA3D94
:10263000385F81BD91C1123EFE8FDF3EB9882EBE4C
:102640007220F5BD928568BE2EFBEC3C0F5A633DAF
:1026500038322CBD69DF273E7222F1BCA3EFFA3C71
:102660008335B43D4DE233BE2440EDBD196505BE52
:10267000F8DF52BC3D4E48BD6BFF633E898530BEDE
:10268000E8608F3DE38A0EBE9EC218BEA6FF0ABE5A
:10269000603067BE488E293E5AFE973DBAFBA53D85
:1026A0000172583EE21E353EAE18CC3D6C376B3E93
:1026B000D3CE463DDFA105BDBDD3D53D5EC4303E82
:1026C0001A5F3CBE238AC0BD0354B53DE49E4A3E1A
:1026D000EE52EFBD0F219C3D7EE7993C60C82E3D38
:1026E000C920013EE2C88FBECE56283E362CD43DCE
:1026F0007095363DC7F4BF3DE2AF833D42DBD6BAAD
:1027000095EA743E1F7715BEA87651BEC346B73C06
:10271000965235BEC0EB253E797DAB3DA03E983C40
:10272000248A57BEA2A541BE2108743EF80D343E4E
:10273000C9EBA9BDD51E203EAEAF303EE339B93B53
:10274000A390243DD1C024BE402EBB3DD9E3D43D4F
:10275000AEFE8A3E19C5ADBD95CB5F3E427669BEE1
:10276000CC322F3ECB418BBD73E6A53C969F023EFB
:1027700002412FBEA71F3F3E9E1E3CBEAC5E5FBE09
:10278000F53F3CBE160683BD594A6BBD029C6F3AAD
:102790007DDD1A3E9204293EC33C12BDA4973FBC86
:1027A000444B193E8A705ABED7203BBDD73D00BE70
:1027B0005098F93DB66FB23DEE3A4BBD2A8E28BE19
:1027C0002403C53D4B1AF2BCC6B90E3E368399BEF2
:1027D000EC270F3C68FFE3BDB986423EBBF5043EE3
:1027E000F46F7A3DED7E5A3DE265FEBC974AC6BC69
:1027F000802B233E9D7A43BDC12802BE86576F3E83
:102800001351D1BCEF0B59BEE29F7BBE5E6FDB3C28
:1028100001C621BDD6D6E4BDD907D9BD0F5834BDF8
:102820007F69ECBD753A67BD0E84ADBCB4D696BE6B
:10283000F1FBB33D209C133E0EF75F3E223F0CBEE2
:10284000C2CB9DBC647E833D5149D4BCBF61133C67
:102850005457AABD74B084BD6A5484BE78FD56BE78
:102860002424863EF5E3A53EDBEDA9BD9CD40DBD39
:10287000C99352BD585DB1BE98E2353EBC67F2BD0A
:10288000D64A26BE6921C9BA9C2A093E225C96BE58
:10289000CCE1D83DCEEE373E480F6EBE1D5978BD17
:1028A0004EF369BE0F505CBE291480BEF66F253C06
:1028B000818B893E72B2D5BD8A7BF43DCA6F133ECF
:1028C000AD1A883EA92C553E5AC762BE28A5013EC6
:1028D00052CA8B3EB4DCE9BD5FAEDCBD3CC9B3BCC3
:1028E000179812BDDCB6B3BEE469E73D2B78BC3C5B
:1028F000357D97BD552C2BBDE79B8B3D3E3C67BE80
:10290000179A013E05D9083E11E1A8BD03A546BEB0
:102910009837BB3C77CD983EB0DDE1BDBD1E113E82
:10292000C6E3593EF63C8F3E6F5B35BE804E843E1B
:102930009677F3BB502FCABD76D3EDBD7DE51EBEA5
:10294000AC07E13D822B4D3E2F580C3E859C4FBE7F
:102950006970C2BC05D46DBE9CB84F3E7697A93D48
:1029600004D48AB8E6C1373ED1B6C0BD1BD0193EEB
:10297000EA24DF3C5DE4583CE4E10ABEB2A7C43B74
:10298000DFE7C4BD7E49833DDCAB1DBEE6B10A3D39
:102990004B7CBA3E2DE06ABD17A7FBBCEE0011BE12
:1029A0002BBC48BD161E093D9620453E786343BEAC
:1029B000DC0523BD93B41F3EE24C563D3D5F17BE80
:1029C0002BB834BC321FA83D1B70AEBDD1422ABD0E
:1029D0002F171F3DFFFE19BD4FA2A1BD272C743E2E
:1029E000F21DE63DCC4724BE3D706E3DF8C5CBBD23
:1029F000E90B55BE9D57E9BD3DCDE2BC481755BD1D
:102A00001A2D35BB49B24ABEAC2CA0BD7325383E49
:102A1000D7CA0EBE3E454DBD26155C3E2237803ED0
:102A20004BA8BF3E037B383E5F5C6EBCD322443D67
:102A3000FA74CC3D50AC193E1D7F22BE98D942BEDF
:102A4000FA8F453E43AF41BEB49180BE1DCB84BEDC
:102A5000A9191DBE7E0145BECE7A02BC61525C3E04
:102A6000D1A8083EC8ED663E726707BE278AD8BD6A
:102A700056DBD0BD5D9D48BEA246A3BD7BCDA5BBA8
:102A8000E85C263E92E2423EA0C3513C3391BBBC7F
:102A900083901CBEEA91D53D29812CBE9D8C4F3E72
:102AA000A9F7F43D4864613E011B76BE7EF84C3CBC
:102AB00059CFA8BD029B4E3EC733AF3D7284E83D5F
:102AC00029B8303E9C22103C582D88BE40768FBDE0
:102AD000A1DD85BD13026D3D7D1048BE18ECC33DE0
:102AE000570F82BE46109F3D4634153E3B2927BEF8
:102AF0005F8CA13D574245BE2987723E212B4E3E39
:102B000028CFD4BDF4E4FEBD7186873D189D24BE58
:102B1000119CFCBB1F99E6BD1C81B73C2638BD3C0F
:102B200027DBEF3DA4F8D9BD77D608BCC6719CBDA4
:102B30001D7FF2BD696B863DDE8080BE6C1E293E26
:102B40000A39883DD90BC33DC2243BBD1E0F1D3D34
:102B5000A6731FBD96F78FBE6C43BBBD690877BED9
:102B6000468F8EBE16F02ABD24BA27BE8B045FBDE9
:102B7000B655883DF7D48F3DA4A41F3E08F04C3ACB
:102B8000855580BEBBF5563B58C45D3E2631883E18
:102B900044CB24BE4584123EF779F03CD0A758BE02
:102BA0009EDB0CBE94DD3D3E7317133EFEC4093D13
:102BB00067BB04BB5FB6B9BD8EFB96BC84BBF0BDE2
:102BC000AFE24FBE78149D3D684856BDAB5011BC76
:102BD00039E7173EB3FCF8BD7414DE3DD47875BCFC
:102BE000216E163D981C9CBD2D9C953AAB11B73DAE
:102BF00008CE44BD3D48A7BDFE37773E50027CB8A5
:102C00003C288F3E9E792D3EF8CD2E3EBD08223DBC
:102C100070BC95BDA999DF3D17F68CBA1E01EC3C3E
:102C2000180401BEA288683EC0D84ABE310328BC41
:102C3000155D243EF5DC59BE03745F3ECE73B6BD10
:102C40002F0D12BE252F843D539395BEDE898B3DFB
:102C5000635F603E09A313BD8EC92ABEE76946BE05
:102C600060790E3D52BDAD3D3AE079BD5B77D5BC94
:102C7000F374C8BDDAB899BDEA8804BE7945983CBA
:102C80007112BA3E7C5F7C3C2F7D823CF922C83CAD
:102C9000AF51333D0EA1CABC08DD083B30C735B883
:102CA000801C6EBC669018BCE7EC4CBCCEF486BCB5
:102CB000F41E9C3C0FBA08BC5C1384BC76D201BCE9
:102CC00001788CBCB78590BCD7EE0B3DFC416A3CCB
:102CD0007F582E3E0B11CE3D32009B3D35206F3D7F
:102CE000112CCB3C05A38D3D20CB423D894365BCD7
:102CF000ECDE4B3C8A19FCBB60513BBD373D103CC0
:102D0000813A423DEF8700B8C271D83C99AA3BBCDA
:102D10000CB01C3CFC5AD13D9D48B83CC7BE603D40
:102D20001ED964BBBE9E6F3B2966803C3ABFEF3C18
:102D30007481883DE8E94F3C71139EBC175F4EBC1F
:102D40003CC7A43C962D363C6F15AA3CB6E5CBBCDF
:102D5000C374793DA7B2E13B2F58623DDAFF8DBBCA
:102D6000F3F8CE3D0190353DF33390BCA6D4C33C7F
:102D7000C072343DF88D1ABD1427933C78D1A5BCA0
:102D8000A6117D3DA7701C3E1A5E2EBE5CB57E3E30
:102D9000923727BE00EF253EDF360CBE7C75923C95
:102DA000384EA4BDDEE847BDC77BF93D95262FBE52
:102DB000C999A2BD766414BE8056653E55089C3DF7
:102DC00036D556BE93200DBE5A06663E954421BEAA
:102DD00021301EBE92B3A23D1DA7C0BD0A2309BF6C
:102DE0007694253E98A2C23EDA86343DF4F584BD41
:102DF0003BA2443ECD2768BE15E39ABA5F83583E96
:102E0000EF447FBEF6326F3E59F32D3EF29E663C94
:102E100022B2403E70632ABE94BBC23B2E343B3E7E
:102E2000F04A5BBD1E3D3A3E68641C3E2195513E12
:102E3000B71633BE345411BECCCDFCBD26D1893C6F
:102E40001A95B5BDD97F46BDDB90B5BDBFC996BC4F
:102E50001C4362BE353C433E610513BE6880DDBD48
:102E600022E8F83DE0FBDA3A26D3733E327859BDCA
:102E7000A377C1BDA92B003C40B37DBCD4FF4ABEA3
:102E80004B8D543D13E68F3D7853F63DE48D7EBE69
:102E9000C70F80BD94075C3E325449BE48FC51BE0A
:102EA000813176BE6DD725BE5E8E3E3D600A7C3D8B
:102EB000E7D288BD7350163ED293DFBDFCBAA5BDE4
:102EC0009A15223E4C519B3A1437F83DDDCB08BE93
:102ED00037FA0D3E718A01BE7B4945BE9C603FBEFC
:102EE00086A620BEB745D43D6C57093EF3D045BEFB
:102EF0000ACB033DC45CF53D0206F83CC05478BEE5
:102F00003645253E45B8C2BD9932973E3C18903DA6
:102F10009F12A43DB4CCD93C859373BD4E67063D4A
:102F2000712D86BD21A59C3DA9DC15BE29D4FABD15
:102F3000BC70C33D133B813C46892F3CEAB051BE77
:102F400029553BBED5A5A9BCFA54563EAD7F123ECD
:102F5000CB989D3D79CB553E6B1B0C3ECAA1E4BD81
:102F60008DFF87BEDC3404BE478610BED240E03DF4
:102F7000F834103EF3C82EBE2C4BAF3BD9DA42BE1C
:102F800034D53E3C2F55A7BD5FE0553ECA8F06BBEA
:102F900002AAAF3D22AC69BDF4011E3ED159B4BBBB
:102FA0001DC353BED30EDC3C6C7075BE19ED46BE1E
:102FB000E95DC33D1F834ABD9D98CA3D1A0A953CF1
:102FC00005804FBE09D799BDDA9828BBF1341F3D63
:102FD00075150D3E04397F3DAB262D3D334753BE5D
:102FE0005A07EE3D1BBC60BDE09BEE3BA89F27BD92
:102FF0003C0CE2BC618D0C3D5451503E745B1CBDD9
:103000002E06873DCC4A37BC934E6ABE43D4363E2B
:1030100001D3513EA2DFCCBDDB2F413E2E7B62BDF2
:10302000E5204B3E45204E3E3238EDBD81428F3D7E
:10303000908C15BD94CD793D35B88A3D204BBEBDF1
:10304000EB66253E136D7C3E9AEC6ABC46369EBD0F
:10305000A2F200BEB83F583E45549E3DB4904E3D4E
:10306000A831C93BF0400BBE4C4D943D367FE4BDCA
:103070008BFF0F3D9A4BA0BAE24524BE2EEB62BDFA
:103080000269023EB0D0783D7DDC2DBE9C4287BEF9
:103090009531B4BEBA0237BE816D2ABEB2F64C3E3F
:1030A000E8E278BE9E130FBE22C2E93D12BF373D53
:1030B000B67F133E7726373EA70792BD1F4F0FBE40
:1030C000D874B63D521D323EB6BD153E8D5F90BDE3
:1030D00035D4E4BC6C72C43D244FA1BEBB0005BF17
:1030E000A291B4BC604D1ABE5089C2BD831B333E51
:1030F0009A17A2BC0D7D02BE742F3A3E2B84673C0A
:1031000003ADA43D90B462BC92B6A53E987D72BC5E
:10311000B923F4BCA132D5BB4D9E68BE8BFF0DBE5A
:10312000805C50BD8E961D3DE6CC623E51526B3D9B
:10313000E462B7BDCFA9A63DF5E790BDCCDC123B5C
:1031400061B7583E5C62ADBD545A5BBDA370673E2B
:10315000A70392BEC702483BC72F8FBEB334CEBB76
:103160000FED673EFBD6A2BEEF5F4F3E0B5C8DBD01
:1031700040D98BBD6DE2E1BDDBDA083D5D7A6E3E84
:10318000F5047ABEC048B0BCA8CF1DBE9550173E0E
:1031900086F431BE3E14883EC839C33E3B8A173E92
:1031A000897E5CBEBC58093EF8A980BEA2E9BCBDC0
:1031B000CBB0ADBDC77FDE3D80001F3E03E199BDB2
:1031C000098CA03D785E88BE5659F5BD504BA6BD12
:1031D000B99183BC50E5753D91C6393E61904B3E37
:1031E0003D263B3E976BEABDDE2770BD6CEB053E8E
:1031F000C41C21BEEA7CCABD9A304F3EA441A73D03
:103200009B2580BE4B3118BC46C0323EB5474DBEF3
:1032100050FE123EEB9CCD3DFA7E4CBEB02F63BDFE
:10322000256E9B3CB2E9E53AAD44C1BEF092603EEA
:103230002E90BA3D63F421BC31540DBE89955EBE1B
:1032400066D24DBBD2BE4C3EF0ED78BE3F1BDC3D9E
:10325000BD10B1BE41C228BEF7682B3E2373D0BD5E
:10326000638B04BE1A14F4BD3F95713EFC55103EAD
:103270000E98A33D3A8CF53CF807FFBD3F417F3DDA
:10328000801AE73DD9479C3DE01B513EA891DF3DA8
:10329000780939BEAB4517BEE8FD903CB20B90BD36
:1032A00044168CBE3C1E6FBE6A9BEEBDF7B6043E54
:1032B00086CE71BE05E65C3E5DE7E93DCC0668BEA4
:1032C00051E6663EE13620BD2E6DB03D108134BE24
:1032D0004696343EBD8F4BBEA6527BBE80CB7DBE94
:1032E00041DC363DC8D619BD8E1193BD834280BDE9
:1032F000ADFAC0BDEB180D3E6B3F96BD78868D3C98
:10330000D944823C823B87BE75A30A3EDC4D5CBD3E
:103310005082AABD5CC3653E30A57BBE068722BE37
:10332000A3A26CBEF56B593E251F39BD833D0C3DF4
:10333000280FC8BD264168BD9CA903BD3E0520BD20
:1033400049B9293E025640BE6A7822BE4602223E54
:103350006210FE3BDE0520BE88198EBEE5EF20BE62
:10336000980A4F3E2B77F4BC4BE9F03E9081343EF7
:10337000EE0D1EBE71FA5B3E687D3B3E0054293E59
:10338000484128BEF9132C3EE34C68BEEB078F3C46
:10339000C9EB803CC545563E34EABFBDFF4323BE62
:1033A000BDDE803DE827D9BD1DDBF8BDC5ED09BEFA
:1033B000FCE91FBD6A906A3E22B265BE9F8709BEC6
:1033C00056C25E3E9FAA2DBE611A623C1C259BBC64
:1033D00052FB9CBEDBEB763E213B9DBDE11016BC53
:1033E000993E74BEDA2A923E40070DBE5F10493DF9
:1033F000445B533E201E4F3E0BDBAC3EB1AB11BED7
:10340000682608BD00D81EBDA3F20DBE17ED4F3EC5
:10341000C8925ABEAF3396BE51EB403DB49EAB3D11
:103420003A47443E0482003B8DC9403EAE27093DE9
:10343000DE5A80BD82EA55BE48BA15BED3D3013EDE
:103440008874203E905788BBFCF9A7BD026B093EEB
:10345000877EBBBEEEE6243EC2BB8C3DB31CC23DA4
:10346000F1254E3EBD258A3E3E96B03B6CF3C33BF4
:1034700041CD0A3EAD2B333E2081323E20EF773ED8
:10348000FE725B3E3D09D23DE0D8563E8FE463BEFE
:10349000D9676E3E73DD773E923A263E6694E6BD6E
:1034A000A998F4BB9CB1223E051710BE154006BE7C
:1034B000C38776BE570903BE8971F7BD497205BD42
:1034C00063F1823C1D231EBEA72FA7BDAC8A383EE8
:1034D000541B943E231F87BCC8A700BEF2AF093E11
:1034E000833D58BEB70FC4BC5538A8BC85603D3E6F
:1034F000317C323ECAD1EB3DBBD41CBED18F4D3E98
:103500006C6D933E950B283E4729B83DD4E9403E6B
:10351000503DEB3D5F6322BDBA7845BDE3A517BDC5
:10352000A3AD323E2D57593C56BF92BD3BA1013D44
:10353000DBC8CE3D6F5B973EB88C88BE17FD44BE9E
:10354000CF8B50BEFA93133E5015AE3CC63D263D80
:10355000634C07BEF806D13B68D077BD89EFDB3DF1
:10356000825610BD300E093E88C37D3E90722BBD41
:103570008334CC3D63789ABC604F693EED4859BEB8
:103580007F5D1F3DF93C213E41A1923DBBFE633B67
:10359000FCD43FBA261C4B3EDEAE073E77AF23BEBF
:1035A0003764073E25A1643ECE034DBC1C5D373D0C
:1035B000C013E03DF2364DBE508A603E14E41ABDA1
:1035C000948C32BE1911BD3CE86D4A3E77F898BB29
:1035D000868C093EE7D5CEBDD2E47FBE878958BE32
:1035E0006029873E364704BE3B54C8BDD9B0793EFA
:1035F000106643BD8F71D33D0B15793EF39FD23DCD
:10360000002D88BEF7D7C43DD5A457BEF3AA1CBE73
:10361000CFBF2C3EBEDCADBD05E517BE9AC0213C38
:10362000FD6556BE964519BEE4D414BE2422CE3C98
:103630001BA2783D7605B2BEEEA550BE8464D1BC17
:103640005FF4673E99A38ABDDCD765BEEB110A3EE5
:103650002EBD943D7A6C44BD2D3CE8BD537B7E3D30
:10366000CA25993E9CCB103E6D9D0EBB45F303BE13
:10367000A2B6383D5EA7F83C0076E33D17F5FD3D68
:10368000AF208A3D9B2D96BED13E7CBE9E99713E59
:10369000EE39093ECCB351BDFD743EBE4B9A183E87
:1036A0003DBA9B3E683D573B8224E4BD31043A3E1F
:1036B00074662F3EF160C73DA905243E09204ABD2E
:1036C000B6C0523E7EDF0EBE62F57FBEA06A12BD5E
:1036D0005A93E73D682CD0BBC4CC603D07C723BEDE
:1036E000FE6015BEB88E1B3E1721CA3CBB7989BE51
:1036F0005C3B303D62E1423EE909A33D15A7663ED1
:103700003C5CA63E3FB7DDBD60A64A3E5F83DBBDA5
:10371000A19D26BE734F6E3D7480853D0243A9BDB9
:10372000786789BD4E663FBE8033E2BDBC6B1BBE71
:10373000AAAC9BBE533E193E39FE113D814A91BE53
:10374000AE08EA3DACFB533DE61C833EE38325BE59
:103750002BCA603EA6585E3EBFB1143E0AACCCBD3B
:10376000541F2A3E7F11DC3EC25D733E9A73BA3D00
:10377000FDB2043ED1082CBE0992723ED777D43CEC
:10378000F9F4EFBD7337D63D22F1DB3D9D9AB63D8E
:10379000A35D83BEFDA65F3EE506E43DC9C1F43DE1
:1037A00034AFF5BD5297E33DCF0DBABD61E51D3E87
:1037B00030AF5D3C11E917BE36BF07BE91B7B0BB55
:1037C000A369B0BC8D779BBCA77B86BD2EF0853EE0
:1037D00057C61FBEA3BE54BE671E50BEA0D82A3D0A
:1037E0006301BBBBCCCEADBA5C4B07BE9680563DE9
:1037F000D75FF83DF27E533EBC58AD3DF68F563E46
:10380000B00028BDA15E73BD4A86B7BC7F5AE1BC3B
:10381000EB9C353E738A373D7361973DF691333E9D
:10382000B635BEBD8E2A553E94E50FBEC0F5683E46
:10383000293ECABDD2C1FE3D223B2EBE4DAA5ABE74
:10384000ED67273E0F18C33DEB541BBE380B4CBC35
:10385000E5E7223C128E43BEC0405B3E5797943C46
:10386000D123D03E786B61BE0F424D3D83D75D3E84
:10387000C12EC33D9BEF14BDDF53D43D1AB4D83DD8
:1038800099801FBE50CEB7BD1714F33DB749F43C25
:103890000EC39D3D775F8EBC7373C2BC6FF1D6BD06
:1038A000311E29BE41B530BDABE81DBE5295D3BD1A
:1038B000052051BA1F3F05BEEDA10F3ED6E5DEBD86
:1038C000D4040ABE14B6FDBDB89462BE5C51583E25
:1038D00066AD633E2B21553EB3FC3ABEC3518B3ED1
:1038E000DD637CBEB69EB2BC6E6D863D76A4343E72
:1038F000D73CD3BD1E5B4DBE3A49A73E3849843EF6
:10390000B16D813E6D8C213E95EF36BE6DA31CBE20
:1039100095D6EABD45A851BE90D032BE1E7FEEBD01
:10392000ED0528BE8218B03CF86680BE3E906A3E27
:10393000B2C7DA3ED02CB13EE7DB713E90C7C13D45
:10394000412D56BE2F2B483E816B84BEB4E6DF3D31
:10395000A2DEC9BE8AE7C63ED62628BE400AF1BD11
:10396000A80B0B3EFFAA9BBD044AA63E6C475ABD5E
:1039700013979EBE33E5C33DE1F0BBBB5B7208BE4F
:10398000952C25BE3F7B273D05EFF93DE0518EBECE
:10399000DC428FBE7D4B103EC04A60BEEB8E62BEE5
:1039A000311327BE87C560BE29D969BD8B9412BD6E
:1039B000D93130BE027345BE590D073E902FD43D1C
:1039C000385CD7BB853CDBBBC625C53D283E3B3EAE
:1039D0002680D5BD0107043DD3F8F43DE6077FBD41
:1039E000BB0268BEF4329EBE71781E3D9320033E3A
:1039F00023D224BEE940803EF47BAD3DC1EDE83DDD
:103A00000CE9363E6EB224BBD52F263E5755B23D4B
:103A1000DE9C2DBD518F183EE646553E9D881E3DCD
:103A2000F8A280BCF8F031BDDD53A83D2321A7BE2C
:103A3000066C533EC6CA24BEB445563ECC3D11BEAC
:103A40007795783E6D40233E8A234EBB9B9C49BEB2
:103A50008ADE653EBA7CD6BC1977403ECFA4913E43
:103A6000AA9833BED75B803D65540DBE428E613E41
:103A700048E2F93D4243B13DE17A123DE956583DF5
:103A80006B4A153ECFD052BE7EBF5C3DA8D31A3DD7
:103A9000F7048A3D01F4B13D472BB43DA1CD2F3D44
:103AA000AFF90F3EA3F735BEDE6F6C3EFEFF263D3D
:103AB000C491CDBDDC69623CE781123DCE59953D94
:103AC00001FE723EABC141BE17B664BEF22D3BBED5
:103AD00044CD91BC0B4252BEA0F7073E1AB997BE27
:103AE0005055EABD59D6233E1ACB4DBE8FD9083E5C
:103AF00010745CBECBDAD53D2CEA973D872C7EBD99
:103B00007C3BE9BB9AC9993D26FB833DF94E8BBAB4
:103B10001D838ABEB27151BC7D157F3EA25460BD2B
:103B200025EA4BBEBCD52A3E4D113BBE651002BEF8
:103B30004664993C24C182BC7B4D0C3E9EF089BDFD
:103B40008170593EFB07763D55F923BDE5E1A33D64
:103B5000B9EADB3DBB71E3BEC1751D3ED76D66BEE4
:103B6000B676B53D252C29BE7726A83DF4F69DBD39
:103B70005890B5BC5ABF03BEB69AAB3D2784E03C13
:103B8000AE0D4D3EEAD6A7BD25A7253EA11AD23DD2
:103B9000BC478BBE072D37BE50896C3D9E82913D40
:103BA0008F85183E5241B73DCAE7C53DD94426BD71
:103BB000CCDD61BEAD880E3E3898E3BD2B37383E74
:103BC000CE6360BED9FF2BBEE098833E51093BBE59
:103BD000FDCA2E3ECAA1383D91EB8DBDFC04553D7A
:103BE000DCA93C3C4221D23D79152FBD0961663EDE
:103BF000ABFFAEBC3DCEDEBD43ED03BEC90A5EBE2B
:103C0000CFFDD4BBA03F533D016B643D860E033E08
:103C10000200A43C1994893D99ED593E478D733EAD
:103C200047C50EBE4572CCBDFD161FBEC28F883D76
:103C300065A8CD3D31876E3EA6D0DB3DFD90433E6D
:103C4000581A4CBD2A1F5D3EB0F344BC2F5D473E61
:103C5000C3D3DABD95E77A3EAB51983E65DA303E84
:103C60008AC99D3E1457A2BB6CBF543EB4EB183DAD
:103C7000FD013FBEFE83203EBF59CCBCFDD414BE27
:103C8000E6575CBC114430BED5595ABE02FB70BE2B
:103C90005E6A7B3DEFB6133EF2DFB7BE90C71B3CBA
:103CA0001E174C3E69C7843D94573DBE3976913E00
:103CB000BABFE23E9E8955BE26EB29BECF4B203EC1
:103CC000A18E213B5B4BEC3D1CE02BBE16CF243E6E
:103CD000AF6E93BE83F138BE56F681BE51C95B3BD1
:103CE000891F8EBE7F383C3E2E92F63EE29B2CBE54
:103CF000432FADBC8781063E93CB123E8959843B4E
:103D000097089EBDFD2A68BC261D083E21BF933D35
:103D100080CC1FBD93ABFDBD8EA793BDBA3C823B4B
:103D2000B7EF51BE90A5D43DE762AFBD5531053E1A
:103D30005B1F4CBCF84F233E1DCF58BE970BB5BD43
:103D4000E74720BE055E733E0B6A00BE1AC7D3BDAF
:103D50007974A53CB0FE69BEB9FAFDBE442B57BECE
:103D6000D2A6903EE36BAEBDB18238BEAA6293BECE
:103D7000D317C33D5B1E643E939D0D3E85BCC43D81
:103D800051A1143E9CE1203E633C58BE5E45C73DB8
:103D90001411593C21A888BEBA9CB7BDC79ABEBDB4
:103DA000E52F88BD6EA3143E2C8C6FBE5C3553BED0
:103DB000F207453B3E2D38BE07AA93BD00731DBEDA
:103DC000216BE0BD85A3673DAFB1C43D3A4785BED9
:103DD000FB116BBD3242573EA82286BE5A00373DCA
:103DE0006B2E7DBE51E825BE5CCA253E761D803B0C
:103DF000609A4B3D8C2359BD08F0C23D915E20BEB8
:103E0000191A0EBE9511A3BDB1F7463EAF6A4BBE5F
:103E100029361EBECC3878BE4E65FCBDDD9A91BEFB
:103E200002DF2BBE7917F63D2BD95C3E93F62E3E72
:103E3000ADE9A13D9F8F0F3EACD2CD3D5964AD3D64
:103E40002E40043E3716CD3D7D4803BE05D22A3EA6
:103E50007AE86EBD69876C3D00CD86BE155915BEEA
:103E60000D0B013D0F81B3BDCEB5673E2F9C0E3EBD
:103E7000FAD8273E08E455BDC5A94ABE1FB5413D45
:103E800004F65CBEEA7D3B3E04254DBDCE42433E7A
:103E9000C83A5E3D619B2E3E5743BF3DC225AF3DB4
:103EA0007B05A53D94F756BE908506BE8DE74B3E3B
:103EB0008681EBBD7D73873ECE5D25BE7C2E033EA5
:103EC0007CA9A23B0C6EC63C3D4CC93D881B4BBD3A
:103ED000803341BCE2C5DCBD2D66083EFB55403E4B
:103EE00092011BBEC287513E42C9983E5F4FC2BD80
:103EF0006F001FBEFF3C353DF9C0ECBBA8824F3EB2
:103F0000F91D063EDD45853C91A80C3D0F86E0BDC0
:103F1000ABA30CBECC96DCBD17C4233D79D1483E83
:103F2000EFDF513EB41DB23DA1F2E13D017A1F3EEB
:103F300061409BBC064E06BE6E4016BEBE15B1BDAE
:103F40007EF11DBE7912F73D40E5853B56F885BBF5
:103F5000E2C9313D7E1256BEDE3B063E5C1C71BEA0
:103F6000EF3BB33D0A8906BE166099BE8ECA25BBDB
:103F70001A538DBE66440CBE3A2C693EDB88493E1E
:103F8000E293A13EFDA24EBC0BE9F43DCF73533D3D
:103F9000F03FF63C234B7B3DFB167CBEBA16903DB2
:103FA0005292CFBCCB0C703E4F80CD3D2EFE853D56
:103FB000E286803E3AA6B4BD4277FBBDBEE68D3DAB
:103FC000509F373E7BD0123E37CB143E18C52C3E57
:103FD000E46F763E13534A3E075DC1BCF7DF633E94
:103FE0008D2400BD54DC85BE6D1326BE9EDF57BEFA
:103FF000DE239C3E049725BEC4B13BBD6AA1A0BD93
:10400000D518BE3D8C54F83A4C2C153E5CD1213D60
:10401000114C803D373A883E9BADB93DF2321A3D96
:10402000F3A6B03DECA2433DDB1442BD533E9C3EA3
:10403000A63651BD6F76C73CF06989BE36B220BE48
:104040005FD2A2BDB0C9AA3E5BF35E3CAA0E6B3E36
:10405000AF292C3E4D192FBE22FFC13D4537DD3D16
:10406000B037A1BE2123D7BD47887D3D793D683E4D
:10407000F83A0FBD74C81EBE7A99023AB780373E2F
:1040800099EBC3BDFA7A6F3CD61585BD8EAB6A3EFF
:10409000E6D5B6BE0EE71E3EB352483E201869BCB8
:1040A00040328FBEB52BD1BDB94BB2BD9060C9BBFC
:1040B000B1CA9C3DFAF6363EFB55FA3CE1A6123EEB
:1040C000FB7EFB3D989EE03D487C9E3CC8EBDD3D81
:1040D0008749FD3C3DB3043C33B4C23D5A7D1CBE10
:1040E000C3AB06BE6E9F353D92A5713B69BBC93D12
:1040F000A0F86ABEE267D5BC974323BE4EB25FBE4E
:10410000276F9DBD6C4E8BBD98CA19BE5B3F0F3E9D
:10411000754762BED9327B3D538D7ABD1A6B863DA1
:104120000EB0003C2F25373ECE6D86BEE042E73D07
:10413000916FF7BE3F36BBBEF71261BEAFBE483EC1
:1041400062C864BEE62E41BE1A1A78BE4E55663E5F
:104150000BBA23BD100047BEDCA1403E4C43853C5A
:104160002BC2D13DDAD6533E151CD23DA4BB1ABE9C
:10417000AC21D0BE605D103EEF4E4EBBCD0A2C3D53
:10418000932D853EF478AC3D412E3F3E82AC0D3EF2
:1041900089218D3D1DBEC93D56E157BD319C28BDCD
:1041A0009AF8463EFDEF923EADED343E7157CABDE2
:1041B000264B083E56EC333E37AE80BD2F6D793D21
:1041C00052F0D4BD67D6363CD14D163E30C29D3D2F
:1041D000FB83133EBCDC843DFECE9FBD3E8CC6BD42
:1041E000834D423E52D024BE59C373BE30B04D3DC4
:1041F0004818463D2E42FCBD90326E3E8637C7BB06
:10420000A3BFE43D3FDDB63D417CBFBC15AF963E4C
:1042100092B70BBE597F4A3E0FCED43C818AF13D06
:10422000AE1A97BE360C21BEFD89D73D1D599B3D68
:10423000B3CA37BE2ED868BDCF0CDFBDDE865C3D6D
:104240001916A6BD9D28523D07CF89BE778E493EDF
:1042500081A8193E1E4C7E3E61FA7FBE64FD663E1B
:104260008DE27BBEB418A23E334B99BE8AA6CDBD6B
:104270006960A53E7B94F63D0B407ABEFDDA66BED2
:104280006E658BBDEBCF5E3ED02D65BDFB75A43D4D
:10429000E86C473E4AF6AC3D633A63BD1655CE3DE9
:1042A000E5F917BE2EB8F7BD7D69153EEA80113ECF
:1042B000F5E30D3E19B62B3E4D301E3E3EC899BD6E
:1042C000E6F7653E5D40283DC83443BD337F17BEE9
:1042D000CCC2A23D19C9DDBD62A791BD5CD5813EAE
:1042E000329AA7BDC662B8BC35F0BD3E76EEF73D4A
:1042F0001D9A223D0490813D69487A3E6C45803E7E
:104300009BA393BDDC95FC3D6A2590BD9682803EC3
:1043100035101EBEB7A888BC2175853E910E54BECF
:1043200068C64FBE99FA2BBE78F428BE88B7D63C33
:10433000B9157ABEAE87AA3DCB8E15BEBFAC483E3E
:1043400028A7523EA483803D12CC1B3DF63E2A3C5A
:104350002DBF99BD3784B13D0D252DBE48CA3EBC49
:104360009933A43E2FA73BBE88A089BE5176A23DBB
:10437000E359A4BE978383BDA9CC1F3EB1F35CBEB5
:104380009190BDBDEF3C2DBE4ED9C5BB611C85BE15
:104390005674D03DC4A421BEE494C13D6ED8943D72
:1043A000074E2EBCBDE8553EAE562FBE1D8C0C3EB2
:1043B0007905FB3D4CC3C8BDB56A90BDBE2C693EB6
:1043C000F2D106BEAC05873D91DE80BE068D5ABE99
:1043D000A06632BED33009BDFB47FBBD1D1931BEFF
:1043E0005455C93D121273BD40BD0A3E90C774BDFD
:1043F0006E9934BE7274D43D59AF103E312220BE46
:1044000025C723BE0275B43C0A4A0C3E99994C3E1E
:10441000670980BE03B7A43D1B203EBE790893BD4B
:10442000BBCE833D79C62BBD10327CBE7CB980BE2D
:10443000F875B43D0C7003BEF26394BD1497C93C8B
:10444000476E3DBED9374EBEEDAE903D049EF63D63
:104450005DF9E6BC60A1D33DE1C44ABCCAC84EBD0B
:10446000654D053EB29F65BE89975EBEDA2B95BD50
:104470009CEA953DAFA2443DA25033BDA54483BD07
:10448000F3933DBEF0296EBE7DC545BE2034EA3DA6
:1044900032FDE43C0CFD413EAD730D3E66A029BDEE
:1044A000B271E1BCB498EA3D8D6D73BE9173F2BCFC
:1044B0005917913ECEE2513ED8062F3E251F393E78
:1044C000A09E4F3EB52B5C3D69F7623ED4D5B83D0A
:1044D000185C903D19D71C3D36202DBEF9D2013D08
:1044E0004E7DDE3D9844A5BD2C9848BCC7D0263EE5
:1044F000C87FBE3D8FB46ABE64E664BEE6B408BE43
:10450000AC2D86BEE19852BEDBE5423E70DF7BBD3E
:10451000136A89BDA80DDDBD52C8523C397B273EC8
:10452000678911BE93A830BD2A61403E94F48DBDC9
:104530004D516FBE92F791BE9F3817BE33DC573E88
:10454000DA3497BD56780D3ED7111CBDEEB8A7BE24
:1045500089773B3EA9690E3E6410A2BB2A4517BE6F
:10456000D9E09E3D129286BED598203E9978F33DC3
:104570008C2E10BEEDB99BBE5867E2BDC244393DDA
:104580004B3B6C3EF2D47CBD8C204FBE10244DBD05
:10459000E4E74ABE942F62BDE747443E4CEC693ED7
:1045A0002446FB3D6882333E0D2045BEA05C08BE1C
:1045B0000BB19F3C9C84443ED567443D635F1D3EE8
:1045C00018C0A3BC5B7C403D51FB453DD9E1D43BC9
:1045D0006A0711BED558463D269A19BEE6849C3D11
:1045E00093C85F3E58FC49BEA609103E3D4402BE3A
:1045F000D277983D5BD40D3EC57FD5BC1B1698BDC8
:10460000C43DADBCE1DC3C3EDB804CBE9A37D9BD3D
:10461000551248BE787E223DB734583DB327A03DA1
:10462000D1DBFD3DDE2A1CBC732792BE081B03BBF9
:1046300057A4A33EB8EF913E47B2313EBD26593E46
:10464000AF831EBDB0BB5CBE1652993D80CC74BD1D
:104650004896993E8C4856BE80037FBEB5C0D1BDFA
:10466000138D0DB925B2693EDE4BD83C775B483CD3
:10467000886CD0BDF715EABC792832BEACD23D3E7D
:104680007786E1BD22E8193ED7EF693DB945CB3DBC
:104690008CB741BE81F5953CAEC4803ED31A1E3E18
:1046A000454ECBBD6076903DA652EBBD7945503E60
:1046B00064D5F5BEFD118A3C1CA3433CD92C08BE31
:1046C0006AF4003E5110133E2166A03DC5F94ABE72
:1046D00032B18DBD9B4E23BE378A593DE06C1FBD64
:1046E0009357E6BD3B80703EC24E313ED2133FBE73
:1046F0004193C5BD9FCB02BEAC5384BD051D4FBECB
:104700008E88C2BD4F80D33D98CA4DBEEB07833E15
:10471000D4A912BEECD6FA3D2129063E9323493E88
:10472000B12A173E0CB6643C3173693E7B2DBCBE8A
:104730007E65CCBD48D823BEF76D2C3EB19BB4BD81
:10474000B2A368BE80E588BD62D14C3E197DC8BE6B
:10475000FAE4A03ED264F1BD732C1B3C9DF71BBD57
:1047600012374E3D087721BED1020F3EEB77473E10
:10477000DE2C883D4BEB56BED1EFADBDB46A61BEB9
:10478000AFD0C6BD00DCE13CB07218BEFCF92ABE59
:10479000A0A5983DFC85013E7012A73DF8D39BBDB6
:1047A00098D987BDE81FE5BD90FC423E0050C2BDD0
:1047B0001465393E74DA78BEA009FF3D80059ABDC4
:1047C00018FEF43D989667BE804290BD3091033E3E
:1047D0003808333E6842E53D18D60BBED41F6BBE89
:1047E000F03F09BE48E38EBDA89D803D000C413AD4
:1047F00040C1FEBCD0667CBEB0149C3D78212ABE70
:10480000CCD7743EC053173E008C94BB3C0924BEE9
:104810006CA87FBEC0BC18BEBCC14ABE0092AABD77
:10482000586028BE30CABE3DF84F4DBEC0CA46BC17
:10483000006F5B3DB037B73D88C1FEBD804120BEF3
:10484000F0930C3E00F974BC10BB783D001C853A17
:10485000B4E54DBE388F373E5009A33D80CBE3BD54
:1048600060B693BD90F0903DA459633E409FAF3C2D
:1048700050F363BD20590EBE70C419BE04E91A3E40
:10488000B0C28F3D5360ECBA0502973C1BCD8DBE84
:1048900033E3673EF9980F3E3E07003D979D84BE87
:1048A0000BCCF6BD051F2B3ECDC94DBEB5F0C2BC2D
:1048B000C68B43BE48F417BE95E3993C71E5083EAC
:1048C000B5FC003C2D5C223E678505BE2CBA4BBE74
:1048D000C60935BEFB771E3EC4D95D3DB856ABBD9B
:1048E00014137ABDAF5B90BD27DFACBD80F6F43DFD
:1048F0009802B1BDD43010BE3F2E56BE034E343E9A
:10490000B9D9E53DF0D473BDCC28DB3D588163BCFB
:10491000CECF46BEC0CB5ABB554D513EA9F81EBEA8
:10492000F287093E988ABE3D8029353EED27323E0A
:104930009D7851BBB6150B3D08F8553E5DB80EBECF
:10494000806E00BE184489BC585AB33D1E57483E7D
:10495000900E41BE03400ABE7A46953E285BFB3D61
:10496000DF8550BE16C7153DDDFC9EBD845B57BE7E
:10497000D0A043BD4FCF76BE461F26BE68E9703E2D
:10498000B754A93E0E5B483E68FC56BE1D411FBE93
:10499000F1EF453EB902E73D089B433E8BED293ED2
:1049A000B223C2BC3855C2BDCD0ED53DAD871A3E2F
:1049B0003FB905BEFEC264BE8007B6BD126E5DBEC5
:1049C000AABF143D03A6E43D37DFBBBC578F7DBEB5
:1049D000BD26A13DB69B933DFC4270BE1C9481BE9A
:1049E000B177223E459667BE8D3B9A3CB4982ABE6D
:1049F000B0C41FBE4B403ABEFC9442BE3433003EAE
:104A0000FA2712BC201D003E7811E1BD2C3316BEE2
:104A1000B9CF1DBE0F09E93DA76081BE57982CBDD7
:104A200076FB3B3D7E6657BEAC5AF73D7B4BCCBD1B
:104A3000E68847BD11034B3EA010F9BD0372613EED
:104A400038D9D23DD56199BD5BBB50BEB133573E1D
:104A5000BE9C6F3DBDC031BE2AE76EBEFBDE2D3E63
:104A600028CE2DBE93C4663D395991BDE12BCD3D75
:104A7000E1BCE73D0A4F0FBEBB6C09BE2E6AA43BEA
:104A8000B40A913E3E83D93D0742643E5D6BEFBD63
:104A900031039F3DF2A5653A19B4BABD89CE503EA7
:104AA0001F92FE3DEDE7133E9823C23D4AB46DBE12
:104AB000F456113EBA28C93D9BE07D3EFB3F42BE05
:104AC000925F4EBE1ABDEDBD1A706F3E637A0E3E08
:104AD000624F8A3E6DE8F4BD6BB2953E7D18D9BD3C
:104AE000E52E40BED40A89BEA31A3EBED6686C3EEF
:104AF0009C902EBE8885153EFB57D13D284404BEB0
:104B0000FF346A3E38913DBDBDE23CBE272C603E7D
:104B1000C9FA703C7ACD983D63ACA93DE348F5BB3A
:104B2000424920BEB85F183CB2A483BC8F41ECBBA5
:104B3000EA79ED3DCF19A93D7FB8FEBC0548703D2F
:104B4000A57D25BE499D37BEEC6D633E8F083F3C79
:104B50009249ECBD6754FCBD67EF903D1877A93CC6
:104B6000B1B7F7BD253A10BDFA163E3EE0D0813E02
:104B7000F3D7B5BB9F671DBD430D4D3E15A84C3EF9
:104B8000BE765B3E870C503EB9F00BBEEE13EB3D9C
:104B9000456D943E4F9A01BD13736D3E085620BE7D
:104BA000686C0A3ECA02C93D4F9C30BD4A9289BD1D
:104BB00054154FBE47711CBEC073153E132AF7BB78
:104BC000A4EEEFBD285C8C3DFD1FF73C4273F43D25
:104BD000CA3C0D3E595EE1BE49E55EBEC09F313E16
:104BE000AE86FB3DC08B003E702F4D3E7E59F8BD1A
:104BF0006F29A7BD0DE9593E8A18B73E6BDCB83D59
:104C00009D3500BF10E6A2BBFA70443EAEE4D83D2D
:104C1000114BE5BD84DBB2BEB1C03B3EC79D83BE38
:104C200000C30A3E8FA042BEC0D0FE3D6D8CC0BB0B
:104C300000329F3D4C7608BEB39A10BE08535DBC4F
:104C40005A2AE63D4C01403EFC2575BEBA8F25BD73
:104C5000932239BD30C0223EB3D8863D88D52DBDC4
:104C600056D29B3E274093BEC7B75F3D2FB2053E4D
:104C70001892B1BED78288BC2A03AABDA451EFBD49
:104C800016C8063E7F0D543EDA7D67BE6AF8313C99
:104C9000F4E7603EB67C8A3D7C62ED3B7A2D12BE25
:104CA0000A0AA6BE9C5709BD8DB9F03D2851983D12
:104CB000D8395A3E7A58C8BA5AE4A8BDF269723D4A
:104CC000B58E253D567673BE86F44BBEF519413E32
:104CD00015A78CBDE2159A3D4F66CC3DCE588C3E53
:104CE00039D1B8BD347B0B3DEDE2E13E02C5B93AA6
:104CF00000EE10BE7CB7CEBB30F4DDBBDCF8B6BC3A
:104D0000B212A5BED1346C3E5B70ADBD96DD1B3AD0
:104D1000649A3BBE244720BDE76314BE56A382BEFF
:104D20006DC7363D9733433EB55FFF3DCE3A34BD48
:104D3000331FA9BD37915FBED9A153BE11581D3E87
:104D40004A9585BE155D163DF67EBFBCC49AEDBD85
:104D5000F54B25BE00053E3EAE9208BED090B3BBDB
:104D6000EFCBD03EB87C7CBCDEC2913DEF6F09BE7C
:104D7000D4604B3E9E4AEC3D6CF7E53D34624ABE42
:104D800091CF17BCDEE5913C1E982ABD2D983B3C87
:104D9000CFD617BCA454BB3D0C00C6BB8FDD9B3BDC
:104DA0004992853B87FBD2392F69ACBCA0D54C3CDE
:104DB000B5D8613C79BC9D3BD611A7BC8503AB3C03
:104DC0008D40FEBC052667BC8951443C24AC823D25
:104DD000FF5015BCA49806BCE3D4813C66842DBC6E
:104DE000CC3CA9BBF0C10FBCB14C79BC00000000A9
:104DF0009A0B3EBC69E954BCD454843AFA3C1F3C3B
:104E0000013AF1BCB5C22FBE91277ABEEA5A55BD10
:104E1000D2A3173D1829033DED7A3D3BE0745A3E7D
:104E200052DE723E4A00E53CA890703E2510983E46
:104E3000C3F7A73DAC4BEABD338428BE975B7EBE6B
:104E4000AD8E9BBE3BC6A63EA15B4EBE928E65BE9E
:104E50004EE29DBE3885063E4CA22FBE014403BEE5
:104E6000397B4C3EF11A733DEB0E37BCE029023D15
:104E7000781589BE8F989F3DCB5CD1BC58A6A1BD4B
:104E800076A48B3E244B9C3E8B220EBE80EFB13E1F
:104E9000FEB3C1BD198700BE12B30ABEAF6ED03CCF
:104EA000C40614BD4EDD573E33F9B23D9E4F893ED8
:104EB000C31F7D3EE49FE63CAF8EA3BCCB6F423D5B
:104EC000A472B73E1E69FB3D6C5A323EB036DCBC64
:104ED000357FCB3D1FBE89BE42A8183EFB43143D23
:104EE000E7CDCB3DD12244BE6C574DBE202FD3BD64
:104EF00086C57BBECA4D15BDC14B9C3D8BB1BE3D29
:104F0000C6C7323E9F71B23DBD11603EB72AB2BDE9
:104F10001982EEBC1B14B33EF8E0143EB16B42BEE6
:104F2000947713BEAAD6313E68E01EBDC32282BE6E
:104F3000F4F180BE4B924B3E958280BE71D548BE47
:104F40005F6C193EA8DF61BE6D9E7E3E07E624BE03
:104F5000D7A2F6BDD8ED3ABE5D1F813E2D5D6A3DFC
:104F6000851293BE0C65A13E3EC8C73E58CFAFBD6B
:104F7000E0244CBE2E6A653E92FF51BDE13C07BE67
:104F8000238C523ED7B68E3E7FF3003EF4DE9C3E2D
:104F900015A1D23D9B4B673DAD4B9A3E4CFEA93DC2
:104FA0003CC94BBE620B783E365650BEE29245BDC0
:104FB000E23B7DBD2CEB1C3EBF7900BED9091E3EF5
:104FC000D556C9BC98DDB03CA8304E3EA354C5BEF2
:104FD0004A7872BE885D093E7D72AE3EC3A65EBE53
:104FE000CCF2953E679982BD551212BEC092A1BE09
:104FF000B38667BE91AC2EBE9BF6A9BDF461E9BB3A
:10500000391A6A3EA5B1E43CD02038BD330F8B3E3F
:10501000BC3E993EB49CB1BDEDB2A73EC42EB9BD15
:105020006F45843EE86EC23DCA3FB2BEF1EEB3BEEC
:10503000686AA63EF2B9B83D32C48DBE737A1CBE12
:10504000508E55BECA94093E071288BE8219A73EEB
:1050500074428E3D692672BE5E9A1D3E027ABFBEC4
:10506000AEF2A83EB2A51BBE64F756BDBBC764BE78
:105070003DC789BEE1A6D6BD5521883EAF43843EDB
:10508000A2384FBDC5D6913E6C11CFBD1FB880BDB3
:1050900075FB0F3D4CF293BE5A0A983E17DD7ABE5F
:1050A000FA459BBE83A400BE24499B3ED46785BEBF
:1050B00070BF3DBE6BE48DBE6366873E06BD2EBEEF
:1050C0007221C63E37434E3D77F08A3DF1973EBE92
:1050D0000C7E8C3D02AB40BEC695A93EE4C1763E37
:1050E000DA1C043ECD08B2BC1740193ED041D4BCF6
:1050F00042B6C53C6851ABBED30F693E4216293D4E
:10510000BC7D6B3D1DEE0FBE5B47C13D0698883EE2
:10511000328D4A3E6272BF3CA73FD43DA38A8EBD0A
:10512000ABD19A3D65EFB13DF4E5BCBE7B5D8CBE75
:105130001493A73EA1D74ABE4D0B973EFE2D563E77
:1051400051D622BDAA1305BEF1F261BE7B392DBE38
:105150002D817A3E4F159DBEAF0775BD69D5A73E1F
:105160008B318B3EF4B9B7BE7E3B3C3E00DC1B3D31
:105170006DB851BEE20C2C3E8A86A4BEBDC891BE5D
:105180006570FFBC136EEFBD8A4EB33D5ECB5B3DD9
:10519000B5D9BCBD8FF78EBE4B03863E4E19C33DBD
:1051A0006A4DB83E73970EBE2180F6BECF8FB9BD53
:1051B0007AB3A33BE4E99DBDE05A87BD01D185BE2A
:1051C0006A5A323D44CDE33D5FFCB23E6F8AF53C06
:1051D00024FE80BE6D09CBBE842DB23E425196BEE8
:1051E000BD387E3DB0F3BABB04137CBADBDD823E32
:1051F00022AF413DAE387CBE00D16EBD2F751CBEC6
:105200006D5E74BE74E446BE9A9728BD046DB03DD1
:105210008616613E20B8CCBD0AE0A23E8E7F01BE5C
:105220003D49D6BD0A9AEBBD2A015E3E8CABD7BD87
:105230005FB1B33D59E992BE97F9AE3D81CF9FBEB4
:105240009FA8293EC8EF81BE4BDDE1BDE6E00B3CE7
:10525000D853ADBE53CFB7BE15C60C3EABCF9CBE28
:10526000157128BE5F0F9B3E7F46ADBE3CEEA4BDD0
:105270009A1A803EF4AA88BD4B6BEB3D9ECE2A3E27
:10528000CDFCDCBD1BA2C6BC33EE8FBE1E10783E2B
:105290000377A43E665989BE32DEFE3E3626683D5F
:1052A0004F6160BED93AA2BEBBB8C2BD712ECB3E23
:1052B000D12F333EC6369FBD7F9F73BEE675AABE13
:1052C0008157DD3DF68EF23B22D795BEBC275E3E70
:1052D000EC4D0B3F46F29CBEAE9B12BEFD441FBE82
:1052E000D57718BBE9B71C3E78EE783E70E5E23C16
:1052F0004211BC3D07E81D3E63E7A9BD10CC9F3DB0
:10530000255308BE96C203BDAE9F783D92B303BE3F
:1053100026CAC6BC582421BE31616C3DE65B953E71
:10532000ADF918BEC25C413DD806E3BC0D504D3E00
:10533000B0FA6ABE528911BD418DAC3D9298A33D31
:10534000F8A1653BD0D788BE8228973D301A0DBEA4
:105350002FE0863E26E1BB3D77DF8BBDABE6353ED9
:10536000494FAFBD7D1994BED93F18BDE64693BEE7
:10537000A48E7BBE9853AC3E546DB1BE8C9E16BDC0
:105380004BCB253ED8A9113D618690BD25ABA6BE6D
:10539000770DF33DAB1FBCBE430D433EE89A74BE90
:1053A000CB580A3E2316B5BEA68584BE8F92273EF3
:1053B000BFB319BB6F10AABE0BBD93BE4CACA23ECF
:1053C0000C24B53EF2EF24BEB6E10ABC2963883E48
:1053D0001E53913D76EA82BEB7EA023E074E97BD64
:1053E000564775BEBCF14CBD45641FBE464F603E7E
:1053F000AA83103E05A68BBE035F733DE3A19D3DCE
:10540000DD074B3EB41A9B3D8347BABE1A13BABCA4
:10541000EB68803EDEC7BDBE586C81BE2DF4BE3C3D
:1054200036CF9DBC6027A53EBD4D35BE6F70143E86
:105430000FEE833E0D79B8BDAE86AF3EDA98D9BD8A
:1054400063CC96BEE4BDE13D83913B3E844A8D3EF4
:105450001A74923E565C3CBE1D647E3D3E4F413CFC
:10546000C51A443DF87794BEEA7A743E90B1B9BC4F
:105470007CAE2EBDEE47013D62C891BEFBB7AE3E8D
:10548000AE6144BE445987BE173372BE5931583D90
:10549000382218BE679F533E68776CBE66EA36BEF8
:1054A000AA78A8BD87AEE23BDA0EA0BEF5B4013EF5
:1054B000C79DCA3D7B6999BE720C88BEB63965BE70
:1054C000B208363EA89158BE63190EBE5169883D98
:1054D0008AA1B6BEB82BD63D2242AB3E8D56CDBD7D
:1054E000569243BBF05226BE5B4A81BEA8E3C83D3C
:1054F000FAC79ABECD84913E955927BE297227BD21
:10550000903EA63E091366BD32B6763E1F2FF4BB11
:105510004DED453EC2F045BE023FE93B05E1953EFB
:105520002F0107BEF0BE99BEABF9DA3DD1759D3EA5
:10553000906C933E12C1843EC6A4AC3E155619BD74
:10554000F926953EE9267F3E844AA33E86A260BEA8
:105550003A78ECBC76B361BE7BFE5F3E493FBF3E0E
:10556000F85F2E3E6C6181BE4353AA3AB4DFF1BDB1
:10557000C40F9BBEA20C9DBEAE77843E603E3A3CFB
:105580000F3510BEC1685FBD46368A3EDBB171BDC6
:1055900030E0183DB972A13EAC73AFBDDE0711BE5D
:1055A000AE7CB0BEF2874B3D3955B3BD12F8343CEA
:1055B0004CA09E3E774A243EA821553E576A5E3D48
:1055C00018CA753DB5DF14BE927A04BE9B3AB3BECD
:1055D000A252423DE4E4143E12F55F3D2975683E57
:1055E00062B5573E3295473EA4A88A3E6FE79B3E80
:1055F00035B98C3D60BE5ABDCCE40BBEF8FCA3BEF1
:10560000DB07953EDDBFC1BBC74B923C34020F3C6C
:10561000CED5763C3A6897BC3C2984BCFDF09FBC53
:10562000A4FF8F3C88453DBC2CA4363D4DD77ABCA9
:1056300086E9633D32B1963CBABABFBC20ACB23CFD
:1056400065F586BC488B343EA979163FED77B23CB0
:105650008337103F0DCC96BEEE56ECBE247D08BFBE
:10566000A01E9D3E52B572BE9A9C9E3EA44CFC3E2E
:105670003071E23E4696AA3E2B61093F884B873E39
:105680002018F1BED54C943C74656D703D202564A6
:105690000A0D0000256473253033643A00000000D1
:1056A000564444413D2025640D0A00004E41434BC1
:1056B000000000000D0A232323232323203D3D3D2A
:1056C0003D3D3D3D3D3D3D204D4350532D436F6E8F
:1056D0006669726D203D3D3D3D3D3D3D3D3D3D3D5D
:1056E0003D3D0D0A000000002323232323232055E2
:1056F0002F4C204652414D453A25303464207C20C1
:10570000504F52543A2564207C2044523A2564205C
:105710007C205057523A256400000000207C204D28
:10572000534720545950453A00000000434F4E461D
:1057300049524D4544205B25735D0D0A0000000071
:10574000554E434F4E4649524D45440D0A00000008
:105750000D0A232323232323203D204A4F494E456E
:1057600044203D2000000000414250203D3D3D3D91
:105770003D3D3D3D3D3D3D3D3D3D3D3D3D3D3D3D59
:105780003D3D0D0A000000004F544141203D3D3D8C
:105790003D3D3D3D3D3D3D3D3D3D3D3D3D3D3D3D39
:1057A0003D3D0D0A000000000D0A2323232323237F
:1057B000203D204A4F494E204641494C45440D0A60
:1057C000000000000D0A232323232323203D3D3D19
:1057D0003D3D3D3D3D3D3D204D4350532D496E6483
:1057E00069636174696F6E203D3D3D3D3D3D3D3DCA
:1057F0003D3D0D0A000000002323232323232044E2
:105800002F4C204652414D453A25303464207C20AF
:10581000534C4F543A2573207C20504F52543A2514
:1058200064207C2044523A2564207C205253534902
:105830003A2564207C20534E523A25640D0A00001C
:105840006261747465727920766F6C74616765202B
:10585000203A202564206D560D0A00006469737497
:10586000616E636520666F722073656E7420203AE6
:10587000202564206D6D0D0A000000006572726FB6
:10588000725F636F646520666F722073656E74204B
:10589000203A202564200D0A00000000646973741A
:1058A000616E63655F6C6F67202564203A20256414
:1058B0000A0D000053454E4420524551554553545E
:1058C0000D0A00004E65787420547820696E2020FF
:1058D0003A207E2564207365636F6E642873290DFA
:1058E0000A0000004150505F56455253494F4E3A0E
:1058F00020202020202020205625582E25582E25D7
:10590000580D0A004D575F4C4F524157414E5F565C
:10591000455253494F4E3A205625582E25582E258C
:10592000580D0A004D575F524144494F5F5645524A
:1059300053494F4E3A2020205625582E25582E25C3
:10594000580D0A0031000000320000004300000042
:1059500043204D756C746963617374004220506913
:105960006E672D536C6F740042204D756C746963C3
:105970006173742050696E672D536C6F7400000062
:10598000626174746572792072656164696E670D15
:105990000A00000053776974636820746F20436CB9
:1059A00061737320256320646F6E650D0A0000002B
:1059B000414243006572726F723A20526567696FA7
:1059C0006E206973206E6F7420646566696E65640D
:1059D00020696E20746865204D573A2073657420E5
:1059E0006C6F726177616E5F636F6E662E682061A7
:1059F00063636F7264696E676C790D0A0000000062
:105A0000232323232323204465764575693A2020E8
:105A1000253032583A253032583A253032583A2516
:105A20003032583A253032583A253032583A2530FB
:105A300032583A253032580D0A0000002323232320
:105A40002323204170704575693A20202530325853
:105A50003A253032583A253032583A253032583AC1
:105A6000253032583A253032583A253032583A25C6
:105A70003032580D0A00000023232323232320441F
:105A80006576416464723A20253032583A253032C6
:105A9000583A253032583A253032580D0A00000065
:105AA0004D414320727854696D654F75740D0A003D
:105AB0004D414320747854696D654F75740D0A002B
:105AC0004D4143207278446F6E650D0A000000005E
:105AD0004D4143207478446F6E650D0A000000004C
:105AE00052585F2573206F6E2066726571202564A1
:105AF00020487A2061742044522025640D0A000059
:105B00005258206F6E206672657120256420487A95
:105B10002061742044522025640D0A005458206FDF
:105B20006E206672657120256420487A2061742099
:105B300044522025640D0A004D756C74695F430062
:105B4000500000004D756C74695F500023232323BF
:105B50002323204170704B65793A2020202020209B
:105B600000000000232323232323204E776B4B6563
:105B7000793A202020202020000000002323232326
:105B8000232320417070534B65793A202020202038
:105B900000000000232323232323204E776B534B45
:105BA00065793A20202020200000000023232323B1
:105BB0002323204D43526F6F744B65793A20202088
:105BC00000000000232323232323204D434B454B78
:105BD00065793A2020202020000000002323232381
:105BE0002323204D434B65795F303A20202020202D
:105BF00000000000232323232323204D4341707002
:105C0000534B65795F303A200000000023232323A3
:105C10002323204D434E776B534B65795F303A20F9
:105C200000000000253032583A253032583A2530ED
:105C300032583A253032583A253032583A253032E7
:105C4000583A253032583A253032583A25303258B1
:105C50003A253032583A253032583A253032583ABF
:105C6000253032583A253032583A253032583A25C4
:105C70003032580D0A000000232323232323204F12
:105C8000544141202323232323230D0A0000000035
:105C90002323232323232041425020202323232373
:105CA00023230D0A000000001DB515F51E807CD7CA
:105CB00000000000CEC4D08ACC1C04A62911C2AAC0
:105CC000AAC020E600000000C3EF48F153C179E606
:105CD0001A9D0F8B0CDE0C5F00000000286E756CA7
:105CE0006C2900004952515F52585F54585F544923
:105CF0004D454F55540D0A00505245204F4B0D0A4B
:105D00000000000053594E43204F4B0D0A00000085
:105D1000484452204F4B0D0A0000000048445220D6
:105D20004B4F0D0A000000004952515F4352435F40
:105D30004552524F520D0A00526164696F53656EAD
:105D400064204F76657273697A650D0A0000000061
:105D500030313233343536373839616263646566E1
:105D60006768696A6B6C6D6E6F707172737475764B
:105D70007778797A000000003031323334353637A5
:105D800038394142434445464748494A4B4C4D4EB9
:105D90004F505152535455565758595A000000000D
:105DA0003C4E554C4C3E0000535441495F52554EB9
:105DB0004E494E475F4E4F5F57464500554E4B4E3E
:105DC0004F570000535441495F444F4E4500000077
:105DD000535441495F53554343455353000000001A
:105DE000535441495F4552524F525F4E4554574FAD
:105DF000524B5F494E56414C49445F4150495F41C7
:105E00005247554D454E54530000000053544149EC
:105E10005F4552524F525F4E4554574F524B5F4968
:105E20004E56414C49445F434F4E544558545F4889
:105E3000414E444C45000000535441495F45525285
:105E40004F525F4E4554574F524B5F494E56414C4F
:105E500049445F434F4E544558545F53495A450097
:105E6000535441495F4552524F525F4E4554574F2C
:105E7000524B5F494E56414C49445F434F4E544547
:105E800058545F414C49474E4D454E540000000068
:105E9000535441495F4552524F525F4E4554574FFC
:105EA000524B5F494E56414C49445F494E464F0064
:105EB000535441495F4552524F525F4E4554574FDC
:105EC000524B5F494E56414C49445F52554E00007B
:105ED000535441495F4552524F525F4E4554574FBC
:105EE000524B5F494E56414C49445F52554E5449BE
:105EF0004D450000535441495F4552524F525F4E49
:105F00004554574F524B5F494E56414C49445F41AF
:105F1000435449564154494F4E535F505452000028
:105F2000535441495F4552524F525F4E4554574F6B
:105F3000524B5F494E56414C49445F414354495688
:105F40004154494F4E535F4E554D00005354414903
:105F50005F4552524F525F4E4554574F524B5F4927
:105F60004E56414C49445F494E5F50545200000028
:105F7000535441495F4552524F525F4E4554574F1B
:105F8000524B5F494E56414C49445F494E5F4E5516
:105F90004D000000535441495F4552524F525F4EED
:105FA0004554574F524B5F494E56414C49445F4F01
:105FB00055545F5054520000535441495F4552526A
:105FC0004F525F4E4554574F524B5F494E56414CCE
:105FD00049445F4F55545F4E554D0000535441495D
:105FE0005F4552524F525F4E4554574F524B5F4997
:105FF0004E56414C49445F5354415445535F5054AD
:1060000052000000535441495F4552524F525F4E77
:106010004554574F524B5F494E56414C49445F538C
:1060200054415445535F4E554D000000535441496F
:106030005F4552524F525F4E4554574F524B5F4946
:106040004E56414C49445F574549474854535F5069
:1060500054520000535441495F4552524F525F4ED3
:106060004554574F524B5F494E56414C49445F5738
:106070004549474854535F4E554D000053544149DC
:106080005F4552524F525F4E4554574F524B5F49F6
:106090004E56414C49445F43414C4C4241434B00B6
:1060A000535441495F4552524F525F4E4F545F49DE
:1060B0004D504C454D454E544544000053544149C4
:1060C0005F4552524F525F494E56414C49445F42E0
:1060D00055464645525F414C49474E4D454E54004A
:1060E000535441495F52554E4E494E475F574645BE
:1060F000000000002D2B0008192B0008012B0008C0
:10610000212B0008FD2A0008FF2A00089D31000805
:106110004D320008B13100085D3200082532000818
:106120005531000800000000C53100081931000891
:106130008530000899300008A5300008BD300008FF
:10614000D9300008DD300008F130000840000000C0
:1061500080000000070000002405050058000240F0
:106160004400024012000000110000000F0E000069
:1061700004000000080000000700000025050500DD
:106180001C00024008000240140000001300000040
:106190000C0B0000020000000100000008000000DD
:1061A00026050500800002406C0002401600000039
:1061B0001500000011100000D93E0008C93E00087B
:1061C000873E0008A53E00084459020848590208C5
:1061D0004C590208505902085C59020868590208D3
:1061E000A0860100400D0300801A060000350C0057
:1061F00040420F0080841E0000093D0000127A001A
:106200000024F40000366E010048E801006CDC0256
:10621000000000000000000000000000000000007E
:10622000000000000000000000000000000000006E
:106230000100000002000000030000000400000054
:106240000100000003000000050000000100000044
:1062500001000000060000000A000000200000000D
:106260000200000004000000080000001000000010
:10627000400000008000000000010000000200005B
:10628000010002000400060008000A000C001000D3
:106290002000400080000001080402040801010100
:1062A0000101010307010000080A0C0D0E10121471
:1062B00015181A1B1D1E212433333373DEDEDEDE78
:1062C00033333373F2F2F2F248E8010048E8010098
:1062D00048E8010048E8010048E8010048E80100FA
:1062E00090D00300000000000C0B0A0908070732D9
:1062F000000102030405FFFE33333373DEDEDEDE0E
:1063000033333373F2F2F2F248E8010048E8010057
:1063100048E8010048E8010048E8010048E80100B9
:1063200090D00300000000000C0B0A090807073298
:106330000B357DF2F2000000216DDEDEDEDE0000B6
:106340000B357DF2F20000003581F2F2F2F200002E
:106350000A0908080B0A09080C0B0A090D0C0B0A9C
:106360000D0D0C0B48E8010048E8010048E8010069
:1063700048E8010020A10700000000000000000024
:106380000000000020A1070020A1070020A10700B5
:1063900020A1070020A1070020A1070000000000A5
:1063A000000000000A090807080000000C0B0A0999
:1063B00008070000A584998D0DBDB1545003A97D37
:1063C0001962E69A459D408715EBC90BEC67FDEA1B
:1063D000BFF7965BC21CAE6A5A41024F5CF43408A8
:1063E0009373533F0C52655E28A10FB509369B3D50
:1063F0002669CD9F1B9E742E2DB2EEFBF64D61CE0D
:106400007B3E7197F568002C601FC8EDBE46D94BE6
:10641000DED4E84A6B2AE516C5D75594CF1006811D
:10642000F044BAE3F3FEC08AADBC4804DFC1756333
:10643000301A0E6D4C14352FE1A2CC3957F2824739
:10644000ACE72B95A098D17F667EAB83CA29D33C5D
:1064500079E21D763B564E1EDB0A6CE45D6EEFA6BC
:10646000A8A4378B324359B78C64D2E0B4FA07251D
:10647000AF8EE918D5886F7224F1C751237C9C2117
:10648000DDDC86859042C4AAD8050112A35FF9D04D
:10649000915827B93813B333BB7089A7B62292201D
:1064A00049FF787A8FF88017DA31C6B8C3B0771110
:1064B000CBFCD63AC6F8EEF6FFD6DE916002CE5699
:1064C000E7B54DEC8F1F89FAEFB28EFB41B35F4504
:1064D0002353E49B75E13D4C6C7EF5836851D1F903
:1064E000E2AB622A0895469D30370A2F0E241BDF47
:1064F000CD4E7FEA121D583436DCB45BA476B77DEE
:1065000052DD5E13A6B900C140E379B6D48D67723F
:106510009498B085BBC54FED869A66118AE904FE52
:10652000A078254BA25D80053F2170F16377AF42D3
:1065300020E5FDBF811826C3BE35882E9355FC7A11
:10654000C8BA32E6C0199EA344543B0B8CC76B28D3
:10655000A7BC16ADDB647414920C48B89FBD43C44D
:106560003931D3F2D58B6EDA01B19C49D8ACF3CF77
:10657000CAF447106FF04A5C38577397CBA1E83ED6
:1065800096610D0FE07C71CC9006F71CC26AAE6973
:1065900017993A27D9EB2B22D2A907332D3C15C9DD
:1065A00087AA50A50359091A65D784D082295A1E93
:1065B0007BA86D2C637C777BF26B6FC53001672BFA
:1065C000FED7AB76CA82C97DFA5947F0ADD4A2AFE7
:1065D0009CA472C0B7FD9326363FF7CC34A5E5F1F5
:1065E00071D8311504C723C31896059A071280E2A3
:1065F000EB27B27509832C1A1B6E5AA0523BD6B3F7
:1066000029E32F8453D100ED20FCB15B6ACBBE3966
:106610004A4C58CFD0EFAAFB434D338545F9027F52
:10662000503C9FA851A3408F929D38F5BCB6DA210B
:1066300010FFF3D2CD0C13EC5F974417C4A77E3D37
:10664000645D197360814FDC222A908846EEB8148D
:10665000DE5E0BDBE0323A0A4906245CC2D3AC6250
:106660009195E479E7C8376D8DD54EA96C56F4EA5B
:10667000657AAE08BA78252E1CA6B4C6E8DD741F6C
:106680004BBD8B8A703EB5664803F60E613557B92F
:1066900086C11D9EE1F8981169D98E949B1E87E9E9
:1066A000CE5528DF8CA1890DBFE6426841992D0F98
:1066B000B054BB1604050600C53701087F27010842
:1066C000FD2C0108C52A0108473701082D370108AC
:1066D0003534010885320108E92301081125010834
:1066E0006D2B0108592B010875270108F52A0108AF
:1066F000CD2A01088D2A0108832A0108A92601084C
:10670000A12601087B2A0108732A010869260108CD
:1067100041320108692A0108A1270108112701084F
:10672000F1260108C5260108B1260108BD2F010880
:106730006D2D0108A1440108A7440108C012000002
:106740001F000000A816000017000000841C0000B5
:106750000F000000E42500001E000000B42D000022
:1067600016000000083900000E0000002C4C00004C
:106770001D000000685B000015000000747200003E
:106780000D000000589800001C00000034B7000005
:1067900014000000E8E400000C0000007831010063
:1067A0001B000000686E01001300000034CA0100E5
:1067B0000B000000286202001A00000040DB02000B
:1067C000120000003C9303000A000000C0C2040055
:1067D0001900000060B30500110000003820070018
:1067E0000900000020A107000000000004030202CD
:1067F0000101010100000000000000002E00494ED0
:106800004600696E66004E414E006E616E0030318A
:106810003233343536373839414243444546003007
:106820003132333435363738396162636465660036
:106830005245454E54206D616C6C6F6320737563D7
:10684000636565646564002F6275696C642F676EAB
:10685000752D746F6F6C732D666F722D73746D333D
:10686000325F31332E332E72656C312E323032343A
:10687000303932362D313731352F7372632F6E65D3
:10688000776C69622F6E65776C69622F6C696263E1
:106890002F74696D652F6C636C74696D652E630070
:1068A000545A00474D54002531315B2D2B302D3982
:1068B000412D5A612D7A5D256E002531315B412DC8
:1068C0005A612D7A5D256E004D256875256E2E2541
:1068D0006875256E2E256875256E002F256875252F
:1068E0006E3A256875256E3A256875256E00430059
:1068F000504F534958002C2066756E6374696F6E53
:106900003A2000617373657274696F6E202225737B
:1069100022206661696C65643A2066696C65202294
:106920002573222C206C696E6520256425732573E0
:106930000A00496E66696E697479004E614E002FD7
:106940006275696C642F676E752D746F6F6C732D33
:10695000666F722D73746D33325F31332E332E7246
:10696000656C312E32303234303932362D31373198
:10697000352F7372632F6E65776C69622F6E657742
:106980006C69622F6C6962632F7374646C69622F27
:1069900064746F612E630042616C6C6F6320737569
:1069A00063636565646564002F6275696C642F6755
:1069B0006E752D746F6F6C732D666F722D73746DA1
:1069C00033325F31332E332E72656C312E323032DA
:1069D00034303932362D313731352F7372632F6EA3
:1069E00065776C69622F6E65776C69622F6C69627E
:1069F000632F7374646C69622F6764746F612D67B1
:106A000065746865782E63002F6275696C642F6702
:106A10006E752D746F6F6C732D666F722D73746D40
:106A200033325F31332E332E72656C312E32303279
:106A300034303932362D313731352F7372632F6E42
:106A400065776C69622F6E65776C69622F6C69621D
:106A5000632F7374646C69622F6D707265632E634B
:106A600000686C4C00412D46612D6638393031325A
:106A700033343536375D002B2D0030300078580028
:106A8000232D302B20006566674546470000000037
:106A900034000000CEFBFFFFCB030000010000002C
:106AA0000000000035000000CEFBFFFFCB0300001C
:106AB0000100000000000000BC89D897B2D29C3CC5
:106AC00033A7A8D523F649393DA7F444FD0FA532D5
:106AD0009D978CCF08BA5B25436FAC64280668117C
:106AE000002020202020202020202828282828209E
:106AF0002020202020202020202020202020202096
:106B000020881010101010101010101010101010FD
:106B100010040404040404040404041010101010ED
:106B200010104141414141410101010101010101B7
:106B30000101010101010101010101011010101009
:106B40001010424242424242020202020202020289
:106B500002020202020202020202020210101010DD
:106B60002000000000000000000000000000000005
:106B70000000000000000000000000000000000015
:106B80000000000000000000000000000000000005
:106B900000000000000000000000000000000000F5
:106BA00000000000000000000000000000000000E5
:106BB00000000000000000000000000000000000D5
:106BC00000000000000000000000000000000000C5
:106BD00000000000000000000000000000000000B5
:106BE00000000000000000001F0000003B0000004B
:106BF0005A0000007800000097000000B500000077
:106C0000D4000000F300000011010000300100007A
:106C10004E0100001F0000001C0000001F000000CB
:106C20001E0000001F0000001E0000001F000000EA
:106C30001F0000001E0000001F0000001E000000DA
:106C40001F0000001F0000001C0000001F000000CB
:106C50001E0000001F0000001E0000001F000000BA
:106C60001F0000001E0000001F0000001E000000AA
:106C70001F0000001F0000001D0000001F0000009A
:106C80001E0000001F0000001E0000001F0000008A
:106C90001F0000001E0000001F0000001E0000007A
:106CA0001F00000005000000190000007D0000002A
:106CB0000080E03779C34143176E05B5B5B89346F8
:106CC000F5F93FE9034F384D321D30F94877825AC4
:106CD0003CBF737FDD4F1575000000000000F03FE2
:106CE00000000000000024400000000000005940A7
:106CF0000000000000408F40000000000088C340FA
:106D000000000000006AF8400000000080842E416E
:106D100000000000D01263410000000084D79741BA
:106D20000000000065CDCD41000000205FA00242C0
:106D3000000000E876483742000000A2941A6D4235
:106D4000000040E59C30A2420000901EC4BCD64228
:106D500000003426F56B0C430080E03779C34143D3
:106D600000A0D8855734764300C84E676DC1AB4349
:106D7000003D9160E458E143408CB5781DAF154467
:106D800050EFE2D6E41A4B4492D54D06CFF0804442
:106D9000F64AE1C7022DB544B49DD9794378EA4457
:106DA000FB21F93FFB2109407CD91240FB2119400E
:106DB0007A6A1F407CD92240BBFD2540FB21294037
:106DC0003A462C407A6A2F405C4731407CD93240A9
:106DD0009C6B3440BBFD3540DB8F3740FB21394095
:106DE0001BB43A403A463C405AD83D407A6A3F404C
:106DF0004C7E40405C4741406C1042407CD9424050
:106E00008CA243409C6B4440AC344540BBFD4540A4
:106E1000CBC64640DB8F4740EB584840FB214940FA
:106E200083F9A200444E6E00FC291500D1572700BB
:106E3000DD34F50062DBC0003C99950041904300D1
:106E40006351FE00BBDEAB00B761C5003A6E2400A3
:106E5000D24D42004906E00009EA2E001C92D10002
:106E6000EB1DFE0029B11C00E83EA700F5358200AD
:106E700044BB2E009CE98400B4267000417E5F0074
:106E8000D6913900538339009CF439008B5F84001C
:106E900028F9BD00F81F3B00DEFF97000F980500A2
:106EA000112FEF000A5A8B006D1F6D00CF7E360048
:106EB00009CB2700464FB7009E663F002DEA5F00D2
:106EC000BA277500E5EBC7003D7BF100F7390700F5
:106ED00092528A00FB6BEA001FB15F00085D8D00D3
:106EE000300356007BFC4600F0AB6B0020BCCF00AB
:106EF00036F49A00E3A91D005E619100081BE600CC
:106F000085996500A0145F008D40680080D8FF005F
:106F100027734D0006063100CA561500C9A8730034
:106F20007BE260006B8CC000D1F71737D1F717B741
:106F30008071313F807131BF0000003F000000BF11
:106F400000000040FB21F93F000000002D44743E8A
:106F5000000000809846F83C0000006051CC783B6F
:106F600000000080831BF0390000004020257A38A3
:106F7000000000802282E336000000001DF3693526
:106F800002000000030000000400000006000000F2
:086F9000F091FD7F01000000FB
:046F98006501000887
:046F9C0041010008A7
:106FA0000000003F60050020100109000000000003
:106FB000000000000000000008000020CD5E010875
:106FC00030DE010801000000020000005C0000202B
:106FD0000000000001000000580000200000000038
:106FE00000000000E007002000000000000000009A
:106FF000DC070020000000003C010020C40000204D
:107000000001002017010000000000000000000047
:107010000000000064000020515C010838DE010817
:1070200068DE010854DE010840DE010801000000AE
:10703000C00000200000000001000000BC00002093
:107040000000000000000000E80700200000000031
:1070500000000000E407002000000000780100208C
:10706000B40100200000000019000001010400002C
:10707000F000002002040000E000002010020020C8
:1070800004000000040000000400000004000000F0
:1070900001000000010000000100000001000000EC
:1070A0000000000014000001010400002C01002079
:1070B000020400001C010020000200200400000067
:1070C00004000000040000000400000001000000B3
:1070D00001000000010000000100000000000000AD
:1070E000000000010104000068010020020400000B
:1070F00058010020F00100200400000004000000FE
:10710000080000000800000001000000020000006C
:107110000100000001000000000000001D0000014F
:1071200001040000A40100200204000094010020DA
:1071300020020020040000000400000054000000B1
:1071400054000000010000001500000001000000D4
:1071500001000000000000001C000001010400000C
:10716000E001002002040000D001002030020020D5
:1071700004000000040000005C0000005C0000004F
:1071800001000000170000000100000001000000E5
:107190004010820802000000000000000000000013
:1071A000401082000100000000000000000000000C
:1071B00040108200010000000000000000000000FC
:1071C00040108200150000000000000000000000D8
:1071D00040108208170000000000000000000000BE
:1071E0009408002000000000BC16002007000000EA
:1071F0000000000000000000040000005D2E0008F8
:10720000AD2E0008C52E0008312F0008554100089A
:107210000000000000000000E940000839400008BC
:1072200061410008000000000000000000000000B4
:107230000100000000093D000100000010000000F6
:10724000000000000000000000000000FF0000003F
:1072500000FF00000100000000000000000000002E
:10726000000000000000000000000000000000001E
:10727000000000002B9500FCE0000000DD950008F8
:107280000996000815960008759600080000000091
:1072900025960008159700084D960008000000008C
:1072A000000000000000000000000000008182805B
:1072B000010302840100000001FF0000FFFFFFFF47
:1072C000FFFFFFFF0000000003000000082F002068
:1072D000A3680208A3680208430000000000000041
:1072E000000000000000000000000000000000009E
:1072F000000000000000000043000000000000004B
:10730000000000000000000000000000000000007D
:10731000000000000000000043000000000000002A
:10732000000000000000000000000000000000005D
:10733000000000000000000043000000000000000A
:10734000000000000000000000000000000000003D
:1073500000000000000000004300000000000000EA
:10736000000000000000000000000000000000001D
:1073700000000000000000004300000000000000CA
:1073800000000000000000000000000000000000FD
:1073900000000000000000004300000000000000AA
:1073A00000000000000000000000000000000000DD
:1073B0000000000000000000E1B7010877AD0108FF
:1073C00000000000E06A0208FC6702083169020858
:1073D000316902083169020831690208316902081D
:1073E000316902083169020831690208316902080D
:1073F000FFFFFFFFFFFFFFFFFFFFFFFFFFFF00009B
:107400000100415343494900000000000000000012
:10741000000000000000000000000000000000006C
:1074200000004153434949000000000000000000F3
:10743000000000000000000000000000000000004C
:1074400000000000A804002000000000082F002019
:10745000702F0020D82F0020000000000000000046
:10746000000000000000000000000000000000001C
:10747000000000000000000000000000000000000C
:1074800000000000000000000000000000000000FC
:1074900000000000000000000100000000000000EB
:1074A0004A00000000000000000000000000000092
:1074B00000000000000000000000000000000000CC
:1074C00000000000000000004A0000000000000072
:1074D00000000000000000000000000000000000AC
:1074E000000000000000000000000000000000009C
:1074F000000000000000000000000000000000008C
:10750000000000000000000000000000000000007B
:10751000000000000000000000000000000000006B
:10752000000000000000000000000000000000005B
:10753000000000000000000000000000000000004B
:10754000000000000000000000000000000000003B
:10755000000000000000000000000000000000002B
:10756000000000000000000000000000000000001B
:10757000000000000000000000000000000000000B
:1075800000000000000000000000000000000000FB
:1075900000000000000000000000000000000000EB
:1075A00000000000000000000000000000000000DB
:1075B00000000000000000000000000000000000CB
:1075C00000000000000000000000000000000000BB
:1075D00000000000000000000000000000000000AB
:1075E000000000000000000000000000000000009B
:1075F000000000000000000000000000000000008B
:10760000000000000000000000000000000000007A
:10761000000000000000000000000000000000006A
:10762000000000000000000000000000000000005A
:10763000000000000000000000000000000000004A
:10764000000000000000000000000000000000003A
:10765000000000000000000000000000000000002A
:10766000000000000000000000000000000000001A
:10767000000000000000000000000000000000000A
:1076800000000000000000000000000000000000FA
:1076900000000000000000000000000000000000EA
:1076A00000000000000000000000000000000000DA
:1076B00000000000000000000000000000000000CA
:0C76C000000000000000000000000000BE
:040000050800447536
:00000001FF
