Time,errorcode,Water Level
20-02-2026 14:49,0,1.34
20-02-2026 15:04,0,1.34
20-02-2026 15:19,0,1.34
20-02-2026 15:34,0,1.34
20-02-2026 15:49,0,1.34
20-02-2026 16:04,0,1.63
20-02-2026 16:34,0,2.5
20-02-2026 16:49,0,2.96
20-02-2026 17:19,0,1.67
21-02-2026 05:19,0,3.05
21-02-2026 06:34,0,3.01
21-02-2026 06:49,0,3.01
21-02-2026 07:04,0,3.01
21-02-2026 07:19,0,3.01
21-02-2026 07:34,0,3.01
21-02-2026 07:49,0,3.01
21-02-2026 08:04,0,3.01
21-02-2026 08:19,0,3.01
21-02-2026 11:49,0,1.73
21-02-2026 12:04,0,1.98
21-02-2026 12:49,0,2.19
21-02-2026 13:04,0,2.63
21-02-2026 13:19,0,2.77
21-02-2026 13:34,0,2.77
21-02-2026 13:49,0,2.77
21-02-2026 14:04,0,2.77
21-02-2026 14:19,0,2.77
21-02-2026 14:34,0,2.77
21-02-2026 14:49,0,2.77
21-02-2026 15:04,0,2.77
21-02-2026 15:19,0,2.77
21-02-2026 15:34,0,2.77
21-02-2026 15:49,0,2.77
21-02-2026 16:04,0,2.92
21-02-2026 16:19,0,3.2
21-02-2026 16:34,0,3.28
21-02-2026 16:49,0,3.28
21-02-2026 17:04,0,3.28
21-02-2026 17:19,0,3.28
21-02-2026 17:34,0,3.28
21-02-2026 17:49,0,3.3
21-02-2026 18:19,0,3.28
21-02-2026 18:34,0,3.28
21-02-2026 19:04,0,3.28
21-02-2026 19:19,0,3.28
21-02-2026 19:34,0,3.28
21-02-2026 19:49,0,3.28
21-02-2026 20:04,0,3.28
21-02-2026 20:34,0,3.28
21-02-2026 20:49,0,3.28
21-02-2026 21:04,0,3.28
21-02-2026 21:19,0,3.28
21-02-2026 21:34,0,3.28
21-02-2026 21:49,0,3.28
21-02-2026 22:04,0,3.28
21-02-2026 22:19,0,3.28
21-02-2026 22:34,0,3.28
21-02-2026 22:49,0,3.28
21-02-2026 23:04,0,3.28
21-02-2026 23:19,0,3.28
21-02-2026 23:34,0,3.28
21-02-2026 23:49,0,3.28
22-02-2026 00:04,0,3.28
22-02-2026 00:19,0,3.28
22-02-2026 00:34,0,3.28
22-02-2026 01:04,0,3.28
22-02-2026 01:19,0,3.28
22-02-2026 01:34,0,3.28
22-02-2026 01:49,0,3.27
22-02-2026 02:04,0,3.27
22-02-2026 02:19,0,3.27
22-02-2026 02:34,0,3.27
22-02-2026 02:49,0,3.26
22-02-2026 03:04,0,3.24
22-02-2026 03:19,0,3.24
22-02-2026 03:34,0,3.22
22-02-2026 03:49,0,3.2
22-02-2026 04:04,0,3.19
22-02-2026 04:19,0,3.16
22-02-2026 04:34,0,3.14
22-02-2026 04:49,0,3.12
22-02-2026 05:04,0,3.27
22-02-2026 05:19,0,3.44
22-02-2026 05:34,0,3.888
22-02-2026 05:49,0,4.076
22-02-2026 06:04,0,4.049
22-02-2026 06:19,0,4.013
22-02-2026 06:34,0,3.973
22-02-2026 06:49,0,3.931
22-02-2026 07:04,0,3.895
22-02-2026 07:19,0,3.859
22-02-2026 08:04,0,3.749
22-02-2026 08:19,0,3.703
22-02-2026 08:34,0,3.673
22-02-2026 08:49,0,3.43
22-02-2026 09:04,0,3.09
22-02-2026 09:19,0,2.76
22-02-2026 09:49,0,2.34
22-02-2026 10:04,0,2.32
22-02-2026 10:19,0,2.28
22-02-2026 10:34,0,2.23
22-02-2026 10:49,0,2.21
22-02-2026 11:04,0,2.16
22-02-2026 11:19,0,2.1
22-02-2026 11:34,0,2.04
22-02-2026 11:49,0,1.97
22-02-2026 14:04,0,1.43
22-02-2026 14:19,0,1.41
22-02-2026 14:34,0,1.38
22-02-2026 15:04,0,1.33
22-02-2026 15:19,0,1.3
22-02-2026 15:34,0,1.27
22-02-2026 15:49,0,1.24
22-02-2026 16:04,0,1.21
22-02-2026 16:34,0,1.17
22-02-2026 16:49,0,1.15
22-02-2026 17:04,0,1.14
22-02-2026 17:19,0,1.13
22-02-2026 17:34,0,1.13
22-02-2026 17:49,0,1.13
22-02-2026 18:04,0,1.13
22-02-2026 18:19,0,1.35
22-02-2026 18:34,0,1.7
22-02-2026 18:49,0,2.16
22-02-2026 19:04,0,2.67
22-02-2026 19:19,0,2.67
22-02-2026 19:34,0,2.67
22-02-2026 19:49,0,2.67
22-02-2026 20:04,0,2.67
22-02-2026 20:19,0,2.67
22-02-2026 20:34,0,2.67
22-02-2026 20:49,0,2.67
22-02-2026 21:49,0,2.61
22-02-2026 22:04,0,2.6
22-02-2026 22:34,0,2.56
22-02-2026 22:49,0,2.56
22-02-2026 23:04,0,2.54
22-02-2026 23:19,0,2.53
22-02-2026 23:34,0,2.5
22-02-2026 23:49,0,2.49
23-02-2026 00:04,0,2.47
23-02-2026 00:34,0,2.44
23-02-2026 00:49,0,2.41
23-02-2026 01:04,0,2.37
23-02-2026 01:19,0,2.35
23-02-2026 01:34,0,2.35
23-02-2026 01:49,0,2.32
23-02-2026 02:04,0,2.29
23-02-2026 02:19,0,2.25
23-02-2026 02:34,0,2.21
23-02-2026 02:49,0,2.19
23-02-2026 03:04,0,2.15
23-02-2026 03:19,0,2.12
23-02-2026 03:34,0,2.05
23-02-2026 04:04,0,1.98
23-02-2026 04:19,0,1.93
23-02-2026 05:04,0,1.88
23-02-2026 05:19,0,2.12
23-02-2026 05:34,0,2.29
23-02-2026 05:49,0,2.48
23-02-2026 06:04,0,2.45
23-02-2026 06:19,0,2.4
23-02-2026 06:34,0,2.35
23-02-2026 07:04,0,2.25
23-02-2026 07:34,0,2.17
23-02-2026 07:49,0,2.11
23-02-2026 08:04,0,2.09
23-02-2026 08:19,0,2.04
23-02-2026 08:34,0,2.0
23-02-2026 08:49,0,1.96
23-02-2026 09:04,0,1.9
23-02-2026 09:19,0,1.9
23-02-2026 09:34,0,1.83
23-02-2026 09:49,0,1.88
23-02-2026 10:04,0,1.83
23-02-2026 10:19,0,1.79
23-02-2026 10:49,0,1.75
23-02-2026 11:49,0,1.6
23-02-2026 12:04,0,1.57
23-02-2026 12:34,0,1.69
23-02-2026 12:49,0,2.19
23-02-2026 13:04,0,2.47
23-02-2026 13:19,0,2.74
23-02-2026 14:04,0,2.7
23-02-2026 14:19,0,2.65
23-02-2026 14:34,0,2.63
23-02-2026 14:49,0,2.59
23-02-2026 15:04,0,2.56
23-02-2026 15:19,0,2.51
23-02-2026 15:34,0,2.47
23-02-2026 15:49,0,2.44
23-02-2026 16:19,0,2.63
23-02-2026 16:34,0,2.65
23-02-2026 16:49,0,2.61
23-02-2026 17:19,0,2.55
23-02-2026 17:49,0,2.5
23-02-2026 18:19,0,2.44
23-02-2026 18:49,0,2.39
23-02-2026 19:04,0,2.39
23-02-2026 19:34,0,2.35
23-02-2026 19:49,0,2.33
23-02-2026 20:04,0,2.27
23-02-2026 20:19,0,2.29
23-02-2026 20:34,0,2.28
23-02-2026 21:04,0,2.24
23-02-2026 21:19,0,2.19
23-02-2026 21:34,0,2.2
23-02-2026 21:49,0,2.17
23-02-2026 22:04,0,2.16
23-02-2026 22:19,0,2.11
23-02-2026 22:34,0,2.13
23-02-2026 22:49,0,2.1
23-02-2026 23:34,0,2.01
24-02-2026 00:04,0,1.99
24-02-2026 00:19,0,1.94
24-02-2026 00:34,0,1.88
24-02-2026 01:04,0,1.8
24-02-2026 02:04,0,1.65
24-02-2026 02:19,0,1.6
24-02-2026 02:34,0,1.55
24-02-2026 02:49,0,1.51
24-02-2026 03:04,0,1.45
24-02-2026 03:19,0,1.41
24-02-2026 03:34,0,1.36
24-02-2026 04:04,0,1.27
24-02-2026 04:19,0,1.22
24-02-2026 04:34,0,1.17
24-02-2026 05:04,0,1.43
24-02-2026 05:34,0,2.15
24-02-2026 05:49,0,2.08
24-02-2026 06:04,0,2.04
24-02-2026 06:19,0,2.0
24-02-2026 06:34,0,1.87
24-02-2026 06:49,0,1.88
24-02-2026 07:04,0,1.77
24-02-2026 07:19,0,1.82
24-02-2026 07:34,0,1.72
24-02-2026 08:04,0,1.68
24-02-2026 08:19,0,1.67
24-02-2026 08:34,0,1.67
24-02-2026 08:49,0,1.67
24-02-2026 09:04,0,1.67
24-02-2026 09:19,0,1.66
24-02-2026 09:34,0,1.66
24-02-2026 09:49,0,1.66
24-02-2026 10:19,0,1.66
24-02-2026 10:34,0,1.66
24-02-2026 10:49,0,1.66
24-02-2026 11:04,0,1.66
24-02-2026 11:19,0,1.66
24-02-2026 11:34,0,1.66
24-02-2026 11:49,0,1.66
24-02-2026 12:04,0,1.66
24-02-2026 12:19,0,1.66
24-02-2026 12:34,0,1.66
24-02-2026 12:49,0,1.66
24-02-2026 13:04,0,1.66
24-02-2026 13:19,0,1.66
24-02-2026 13:34,0,1.66
24-02-2026 13:49,0,1.66
24-02-2026 14:04,0,1.65
24-02-2026 14:19,0,1.65
24-02-2026 14:34,0,1.64
24-02-2026 14:49,0,1.63
24-02-2026 15:04,0,1.62
24-02-2026 15:19,0,1.61
24-02-2026 15:34,0,1.6
24-02-2026 15:49,0,1.59
24-02-2026 16:04,0,1.84
24-02-2026 16:19,0,2.13
24-02-2026 16:34,0,2.46
24-02-2026 16:49,0,2.9
24-02-2026 17:04,0,2.95
24-02-2026 17:19,0,2.78
24-02-2026 17:49,0,2.76
24-02-2026 18:04,0,2.72
24-02-2026 18:19,0,2.72
24-02-2026 18:34,0,2.71
24-02-2026 18:49,0,2.71
24-02-2026 19:04,0,2.71
24-02-2026 19:19,0,2.71
24-02-2026 19:34,0,2.71
24-02-2026 19:49,0,2.71
24-02-2026 20:04,0,2.7
25-02-2026 05:34,0,2.95
25-02-2026 13:04,0,1.95
25-02-2026 13:19,0,1.91
25-02-2026 13:34,0,1.52
25-02-2026 14:04,0,1.01
25-02-2026 14:19,0,1.01
25-02-2026 14:34,0,1.01
25-02-2026 14:49,0,1.01
25-02-2026 15:04,0,1.01
25-02-2026 15:19,0,1.01
25-02-2026 15:34,0,1.01
25-02-2026 15:49,0,1.02
25-02-2026 16:04,0,1.33
25-02-2026 16:19,0,1.57
25-02-2026 16:34,0,2.0
25-02-2026 16:49,0,2.55
25-02-2026 17:04,0,2.95
25-02-2026 17:19,0,2.95
25-02-2026 17:34,0,2.95
25-02-2026 17:49,0,2.95
25-02-2026 18:04,0,2.95
25-02-2026 18:19,0,2.95
25-02-2026 18:34,0,2.95
25-02-2026 18:49,0,2.95
25-02-2026 19:04,0,2.95
25-02-2026 19:19,0,2.95
25-02-2026 19:34,0,2.95
25-02-2026 19:49,0,2.95
25-02-2026 20:04,0,2.95
25-02-2026 20:19,0,2.95
25-02-2026 20:34,0,2.95
25-02-2026 20:49,0,2.95
25-02-2026 21:04,0,2.95
25-02-2026 21:19,0,2.95
25-02-2026 21:34,0,2.95
25-02-2026 21:49,0,2.95
25-02-2026 22:04,0,2.95
25-02-2026 22:19,0,2.95
25-02-2026 22:34,0,2.95
25-02-2026 22:49,0,2.95
25-02-2026 23:04,0,2.95
25-02-2026 23:19,0,2.95
25-02-2026 23:34,0,2.95
25-02-2026 23:49,0,2.95
26-02-2026 00:04,0,2.95
26-02-2026 00:19,0,2.95
26-02-2026 00:34,0,2.95
26-02-2026 00:49,0,2.95
26-02-2026 01:04,0,2.95
26-02-2026 01:19,0,2.94
26-02-2026 01:34,0,2.94
26-02-2026 01:49,0,2.93
26-02-2026 02:04,0,2.93
26-02-2026 02:19,0,2.92
26-02-2026 02:34,0,2.9
26-02-2026 02:49,0,2.87
26-02-2026 05:04,0,2.87
26-02-2026 05:19,0,2.99
26-02-2026 05:34,0,3.39
26-02-2026 06:04,0,3.48
26-02-2026 06:34,0,3.42
26-02-2026 06:49,0,3.37
26-02-2026 07:49,0,3.22
26-02-2026 08:04,0,3.16
26-02-2026 08:19,0,3.13
26-02-2026 08:49,0,2.58
26-02-2026 09:04,0,2.16
26-02-2026 09:19,0,1.86
26-02-2026 09:34,0,1.73
26-02-2026 09:49,0,1.72
26-02-2026 10:04,0,1.64
26-02-2026 10:19,0,1.53
26-02-2026 10:34,0,1.5
26-02-2026 10:49,0,1.4
26-02-2026 11:04,0,1.29
26-02-2026 11:19,0,1.28
26-02-2026 11:34,0,1.21
26-02-2026 11:49,0,1.14
26-02-2026 12:04,0,1.07
26-02-2026 12:19,0,1.0
26-02-2026 12:34,0,0.93
26-02-2026 12:49,0,0.87
26-02-2026 13:04,0,0.81
26-02-2026 13:19,0,0.74
26-02-2026 13:34,0,0.93
26-02-2026 13:49,0,1.36
26-02-2026 14:04,0,1.51
26-02-2026 14:19,0,1.34
26-02-2026 14:34,0,1.38
26-02-2026 14:49,0,1.34
26-02-2026 15:04,0,1.28
26-02-2026 15:19,0,1.23
26-02-2026 15:34,0,1.14
26-02-2026 15:49,0,1.13
26-02-2026 16:04,0,1.22
26-02-2026 16:49,0,1.69
26-02-2026 17:04,0,1.65
26-02-2026 17:34,0,1.64
26-02-2026 18:49,0,1.45
26-02-2026 19:34,0,1.38
26-02-2026 19:49,0,1.4
26-02-2026 20:04,0,1.32
26-02-2026 20:34,0,1.29
26-02-2026 21:04,0,1.28
26-02-2026 21:19,0,1.22
26-02-2026 21:34,0,1.23
26-02-2026 22:04,0,1.06
26-02-2026 22:19,0,1.01
26-02-2026 22:34,0,1.0
26-02-2026 23:04,0,0.99
26-02-2026 23:34,0,1.0
26-02-2026 23:49,0,0.85
27-02-2026 00:04,0,0.85
27-02-2026 00:19,0,0.82
27-02-2026 00:34,0,0.82
27-02-2026 00:49,0,0.83
27-02-2026 01:04,0,0.79
27-02-2026 01:19,0,0.75
27-02-2026 01:34,0,0.71
27-02-2026 01:49,0,0.66
27-02-2026 02:04,0,0.62
27-02-2026 02:19,0,0.57
27-02-2026 02:34,0,0.53
27-02-2026 02:49,0,0.48
27-02-2026 03:04,0,0.43
27-02-2026 03:19,0,0.41
27-02-2026 03:34,0,0.4
27-02-2026 03:49,0,0.38
27-02-2026 04:04,0,0.37
27-02-2026 04:19,0,0.36
27-02-2026 04:34,0,0.35
27-02-2026 04:49,0,0.36
27-02-2026 05:04,0,0.63
27-02-2026 05:19,0,0.66
27-02-2026 07:19,0,0.91
27-02-2026 07:34,0,0.91
27-02-2026 07:49,0,0.88
27-02-2026 08:04,0,0.98
27-02-2026 11:34,0,1.09
27-02-2026 11:49,0,1.1
27-02-2026 12:04,0,1.01
27-02-2026 12:19,0,1.02
27-02-2026 12:34,0,1.06
27-02-2026 12:49,0,1.07
27-02-2026 13:04,0,1.06
27-02-2026 13:19,0,1.04
27-02-2026 13:34,0,1.03
28-02-2026 15:04,0,0.87
28-02-2026 15:19,0,0.87
28-02-2026 15:34,0,0.87
28-02-2026 15:49,0,0.87
01-03-2026 16:04,0,0.98
01-03-2026 21:04,0,0.7
01-03-2026 21:34,0,0.69
01-03-2026 21:49,0,0.69
01-03-2026 22:04,0,0.68
01-03-2026 22:19,0,0.68
01-03-2026 22:34,0,0.68
01-03-2026 22:49,0,0.67
01-03-2026 23:04,0,0.67
01-03-2026 23:19,0,0.66
01-03-2026 23:34,0,0.65
01-03-2026 23:49,0,0.65
02-03-2026 00:04,0,0.64
02-03-2026 00:19,0,0.63
02-03-2026 00:34,0,0.62
02-03-2026 00:49,0,0.62
02-03-2026 01:04,0,0.61
02-03-2026 01:19,0,0.6
02-03-2026 01:34,0,0.58
02-03-2026 01:49,0,0.57
02-03-2026 02:04,0,0.56
02-03-2026 02:19,0,0.54
02-03-2026 02:34,0,0.53
02-03-2026 02:49,0,0.51
02-03-2026 03:04,0,0.49
02-03-2026 03:19,0,0.47
02-03-2026 03:34,0,0.45
02-03-2026 03:49,0,0.43
02-03-2026 04:04,0,0.42
02-03-2026 04:19,0,0.42
02-03-2026 04:34,0,0.41
02-03-2026 04:49,0,0.42
02-03-2026 05:04,0,0.67
02-03-2026 07:19,0,0.69
02-03-2026 07:34,0,0.68
02-03-2026 07:49,0,0.62
02-03-2026 08:19,0,0.69
02-03-2026 08:34,0,0.64
02-03-2026 08:49,0,0.58
02-03-2026 09:04,0,0.53
02-03-2026 09:19,0,0.48
02-03-2026 09:34,0,0.65
02-03-2026 09:49,0,0.62
02-03-2026 10:04,0,0.59
02-03-2026 10:19,0,0.56
02-03-2026 10:34,0,0.54
02-03-2026 12:49,0,0.45
02-03-2026 13:19,0,0.78
02-03-2026 13:49,0,0.7
02-03-2026 15:04,0,0.7
02-03-2026 15:19,0,0.71
02-03-2026 15:34,0,0.65
02-03-2026 15:49,0,0.6
02-03-2026 16:04,0,0.64
02-03-2026 16:49,0,0.74
02-03-2026 17:04,0,0.7
02-03-2026 17:19,0,0.64
02-03-2026 17:34,0,0.58
02-03-2026 17:49,0,0.54
02-03-2026 18:04,0,0.51
02-03-2026 18:19,0,0.48
02-03-2026 18:34,0,0.45
02-03-2026 18:49,0,0.43
02-03-2026 19:04,0,0.43
02-03-2026 19:19,0,0.43
02-03-2026 19:34,0,0.43
02-03-2026 19:49,0,0.43
02-03-2026 20:04,0,0.43
02-03-2026 20:19,0,0.43
02-03-2026 20:34,0,0.44
02-03-2026 20:49,0,0.44
02-03-2026 21:04,0,0.44
02-03-2026 21:19,0,0.44
02-03-2026 21:34,0,0.44
02-03-2026 21:49,0,0.44
02-03-2026 22:04,0,0.44
02-03-2026 22:19,0,0.44
02-03-2026 22:34,0,0.44
02-03-2026 22:49,0,0.44
02-03-2026 23:04,0,0.44
02-03-2026 23:19,0,0.44
02-03-2026 23:34,0,0.44
02-03-2026 23:49,0,0.44
03-03-2026 00:04,0,0.44
03-03-2026 00:19,0,0.44
03-03-2026 00:34,0,0.44
03-03-2026 00:49,0,0.44
03-03-2026 01:04,0,0.44
03-03-2026 01:19,0,0.44
03-03-2026 01:34,0,0.44
03-03-2026 02:19,0,0.28
03-03-2026 03:19,0,0.44
03-03-2026 03:34,0,0.44
03-03-2026 03:49,0,0.44
03-03-2026 04:04,0,0.44
03-03-2026 04:19,0,0.44
03-03-2026 04:34,0,0.44
03-03-2026 07:19,0,1.0
03-03-2026 07:34,0,0.93
03-03-2026 07:49,0,0.87
03-03-2026 08:04,0,0.8
03-03-2026 08:19,0,0.75
03-03-2026 08:34,0,0.71
03-03-2026 08:49,0,0.67
03-03-2026 09:04,0,0.63
03-03-2026 09:19,0,0.6
03-03-2026 09:34,0,0.57
03-03-2026 09:49,0,0.54
03-03-2026 10:04,0,0.52
03-03-2026 10:19,0,0.49
03-03-2026 10:34,0,0.47
03-03-2026 10:49,0,0.64
03-03-2026 11:04,0,0.66
03-03-2026 11:19,0,0.63
03-03-2026 11:34,0,0.65
03-03-2026 11:49,0,1.1
03-03-2026 12:04,0,1.25
03-03-2026 12:19,0,1.21
03-03-2026 12:49,0,1.15
03-03-2026 13:04,0,1.12
03-03-2026 13:19,0,1.08
03-03-2026 13:34,0,1.04
03-03-2026 13:49,0,1.0
03-03-2026 14:04,0,0.96
03-03-2026 14:19,0,0.92
03-03-2026 14:34,0,0.88
03-03-2026 15:04,0,0.79
03-03-2026 15:19,0,0.74
03-03-2026 15:34,0,0.69
03-03-2026 15:49,0,0.65
03-03-2026 16:04,0,0.7
03-03-2026 16:19,0,1.01
03-03-2026 16:34,0,1.05
03-03-2026 17:04,0,0.99
03-03-2026 17:19,0,0.97
03-03-2026 17:34,0,0.96
03-03-2026 17:49,0,0.96
03-03-2026 18:04,0,0.95
03-03-2026 18:19,0,0.95
03-03-2026 18:34,0,0.95
03-03-2026 18:49,0,0.95
03-03-2026 19:04,0,0.95
03-03-2026 19:19,0,0.95
03-03-2026 19:34,0,0.95
03-03-2026 19:49,0,0.95
03-03-2026 20:04,0,0.95
03-03-2026 20:19,0,0.95
03-03-2026 20:34,0,0.95
03-03-2026 20:49,0,0.95
03-03-2026 21:04,0,0.95
03-03-2026 21:19,0,0.95
03-03-2026 21:34,0,0.95
03-03-2026 21:49,0,0.95
03-03-2026 22:04,0,0.95
03-03-2026 22:19,0,0.95
03-03-2026 22:34,0,0.95
03-03-2026 22:49,0,0.95
03-03-2026 23:04,0,0.95
03-03-2026 23:19,0,0.95
03-03-2026 23:34,0,0.95
03-03-2026 23:49,0,0.95
04-03-2026 00:04,0,0.95
04-03-2026 00:19,0,0.95
04-03-2026 00:34,0,0.95
04-03-2026 00:49,0,0.95
04-03-2026 01:04,0,0.95
04-03-2026 01:19,0,0.95
04-03-2026 01:34,0,0.95
04-03-2026 01:49,0,0.94
04-03-2026 02:04,0,0.92
04-03-2026 02:19,0,0.91
04-03-2026 02:34,0,0.9
04-03-2026 02:49,0,0.88
04-03-2026 03:04,0,0.87
04-03-2026 03:19,0,0.85
04-03-2026 03:34,0,0.83
04-03-2026 03:49,0,0.81
04-03-2026 04:04,0,0.79
04-03-2026 04:19,0,0.77
04-03-2026 04:34,0,0.75
04-03-2026 04:49,0,0.73
04-03-2026 05:04,0,0.78
04-03-2026 05:19,0,1.07
04-03-2026 05:34,0,1.31
04-03-2026 05:49,0,1.79
04-03-2026 06:04,0,1.77
04-03-2026 06:19,0,1.79
04-03-2026 06:34,0,1.69
04-03-2026 06:49,0,1.76
04-03-2026 07:04,0,1.74
04-03-2026 07:19,0,1.69
04-03-2026 07:34,0,1.71
04-03-2026 07:49,0,1.71
04-03-2026 08:04,0,1.71
04-03-2026 08:19,0,1.71
04-03-2026 08:34,0,1.7
04-03-2026 08:49,0,1.7
04-03-2026 09:04,0,1.7
04-03-2026 09:19,0,1.7
04-03-2026 09:34,0,1.7
04-03-2026 09:49,0,1.7
04-03-2026 10:04,0,1.7
04-03-2026 10:19,0,1.7
04-03-2026 10:34,0,1.7
04-03-2026 10:49,0,1.7
04-03-2026 11:04,0,1.7
04-03-2026 11:19,0,1.7
04-03-2026 11:34,0,1.7
04-03-2026 11:49,0,1.7
04-03-2026 12:04,0,1.7
04-03-2026 12:19,0,1.7
04-03-2026 12:34,0,1.7
04-03-2026 12:49,0,1.7
04-03-2026 13:04,0,1.7
04-03-2026 13:19,0,1.7
04-03-2026 13:34,0,1.7
04-03-2026 13:49,0,1.7
04-03-2026 14:04,0,1.7
04-03-2026 14:19,0,1.7
04-03-2026 14:34,0,1.7
04-03-2026 14:49,0,1.7
04-03-2026 15:04,0,1.7
04-03-2026 15:19,0,1.7
04-03-2026 15:34,0,1.7
04-03-2026 15:49,0,1.7
04-03-2026 16:04,0,1.88
04-03-2026 16:19,0,2.17
04-03-2026 16:34,0,2.54
04-03-2026 16:49,0,3.02
04-03-2026 17:19,0,3.606
04-03-2026 17:34,0,3.41
04-03-2026 17:49,0,3.11
04-03-2026 18:04,0,2.78
04-03-2026 18:19,0,2.56
04-03-2026 18:34,0,2.57
04-03-2026 18:49,0,2.57
04-03-2026 19:04,0,2.57
04-03-2026 19:19,0,2.57
04-03-2026 19:34,0,2.57
04-03-2026 19:49,0,2.58
04-03-2026 20:04,0,2.57
04-03-2026 20:19,0,2.57
04-03-2026 20:34,0,2.57
04-03-2026 20:49,0,2.58
04-03-2026 21:04,0,2.58
04-03-2026 21:19,0,2.58
04-03-2026 21:34,0,2.58
04-03-2026 21:49,0,2.58
04-03-2026 22:04,0,2.58
04-03-2026 22:19,0,2.58
04-03-2026 22:34,0,2.58
04-03-2026 23:49,0,2.57
05-03-2026 00:04,0,2.57
05-03-2026 00:19,0,2.57
05-03-2026 08:19,0,2.51
05-03-2026 08:49,0,2.33
05-03-2026 09:04,0,2.25
05-03-2026 09:19,0,2.17
05-03-2026 09:49,0,1.99
05-03-2026 10:04,0,1.91
05-03-2026 10:34,0,1.73
05-03-2026 10:49,0,1.65
05-03-2026 11:19,0,1.48
05-03-2026 11:34,0,1.4
05-03-2026 11:49,0,1.31
05-03-2026 12:04,0,1.23
05-03-2026 12:19,0,1.15
05-03-2026 12:34,0,1.06
05-03-2026 12:49,0,0.98
05-03-2026 13:04,0,0.9
05-03-2026 13:19,0,0.83
05-03-2026 13:34,0,0.75
05-03-2026 13:49,0,0.68
05-03-2026 14:04,0,0.61
05-03-2026 14:19,0,0.54
05-03-2026 14:34,0,0.75
05-03-2026 14:49,0,1.15
05-03-2026 15:04,0,1.42
05-03-2026 15:19,0,1.35
05-03-2026 15:34,0,1.28
05-03-2026 15:49,0,1.28
05-03-2026 16:04,0,1.53
05-03-2026 16:19,0,1.74
05-03-2026 16:34,0,1.67
05-03-2026 16:49,0,1.61
05-03-2026 17:04,0,1.54
05-03-2026 17:19,0,1.49
05-03-2026 17:34,0,1.42
05-03-2026 17:49,0,1.36
05-03-2026 18:04,0,1.31
05-03-2026 18:19,0,1.26
05-03-2026 18:34,0,1.21
05-03-2026 19:04,0,1.11
05-03-2026 19:19,0,1.06
05-03-2026 19:34,0,1.02
05-03-2026 19:49,0,0.97
05-03-2026 20:04,0,0.92
05-03-2026 20:19,0,0.87
05-03-2026 20:34,0,1.0
05-03-2026 20:49,0,0.93
05-03-2026 21:04,0,0.93
05-03-2026 21:19,0,0.9
05-03-2026 21:34,0,0.88
05-03-2026 21:49,0,0.85
05-03-2026 22:04,0,0.83
05-03-2026 22:19,0,0.81
05-03-2026 22:34,0,0.79
05-03-2026 22:49,0,0.77
05-03-2026 23:04,0,0.75
05-03-2026 23:19,0,0.72
05-03-2026 23:34,0,0.7
05-03-2026 23:49,0,0.67
06-03-2026 00:04,0,0.69
06-03-2026 00:19,0,1.11
06-03-2026 00:34,0,1.18
06-03-2026 00:49,0,1.19
06-03-2026 01:04,0,1.1
06-03-2026 01:19,0,1.11
06-03-2026 01:34,0,1.07
06-03-2026 01:49,0,1.0
06-03-2026 02:04,0,0.98
06-03-2026 02:19,0,0.93
06-03-2026 02:34,0,0.89
06-03-2026 02:49,0,0.84
06-03-2026 03:04,0,0.79
06-03-2026 03:19,0,0.74
06-03-2026 03:34,0,0.68
06-03-2026 03:49,0,0.63
06-03-2026 04:04,0,0.58
06-03-2026 04:19,0,0.52
06-03-2026 04:34,0,0.47
06-03-2026 04:49,0,0.42
06-03-2026 05:04,0,0.57
06-03-2026 05:19,0,0.55
06-03-2026 05:34,0,0.49
06-03-2026 05:49,0,0.44
06-03-2026 06:04,0,0.41
06-03-2026 06:19,0,0.39
06-03-2026 06:34,0,0.37
06-03-2026 06:49,0,0.46
06-03-2026 07:04,0,0.45
06-03-2026 07:19,0,0.44
06-03-2026 07:34,0,0.44
06-03-2026 07:49,0,0.44
06-03-2026 08:04,0,0.44
06-03-2026 08:19,0,0.44
06-03-2026 08:34,0,0.44
06-03-2026 08:49,0,0.44
06-03-2026 09:04,0,0.45
06-03-2026 09:19,0,0.45
06-03-2026 09:34,0,0.45
06-03-2026 09:49,0,0.45
06-03-2026 10:04,0,0.45
06-03-2026 10:19,0,0.45
06-03-2026 10:34,0,0.45
06-03-2026 10:49,0,0.45
06-03-2026 11:04,0,0.45
06-03-2026 11:19,0,0.46
06-03-2026 11:34,0,0.46
06-03-2026 11:49,0,0.46
06-03-2026 12:04,0,0.46
06-03-2026 12:19,0,0.46
06-03-2026 12:34,0,0.46
06-03-2026 12:49,0,0.46
06-03-2026 13:04,0,0.46
06-03-2026 13:19,0,0.46
06-03-2026 13:34,0,0.46
06-03-2026 13:49,0,0.46
06-03-2026 14:04,0,0.46
06-03-2026 14:19,0,0.46
06-03-2026 14:34,0,0.46
06-03-2026 14:49,0,0.46
06-03-2026 15:04,0,0.46
06-03-2026 15:19,0,0.46
06-03-2026 15:34,0,0.46
06-03-2026 15:49,0,0.46
06-03-2026 16:04,0,0.65
06-03-2026 16:19,0,0.96
06-03-2026 16:34,0,1.28
06-03-2026 19:34,0,2.16
07-03-2026 08:04,0,2.83
07-03-2026 08:19,0,2.85
07-03-2026 08:34,0,2.85
07-03-2026 08:49,0,2.85
07-03-2026 09:04,0,2.85
07-03-2026 09:19,0,2.85
07-03-2026 09:34,0,2.85
07-03-2026 09:49,0,2.74
07-03-2026 10:04,0,2.54
07-03-2026 10:19,0,2.55
07-03-2026 10:34,0,2.55
07-03-2026 10:49,0,2.55
07-03-2026 11:04,0,2.55
07-03-2026 11:19,0,2.55
07-03-2026 11:34,0,2.55
07-03-2026 11:49,0,2.55
07-03-2026 12:04,0,2.26
07-03-2026 12:19,0,1.95
07-03-2026 12:34,0,1.65
07-03-2026 12:49,0,1.35
07-03-2026 13:04,0,1.09
07-03-2026 13:19,0,1.09
07-03-2026 13:34,0,1.09
07-03-2026 13:49,0,1.09
07-03-2026 14:04,0,1.09
07-03-2026 14:19,0,1.09
07-03-2026 14:34,0,1.09
07-03-2026 14:49,0,0.26
07-03-2026 15:14,0,0.48
07-03-2026 15:29,0,1.09
07-03-2026 15:44,0,1.09
07-03-2026 15:59,0,1.22
07-03-2026 16:14,0,1.53
07-03-2026 16:29,0,1.87
07-03-2026 16:44,0,2.36
07-03-2026 16:59,0,2.82
07-03-2026 17:14,0,2.82
07-03-2026 17:29,0,2.82
07-03-2026 17:44,0,2.82
07-03-2026 17:59,0,2.82
07-03-2026 18:14,0,2.82
07-03-2026 18:29,0,2.82
07-03-2026 18:44,0,2.82
07-03-2026 18:59,0,2.82
07-03-2026 19:14,0,2.82
07-03-2026 19:29,0,2.82
07-03-2026 19:44,0,2.82
07-03-2026 19:59,0,2.82
07-03-2026 20:14,0,2.82
07-03-2026 20:29,0,2.82
07-03-2026 20:44,0,2.82
07-03-2026 20:59,0,2.82
07-03-2026 21:14,0,2.82
07-03-2026 21:29,0,2.82
07-03-2026 21:44,0,2.82
07-03-2026 21:59,0,2.82
07-03-2026 22:14,0,2.82
07-03-2026 22:29,0,2.82
07-03-2026 22:44,0,2.82
07-03-2026 22:59,0,2.82
07-03-2026 23:14,0,2.82
07-03-2026 23:29,0,2.82
07-03-2026 23:44,0,2.82
07-03-2026 23:59,0,2.82
08-03-2026 00:14,0,2.82
08-03-2026 00:29,0,2.82
08-03-2026 00:44,0,2.82
08-03-2026 00:59,0,2.82
08-03-2026 01:14,0,2.82
08-03-2026 01:29,0,2.82
08-03-2026 01:44,0,2.83
08-03-2026 01:59,0,2.82
08-03-2026 02:29,0,2.77
08-03-2026 02:44,0,2.71
08-03-2026 02:59,0,2.7
08-03-2026 03:14,0,2.67
08-03-2026 03:29,0,2.63
08-03-2026 03:59,0,2.54
08-03-2026 04:14,0,2.49
08-03-2026 04:29,0,2.45
08-03-2026 04:44,0,2.41
08-03-2026 04:59,0,2.54
08-03-2026 05:14,0,2.69
08-03-2026 05:29,0,3.01
08-03-2026 05:44,0,3.28
08-03-2026 05:59,0,3.23
08-03-2026 06:14,0,3.15
08-03-2026 06:44,0,3.05
08-03-2026 06:59,0,3.01
08-03-2026 07:14,0,2.94
08-03-2026 07:29,0,2.86
08-03-2026 07:44,0,2.82
08-03-2026 07:59,0,2.78
08-03-2026 08:14,0,2.69
08-03-2026 08:29,0,2.63
08-03-2026 08:44,0,2.54
08-03-2026 09:14,0,2.21
08-03-2026 10:14,0,1.46
08-03-2026 10:29,0,1.38
08-03-2026 10:44,0,1.3
08-03-2026 11:14,0,1.17
08-03-2026 11:44,0,1.04
08-03-2026 11:59,0,0.98
08-03-2026 12:14,0,0.92
08-03-2026 12:29,0,0.87
08-03-2026 12:44,0,0.81
08-03-2026 12:59,0,0.76
08-03-2026 13:14,0,0.7
08-03-2026 13:29,0,0.65
08-03-2026 13:44,0,0.85
08-03-2026 13:59,0,1.01
08-03-2026 14:14,0,0.98
08-03-2026 14:29,0,0.96
08-03-2026 14:44,0,0.95
08-03-2026 14:59,0,0.93
08-03-2026 15:14,0,0.9
08-03-2026 15:29,0,0.88
08-03-2026 15:44,0,0.87
08-03-2026 15:59,0,0.93
08-03-2026 16:14,0,1.39
08-03-2026 16:29,0,1.86
08-03-2026 16:44,0,2.13
08-03-2026 16:59,0,2.14
08-03-2026 17:14,0,2.13
08-03-2026 17:29,0,2.13
08-03-2026 17:44,0,2.13
08-03-2026 17:59,0,2.13
08-03-2026 18:14,0,2.13
08-03-2026 18:29,0,2.13
08-03-2026 18:44,0,2.13
08-03-2026 18:59,0,2.13
08-03-2026 19:14,0,2.13
08-03-2026 19:29,0,2.13
08-03-2026 19:44,0,2.13
08-03-2026 19:59,0,2.13
08-03-2026 20:14,0,2.13
08-03-2026 20:29,0,2.13
08-03-2026 20:44,0,2.13
08-03-2026 20:59,0,2.13
09-03-2026 04:29,0,1.15
09-03-2026 04:44,0,1.15
09-03-2026 04:59,0,1.09
09-03-2026 07:59,0,1.9
09-03-2026 08:14,0,1.82
09-03-2026 08:29,0,1.79
09-03-2026 08:59,0,1.72
09-03-2026 09:14,0,1.69
09-03-2026 09:29,0,1.67
09-03-2026 09:44,0,1.66
09-03-2026 09:59,0,1.65
09-03-2026 10:14,0,1.64
09-03-2026 10:29,0,1.62
09-03-2026 10:44,0,1.61
09-03-2026 10:59,0,1.61
09-03-2026 11:14,0,1.6
09-03-2026 11:29,0,1.59
09-03-2026 11:44,0,1.59
09-03-2026 11:59,0,1.58
09-03-2026 12:14,0,1.58
09-03-2026 12:29,0,1.58
09-03-2026 12:44,0,1.58
09-03-2026 12:59,0,1.58
09-03-2026 13:14,0,1.57
09-03-2026 13:29,0,1.57
09-03-2026 13:44,0,1.57
09-03-2026 13:59,0,1.57
09-03-2026 14:14,0,1.57
09-03-2026 14:29,0,1.57
09-03-2026 14:44,0,1.57
09-03-2026 14:59,0,1.57
09-03-2026 15:14,0,1.57
09-03-2026 15:29,0,1.57
09-03-2026 15:44,0,1.57
09-03-2026 15:59,0,1.63
09-03-2026 16:14,0,1.63
09-03-2026 16:29,0,1.93
09-03-2026 16:44,0,2.35
09-03-2026 16:59,0,2.83
09-03-2026 17:14,0,3.3
09-03-2026 17:29,0,3.37
09-03-2026 17:44,0,3.37
09-03-2026 17:59,0,3.37
09-03-2026 18:14,0,3.37
09-03-2026 18:29,0,3.37
09-03-2026 18:44,0,3.37
09-03-2026 18:59,0,3.37
09-03-2026 19:14,0,3.37
09-03-2026 19:29,0,3.37
09-03-2026 19:44,0,3.37
09-03-2026 19:59,0,3.37
09-03-2026 20:14,0,3.37
09-03-2026 20:29,0,3.37
09-03-2026 20:44,0,3.37
09-03-2026 20:59,0,3.37
09-03-2026 21:14,0,3.37
09-03-2026 21:29,0,3.37
09-03-2026 21:44,0,3.37
09-03-2026 21:59,0,3.37
09-03-2026 22:14,0,3.37
09-03-2026 22:29,0,3.37
09-03-2026 22:44,0,3.37
09-03-2026 22:59,0,3.37
09-03-2026 23:14,0,3.37
09-03-2026 23:29,0,3.37
09-03-2026 23:44,0,3.37
09-03-2026 23:59,0,3.37
10-03-2026 00:14,0,3.37
10-03-2026 00:29,0,3.37
10-03-2026 00:44,0,3.37
10-03-2026 00:59,0,3.37
10-03-2026 01:14,0,3.37
10-03-2026 01:29,0,3.37
10-03-2026 01:44,0,3.36
10-03-2026 02:44,0,3.3
10-03-2026 02:59,0,3.28
10-03-2026 03:14,0,3.26
10-03-2026 03:29,0,3.23
10-03-2026 03:44,0,3.21
10-03-2026 03:59,0,3.16
10-03-2026 04:44,0,3.05
10-03-2026 04:59,0,3.24
10-03-2026 06:29,0,3.747
10-03-2026 06:44,0,3.683
10-03-2026 06:59,0,3.702
10-03-2026 12:14,0,2.09
10-03-2026 12:29,0,1.84
10-03-2026 12:44,0,1.68
10-03-2026 12:59,0,1.68
10-03-2026 13:14,0,1.68
10-03-2026 13:29,0,1.68
10-03-2026 13:44,0,1.68
10-03-2026 13:59,0,1.68
10-03-2026 14:14,0,1.68
10-03-2026 14:29,0,1.68
10-03-2026 14:44,0,1.68
10-03-2026 14:59,0,1.68
10-03-2026 15:14,0,1.68
10-03-2026 15:29,0,1.68
10-03-2026 15:44,0,1.68
10-03-2026 15:59,0,1.71
10-03-2026 16:44,0,2.85
10-03-2026 17:44,0,2.92
10-03-2026 17:59,0,2.92
10-03-2026 18:14,0,2.92
10-03-2026 18:29,0,2.92
10-03-2026 18:44,0,2.92
10-03-2026 18:59,0,2.92
10-03-2026 19:14,0,2.92
10-03-2026 19:29,0,2.92
10-03-2026 19:44,0,2.92
10-03-2026 19:59,0,2.92
10-03-2026 20:14,0,2.92
10-03-2026 20:29,0,2.92
10-03-2026 20:44,0,2.92
10-03-2026 20:59,0,2.92
10-03-2026 21:14,0,2.92
10-03-2026 21:29,0,2.92
10-03-2026 21:44,0,2.92
10-03-2026 21:59,0,2.92
10-03-2026 22:14,0,2.92
10-03-2026 22:29,0,2.92
10-03-2026 22:44,0,2.92
10-03-2026 22:59,0,2.92
10-03-2026 23:14,0,2.92
10-03-2026 23:29,0,2.92
10-03-2026 23:44,0,2.92
10-03-2026 23:59,0,2.92
11-03-2026 00:14,0,2.92
11-03-2026 00:29,0,2.92
11-03-2026 00:44,0,2.92
11-03-2026 00:59,0,2.92
11-03-2026 01:14,0,2.92
11-03-2026 01:29,0,2.92
11-03-2026 01:44,0,2.92
11-03-2026 01:59,0,2.92
11-03-2026 02:14,0,2.92
11-03-2026 02:29,0,2.92
11-03-2026 02:44,0,2.92
11-03-2026 02:59,0,2.92
11-03-2026 03:14,0,2.92
11-03-2026 03:29,0,2.92
11-03-2026 03:44,0,2.92
11-03-2026 03:59,0,2.92
11-03-2026 04:14,0,2.92
11-03-2026 04:29,0,2.92
11-03-2026 04:44,0,2.92
11-03-2026 04:59,0,2.95
11-03-2026 05:14,0,3.1
11-03-2026 05:29,0,3.23
11-03-2026 05:44,0,3.658
11-03-2026 05:59,0,4.089
11-03-2026 06:29,0,3.525
11-03-2026 06:44,0,3.47
11-03-2026 06:59,0,3.47
11-03-2026 07:14,0,3.46
11-03-2026 07:44,0,3.46
11-03-2026 08:44,0,3.04
11-03-2026 09:59,0,2.02
11-03-2026 10:14,0,2.02
11-03-2026 10:29,0,2.02
11-03-2026 10:44,0,2.02
11-03-2026 10:59,0,2.08
11-03-2026 11:14,0,1.78
11-03-2026 11:29,0,1.44
11-03-2026 11:44,0,1.15
11-03-2026 11:59,0,0.85
11-03-2026 12:14,0,0.85
11-03-2026 12:29,0,0.85
11-03-2026 12:44,0,0.85
11-03-2026 12:59,0,0.85
11-03-2026 13:14,0,0.85
11-03-2026 13:29,0,0.85
11-03-2026 13:44,0,0.85
11-03-2026 13:59,0,0.85
11-03-2026 14:14,0,0.85
11-03-2026 14:29,0,0.85
11-03-2026 14:44,0,0.85
11-03-2026 14:59,0,0.85
11-03-2026 15:14,0,0.85
11-03-2026 15:29,0,0.85
11-03-2026 15:44,0,0.85
11-03-2026 15:59,0,1.11
11-03-2026 16:14,0,1.42
11-03-2026 16:29,0,1.85
11-03-2026 16:44,0,2.37
11-03-2026 16:59,0,2.79
11-03-2026 17:14,0,2.79
11-03-2026 17:29,0,2.79
11-03-2026 17:44,0,2.79
11-03-2026 17:59,0,2.79
11-03-2026 18:14,0,2.79
11-03-2026 18:29,0,2.79
11-03-2026 18:44,0,2.79
11-03-2026 18:59,0,2.79
11-03-2026 19:14,0,2.79
11-03-2026 19:29,0,2.79
11-03-2026 19:44,0,2.79
11-03-2026 19:59,0,2.79
11-03-2026 20:14,0,2.79
11-03-2026 20:29,0,2.79
11-03-2026 20:44,0,2.79
11-03-2026 20:59,0,2.79
11-03-2026 21:14,0,2.79
11-03-2026 21:29,0,2.79
11-03-2026 21:44,0,2.79
11-03-2026 21:59,0,2.79
11-03-2026 22:14,0,2.79
11-03-2026 22:29,0,2.79
11-03-2026 22:44,0,2.79
11-03-2026 22:59,0,2.79
11-03-2026 23:14,0,2.79
11-03-2026 23:29,0,2.79
11-03-2026 23:44,0,2.79
11-03-2026 23:59,0,2.79
12-03-2026 00:14,0,2.79
12-03-2026 00:29,0,2.79
12-03-2026 00:44,0,2.79
12-03-2026 00:59,0,2.78
12-03-2026 01:14,0,2.76
12-03-2026 01:29,0,2.75
12-03-2026 01:44,0,2.71
12-03-2026 01:59,0,2.69
12-03-2026 02:14,0,2.66
12-03-2026 02:29,0,2.64
12-03-2026 02:44,0,2.6
12-03-2026 02:59,0,2.58
12-03-2026 03:14,0,2.54
12-03-2026 03:29,0,2.53
12-03-2026 03:44,0,2.48
12-03-2026 03:59,0,2.44
12-03-2026 04:14,0,2.44
12-03-2026 04:29,0,2.37
12-03-2026 04:44,0,2.37
12-03-2026 04:59,0,2.63
12-03-2026 05:14,0,2.9
12-03-2026 05:29,0,3.21
12-03-2026 05:44,0,3.17
12-03-2026 05:59,0,3.13
12-03-2026 06:29,0,3.06
12-03-2026 06:44,0,3.03
12-03-2026 06:59,0,2.98
12-03-2026 07:44,0,2.87
12-03-2026 07:59,0,2.85
12-03-2026 08:29,0,2.7
12-03-2026 09:14,0,2.0
12-03-2026 09:29,0,2.01
12-03-2026 09:44,0,1.97
12-03-2026 09:59,0,1.92
12-03-2026 10:14,0,1.86
12-03-2026 10:29,0,1.83
12-03-2026 10:44,0,1.8
12-03-2026 10:59,0,1.72
12-03-2026 11:29,0,1.63
12-03-2026 11:59,0,1.54
12-03-2026 12:14,0,1.44
12-03-2026 12:59,0,1.34
12-03-2026 13:14,0,1.36
12-03-2026 13:29,0,1.23
12-03-2026 13:44,0,1.21
12-03-2026 13:59,0,1.19
12-03-2026 14:14,0,1.19
12-03-2026 14:29,0,1.19
12-03-2026 14:44,0,1.19
12-03-2026 14:59,0,1.19
12-03-2026 15:14,0,1.18
12-03-2026 15:29,0,1.18
12-03-2026 15:44,0,1.18
12-03-2026 15:59,0,1.28
12-03-2026 16:14,0,1.7
12-03-2026 16:29,0,1.98
12-03-2026 16:44,0,2.46
12-03-2026 16:59,0,2.93
12-03-2026 17:14,0,3.0
12-03-2026 17:29,0,3.0
12-03-2026 17:44,0,3.0
12-03-2026 17:59,0,3.0
12-03-2026 18:14,0,3.0
12-03-2026 18:29,0,3.0
12-03-2026 18:44,0,3.0
12-03-2026 19:59,0,3.0
12-03-2026 20:14,0,3.0
12-03-2026 20:29,0,3.0
12-03-2026 20:44,0,3.0
12-03-2026 20:59,0,3.0
12-03-2026 21:29,0,3.0
12-03-2026 21:44,0,3.0
12-03-2026 21:59,0,3.0
12-03-2026 22:14,0,3.0
12-03-2026 22:29,0,3.0
12-03-2026 22:44,0,3.0
12-03-2026 22:59,0,3.0
12-03-2026 23:29,0,3.0
12-03-2026 23:44,0,3.0
12-03-2026 23:59,0,3.0
13-03-2026 00:14,0,3.0
13-03-2026 00:29,0,3.01
13-03-2026 00:44,0,3.0
13-03-2026 00:59,0,3.01
13-03-2026 01:14,0,3.0
13-03-2026 01:29,0,3.0
13-03-2026 01:44,0,3.0
13-03-2026 01:59,0,3.0
13-03-2026 02:14,0,3.0
13-03-2026 02:29,0,3.0
13-03-2026 02:44,0,3.0
13-03-2026 02:59,0,3.0
13-03-2026 03:14,0,3.0
13-03-2026 03:29,0,3.0
13-03-2026 03:44,0,3.0
13-03-2026 03:59,0,3.01
13-03-2026 04:14,0,3.0
13-03-2026 04:29,0,3.0
13-03-2026 04:44,0,3.01
13-03-2026 05:14,0,2.96
13-03-2026 05:29,0,3.15
13-03-2026 05:44,0,3.46
13-03-2026 05:59,0,3.47
13-03-2026 06:14,0,3.47
13-03-2026 06:44,0,3.47
13-03-2026 06:59,0,3.47
13-03-2026 07:14,0,3.47
13-03-2026 07:29,0,3.47
13-03-2026 07:44,0,3.47
13-03-2026 07:59,0,3.47
13-03-2026 08:14,0,3.47
13-03-2026 08:29,0,3.38
13-03-2026 08:44,0,3.09
13-03-2026 08:59,0,2.78
13-03-2026 09:14,0,2.5
13-03-2026 09:29,0,2.21
13-03-2026 09:59,0,1.98
13-03-2026 10:14,0,1.98
13-03-2026 10:29,0,1.98
13-03-2026 10:44,0,1.82
13-03-2026 10:59,0,1.5
13-03-2026 11:29,0,0.88
13-03-2026 11:44,0,0.71
13-03-2026 11:59,0,0.71
13-03-2026 12:14,0,0.71
13-03-2026 12:29,0,0.71
13-03-2026 12:44,0,0.71
13-03-2026 12:59,0,0.71
13-03-2026 13:14,0,0.71
13-03-2026 13:29,0,0.71
13-03-2026 13:44,0,0.71
13-03-2026 13:59,0,0.71
13-03-2026 14:14,0,0.71
13-03-2026 14:29,0,0.71
13-03-2026 14:44,0,0.71
13-03-2026 14:59,0,0.71
13-03-2026 15:14,0,0.71
13-03-2026 15:29,0,0.71
13-03-2026 15:44,0,0.71
13-03-2026 15:59,0,1.02
13-03-2026 16:14,0,1.33
13-03-2026 16:29,0,1.83
13-03-2026 16:44,0,2.35
13-03-2026 16:59,0,2.46
13-03-2026 17:14,0,2.46
13-03-2026 17:29,0,2.46
13-03-2026 17:44,0,2.46
13-03-2026 17:59,0,2.46
13-03-2026 18:14,0,2.46
13-03-2026 18:29,0,2.46
13-03-2026 18:44,0,2.46
13-03-2026 18:59,0,2.46
13-03-2026 19:14,0,2.46
13-03-2026 19:29,0,2.46
13-03-2026 19:44,0,2.46
13-03-2026 19:59,0,2.46
13-03-2026 20:14,0,2.46
13-03-2026 20:29,0,2.46
13-03-2026 20:44,0,2.46
13-03-2026 20:59,0,2.46
13-03-2026 21:29,0,2.46
13-03-2026 21:44,0,2.46
13-03-2026 21:59,0,2.46
13-03-2026 22:14,0,2.46
13-03-2026 22:29,0,2.46
13-03-2026 22:44,0,2.46
13-03-2026 22:59,0,2.46
13-03-2026 23:14,0,2.47
13-03-2026 23:29,0,2.46
13-03-2026 23:44,0,2.46
13-03-2026 23:59,0,2.46
14-03-2026 00:14,0,2.47
14-03-2026 00:29,0,2.46
14-03-2026 00:44,0,2.46
14-03-2026 00:59,0,2.46
14-03-2026 01:14,0,2.46
14-03-2026 01:29,0,2.46
14-03-2026 01:44,0,2.47
14-03-2026 01:59,0,2.46
14-03-2026 02:14,0,2.46
14-03-2026 02:29,0,2.46
14-03-2026 02:44,0,2.46
14-03-2026 02:59,0,2.46
14-03-2026 03:14,0,2.46
14-03-2026 03:29,0,2.46
14-03-2026 03:44,0,2.46
14-03-2026 03:59,0,2.46
14-03-2026 04:14,0,2.46
14-03-2026 04:29,0,2.46
14-03-2026 04:44,0,2.46
14-03-2026 04:59,0,2.76
14-03-2026 05:14,0,3.0
14-03-2026 05:29,0,3.48
14-03-2026 05:44,0,3.577
14-03-2026 05:59,0,3.576
14-03-2026 06:14,0,3.576
14-03-2026 06:29,0,3.574
14-03-2026 06:44,0,3.575
14-03-2026 06:59,0,3.574
14-03-2026 07:14,0,3.572
14-03-2026 07:29,0,3.572
14-03-2026 07:44,0,3.573
14-03-2026 07:59,0,3.572
14-03-2026 08:14,0,3.571
14-03-2026 08:44,0,3.05
14-03-2026 09:14,0,2.49
14-03-2026 09:29,0,2.4
14-03-2026 09:44,0,2.41
14-03-2026 09:59,0,2.41
14-03-2026 10:14,0,2.41
14-03-2026 10:29,0,2.27
14-03-2026 10:44,0,1.96
14-03-2026 10:59,0,1.65
14-03-2026 11:14,0,1.41
14-03-2026 11:29,0,1.4
14-03-2026 11:44,0,1.4
14-03-2026 11:59,0,1.4
14-03-2026 12:14,0,1.4
14-03-2026 12:29,0,1.4
14-03-2026 12:44,0,1.4
14-03-2026 12:59,0,1.4
14-03-2026 13:14,0,1.4
14-03-2026 13:29,0,1.4
14-03-2026 13:44,0,1.4
14-03-2026 13:59,0,1.4
14-03-2026 14:14,0,1.4
14-03-2026 14:29,0,1.4
14-03-2026 14:44,0,1.4
14-03-2026 14:59,0,1.4
14-03-2026 15:14,0,1.4
14-03-2026 15:29,0,1.4
14-03-2026 15:44,0,1.4
14-03-2026 16:14,0,1.84
14-03-2026 16:29,0,2.01
14-03-2026 16:44,0,2.39
14-03-2026 16:59,0,2.87
14-03-2026 17:14,0,2.88
14-03-2026 17:44,0,2.43
14-03-2026 17:59,0,2.42
14-03-2026 18:14,0,2.43
14-03-2026 18:29,0,2.43
14-03-2026 18:44,0,2.43
14-03-2026 18:59,0,2.43
14-03-2026 19:14,0,2.43
14-03-2026 19:29,0,2.43
14-03-2026 19:44,0,2.43
14-03-2026 19:59,0,2.43
14-03-2026 20:14,0,2.43
14-03-2026 20:29,0,2.43
14-03-2026 20:44,0,2.43
14-03-2026 20:59,0,2.42
14-03-2026 21:14,0,2.42
14-03-2026 21:29,0,2.43
14-03-2026 21:44,0,2.43
14-03-2026 21:59,0,2.43
14-03-2026 22:14,0,2.42
14-03-2026 22:29,0,2.43
14-03-2026 22:44,0,2.43
14-03-2026 22:59,0,2.43
14-03-2026 23:14,0,2.43
14-03-2026 23:29,0,2.43
14-03-2026 23:44,0,2.43
14-03-2026 23:59,0,2.43
15-03-2026 00:14,0,2.43
15-03-2026 00:29,0,2.43
15-03-2026 00:44,0,2.43
15-03-2026 00:59,0,2.43
15-03-2026 01:14,0,2.43
15-03-2026 01:29,0,2.43
15-03-2026 01:44,0,2.43
15-03-2026 01:59,0,2.43
15-03-2026 02:14,0,2.43
15-03-2026 02:29,0,2.43
15-03-2026 02:44,0,2.43
15-03-2026 02:59,0,2.43
15-03-2026 03:14,0,2.43
15-03-2026 03:29,0,2.43
15-03-2026 03:44,0,2.43
15-03-2026 03:59,0,2.43
15-03-2026 04:14,0,2.43
15-03-2026 04:29,0,2.43
15-03-2026 04:44,0,2.43
15-03-2026 04:59,0,2.44
15-03-2026 05:14,0,2.78
15-03-2026 05:29,0,3.19
15-03-2026 05:44,0,3.621
15-03-2026 05:59,0,3.49
15-03-2026 06:14,0,3.18
15-03-2026 06:44,0,2.67
15-03-2026 06:59,0,2.68
15-03-2026 07:14,0,2.68
15-03-2026 07:29,0,2.68
15-03-2026 07:44,0,2.69
15-03-2026 07:59,0,2.69
15-03-2026 08:14,0,2.69
15-03-2026 08:29,0,2.65
15-03-2026 08:44,0,2.36
15-03-2026 08:59,0,2.07
15-03-2026 09:14,0,1.76
15-03-2026 09:29,0,1.43
15-03-2026 09:44,0,1.12
15-03-2026 09:59,0,0.9
15-03-2026 10:14,0,1.38
15-03-2026 10:29,0,1.67
15-03-2026 10:44,0,1.67
15-03-2026 10:59,0,1.66
15-03-2026 11:44,0,1.55
15-03-2026 11:59,0,1.54
15-03-2026 12:14,0,1.8
15-03-2026 12:29,0,1.92
15-03-2026 12:44,0,1.97
15-03-2026 12:59,0,2.22
15-03-2026 13:14,0,2.33
15-03-2026 13:29,0,2.38
15-03-2026 13:44,0,2.38
15-03-2026 13:59,0,2.38
15-03-2026 14:14,0,2.38
15-03-2026 14:29,0,2.38
15-03-2026 14:44,0,2.38
15-03-2026 14:59,0,2.38
15-03-2026 15:14,0,2.38
15-03-2026 15:29,0,2.38
15-03-2026 15:44,0,2.38
15-03-2026 15:59,0,2.38
15-03-2026 16:14,0,2.46
15-03-2026 16:29,0,2.63
15-03-2026 16:44,0,2.78
15-03-2026 16:59,0,2.78
15-03-2026 17:14,0,2.78
15-03-2026 17:29,0,2.78
15-03-2026 17:44,0,2.78
15-03-2026 17:59,0,2.78
15-03-2026 18:14,0,2.78
15-03-2026 18:29,0,2.78
15-03-2026 18:44,0,2.78
15-03-2026 19:14,0,2.78
15-03-2026 19:29,0,2.78
15-03-2026 19:44,0,2.78
15-03-2026 19:59,0,2.78
15-03-2026 20:14,0,2.78
15-03-2026 20:29,0,2.78
15-03-2026 20:44,0,2.78
15-03-2026 20:59,0,2.78
15-03-2026 21:14,0,2.78
15-03-2026 21:29,0,2.78
15-03-2026 21:44,0,2.78
15-03-2026 21:59,0,2.78
15-03-2026 22:14,0,2.79
15-03-2026 22:29,0,2.78
15-03-2026 22:44,0,2.79
15-03-2026 22:59,0,2.79
15-03-2026 23:14,0,2.78
15-03-2026 23:29,0,2.78
15-03-2026 23:44,0,2.79
16-03-2026 00:14,0,2.78
16-03-2026 00:29,0,2.78
16-03-2026 00:44,0,2.78
16-03-2026 00:59,0,2.78
16-03-2026 01:14,0,2.78
16-03-2026 01:29,0,2.78
16-03-2026 01:44,0,2.78
16-03-2026 01:59,0,2.78
16-03-2026 02:14,0,2.78
16-03-2026 02:29,0,2.78
16-03-2026 02:44,0,2.79
16-03-2026 02:59,0,2.78
16-03-2026 03:14,0,2.78
16-03-2026 03:29,0,2.78
16-03-2026 03:44,0,2.78
16-03-2026 03:59,0,2.78
16-03-2026 04:14,0,2.78
16-03-2026 04:29,0,2.79
16-03-2026 04:44,0,2.79
16-03-2026 04:59,0,2.95
16-03-2026 05:14,0,3.28
16-03-2026 05:29,0,3.679
16-03-2026 05:44,0,4.031
16-03-2026 05:59,0,4.031
16-03-2026 06:14,0,4.031
16-03-2026 06:29,0,4.03
16-03-2026 06:44,0,4.031
16-03-2026 06:59,0,4.031
16-03-2026 07:14,0,4.03
16-03-2026 07:29,0,4.029
16-03-2026 07:44,0,4.031
16-03-2026 07:59,0,4.029
16-03-2026 08:14,0,4.029
16-03-2026 08:29,0,4.008
16-03-2026 08:44,0,3.719
16-03-2026 08:59,0,3.43
16-03-2026 09:14,0,3.14
16-03-2026 09:44,0,2.91
16-03-2026 09:59,0,2.91
16-03-2026 10:14,0,2.78
16-03-2026 10:29,0,2.51
16-03-2026 10:44,0,2.22
16-03-2026 10:59,0,1.88
16-03-2026 11:14,0,1.71
16-03-2026 11:29,0,1.78
16-03-2026 11:44,0,1.78
16-03-2026 11:59,0,1.78
16-03-2026 12:14,0,1.78
16-03-2026 12:29,0,1.49
16-03-2026 12:44,0,1.18
16-03-2026 12:59,0,1.08
16-03-2026 13:14,0,1.08
16-03-2026 13:29,0,1.08
16-03-2026 13:44,0,1.08
16-03-2026 13:59,0,1.08
16-03-2026 14:14,0,1.08
16-03-2026 14:29,0,1.08
16-03-2026 14:44,0,1.08
16-03-2026 14:59,0,1.08
16-03-2026 15:14,0,1.08
16-03-2026 15:29,0,1.08
16-03-2026 15:44,0,1.08
16-03-2026 15:59,0,1.14
16-03-2026 16:14,0,1.45
16-03-2026 16:29,0,1.82
16-03-2026 16:44,0,2.37
16-03-2026 16:59,0,2.75
16-03-2026 17:14,0,2.75
16-03-2026 17:29,0,2.75
16-03-2026 17:44,0,2.75
16-03-2026 17:59,0,2.75
16-03-2026 18:14,0,2.75
16-03-2026 18:29,0,2.75
16-03-2026 18:44,0,2.75
16-03-2026 18:59,0,2.75
16-03-2026 19:14,0,2.75
16-03-2026 19:29,0,2.75
16-03-2026 19:44,0,2.75
16-03-2026 19:59,0,2.75
16-03-2026 20:14,0,2.75
16-03-2026 20:29,0,2.75
16-03-2026 20:44,0,2.75
16-03-2026 20:59,0,2.75
16-03-2026 21:14,0,2.75
16-03-2026 21:29,0,2.75
16-03-2026 21:44,0,2.75
16-03-2026 21:59,0,2.75
16-03-2026 22:14,0,2.75
16-03-2026 22:29,0,2.75
16-03-2026 22:44,0,2.75
16-03-2026 22:59,0,2.75
16-03-2026 23:14,0,2.75
16-03-2026 23:29,0,2.75
16-03-2026 23:44,0,2.75
16-03-2026 23:59,0,2.75
17-03-2026 00:14,0,2.75
17-03-2026 00:29,0,2.75
17-03-2026 00:44,0,2.75
17-03-2026 00:59,0,2.75
17-03-2026 01:14,0,2.75
17-03-2026 01:29,0,2.75
17-03-2026 01:44,0,2.75
17-03-2026 01:59,0,2.75
17-03-2026 02:14,0,2.75
17-03-2026 02:29,0,2.75
17-03-2026 02:44,0,2.75
17-03-2026 02:59,0,2.75
17-03-2026 03:14,0,2.75
17-03-2026 03:29,0,2.75
17-03-2026 03:44,0,2.75
17-03-2026 03:59,0,2.75
17-03-2026 04:14,0,2.75
17-03-2026 04:29,0,2.75
17-03-2026 04:44,0,2.75
17-03-2026 04:59,0,2.76
17-03-2026 05:14,0,2.78
17-03-2026 05:29,0,3.02
17-03-2026 05:44,0,3.48
17-03-2026 05:59,0,3.577
17-03-2026 06:14,0,3.576
17-03-2026 06:29,0,3.576
17-03-2026 06:44,0,3.581
17-03-2026 06:59,0,3.579
17-03-2026 07:14,0,3.579
17-03-2026 07:29,0,3.577
17-03-2026 07:44,0,3.579
17-03-2026 07:59,0,3.579
17-03-2026 08:14,0,3.597
17-03-2026 08:29,0,3.29
17-03-2026 08:44,0,3.01
17-03-2026 08:59,0,2.71
17-03-2026 09:14,0,2.42
17-03-2026 09:29,0,2.13
17-03-2026 09:44,0,1.97
17-03-2026 09:59,0,1.97
17-03-2026 10:14,0,1.97
17-03-2026 10:29,0,1.97
17-03-2026 10:44,0,1.97
17-03-2026 10:59,0,1.97
17-03-2026 11:14,0,1.97
17-03-2026 11:29,0,1.97
17-03-2026 11:44,0,1.97
17-03-2026 11:59,0,1.97
17-03-2026 12:29,0,1.49
17-03-2026 12:44,0,1.14
17-03-2026 12:59,0,0.86
17-03-2026 13:14,0,0.86
17-03-2026 13:29,0,0.86
17-03-2026 13:44,0,0.86
17-03-2026 14:14,0,0.86
17-03-2026 14:29,0,0.86
17-03-2026 14:44,0,0.86
17-03-2026 14:59,0,0.86
17-03-2026 15:14,0,0.86
17-03-2026 15:29,0,0.86
17-03-2026 15:44,0,0.86
17-03-2026 15:59,0,1.14
17-03-2026 16:14,0,1.39
17-03-2026 16:29,0,1.85
17-03-2026 16:44,0,2.38
17-03-2026 16:59,0,2.57
17-03-2026 17:14,0,2.57
17-03-2026 17:29,0,2.57
17-03-2026 17:44,0,2.58
17-03-2026 17:59,0,2.57
17-03-2026 18:14,0,2.58
17-03-2026 18:29,0,2.57
17-03-2026 18:44,0,2.58
17-03-2026 18:59,0,2.58
17-03-2026 19:14,0,2.58
17-03-2026 19:29,0,2.57
17-03-2026 19:44,0,2.58
17-03-2026 19:59,0,2.58
17-03-2026 20:14,0,2.58
17-03-2026 20:29,0,2.58
17-03-2026 20:44,0,2.58
17-03-2026 20:59,0,2.57
17-03-2026 21:14,0,2.57
17-03-2026 21:29,0,2.57
17-03-2026 21:44,0,2.57
17-03-2026 21:59,0,2.57
17-03-2026 22:14,0,2.57
17-03-2026 22:29,0,2.57
17-03-2026 22:44,0,2.57
17-03-2026 22:59,0,2.57
17-03-2026 23:14,0,2.58
17-03-2026 23:29,0,2.57
17-03-2026 23:44,0,2.57
17-03-2026 23:59,0,2.58
18-03-2026 00:14,0,2.57
18-03-2026 00:29,0,2.58
18-03-2026 00:44,0,2.58
18-03-2026 00:59,0,2.58
18-03-2026 01:14,0,2.57
18-03-2026 01:29,0,2.57
18-03-2026 01:44,0,2.57
18-03-2026 01:59,0,2.57
18-03-2026 02:14,0,2.58
18-03-2026 02:29,0,2.58
18-03-2026 02:44,0,2.57
18-03-2026 02:59,0,2.57
18-03-2026 03:14,0,2.57
18-03-2026 03:29,0,2.57
18-03-2026 03:44,0,2.57
18-03-2026 03:59,0,2.57
18-03-2026 04:14,0,2.57
18-03-2026 04:29,0,2.58
18-03-2026 04:44,0,2.57
18-03-2026 04:59,0,2.87
18-03-2026 05:14,0,3.23
18-03-2026 05:29,0,3.626
18-03-2026 05:44,0,3.625
18-03-2026 05:59,0,3.623
18-03-2026 06:14,0,3.624
18-03-2026 06:29,0,3.624
18-03-2026 06:44,0,3.621
18-03-2026 06:59,0,3.623
18-03-2026 07:14,0,3.622
18-03-2026 07:29,0,3.623
18-03-2026 07:44,0,3.626
18-03-2026 07:59,0,3.625
18-03-2026 08:14,0,3.622
18-03-2026 08:29,0,3.622
18-03-2026 08:44,0,3.633
18-03-2026 09:14,0,3.07
18-03-2026 09:29,0,2.77
18-03-2026 09:44,0,2.48
18-03-2026 10:14,0,2.17
18-03-2026 10:29,0,2.18
18-03-2026 10:44,0,2.18
18-03-2026 10:59,0,2.18
18-03-2026 11:14,0,2.1
18-03-2026 11:59,0,1.31
18-03-2026 12:14,0,1.31
18-03-2026 12:29,0,1.31
18-03-2026 12:44,0,1.31
18-03-2026 12:59,0,1.31
18-03-2026 13:14,0,1.31
18-03-2026 13:29,0,1.31
18-03-2026 13:44,0,1.31
18-03-2026 13:59,0,1.31
18-03-2026 14:14,0,1.31
18-03-2026 14:29,0,1.31
18-03-2026 14:44,0,1.31
18-03-2026 14:59,0,1.31
18-03-2026 15:14,0,1.31
18-03-2026 15:29,0,1.31
18-03-2026 15:44,0,1.31
18-03-2026 15:59,0,1.31
18-03-2026 16:29,0,1.89
18-03-2026 16:44,0,2.37
18-03-2026 16:59,0,2.83
18-03-2026 17:14,0,2.89
18-03-2026 17:29,0,2.87
18-03-2026 18:14,0,2.82
18-03-2026 18:29,0,2.82
18-03-2026 18:44,0,2.8
18-03-2026 19:14,0,2.76
18-03-2026 19:44,0,2.73
18-03-2026 19:59,0,2.71
18-03-2026 20:14,0,2.71
18-03-2026 20:44,0,2.67
18-03-2026 20:59,0,2.63
18-03-2026 21:44,0,2.57
18-03-2026 21:59,0,2.54
18-03-2026 22:14,0,2.54
18-03-2026 22:29,0,2.53
18-03-2026 22:59,0,2.5
18-03-2026 23:29,0,2.45
18-03-2026 23:44,0,2.44
18-03-2026 23:59,0,2.43
19-03-2026 00:14,0,2.43
19-03-2026 00:29,0,2.4
19-03-2026 00:59,0,2.37
19-03-2026 01:14,0,2.36
19-03-2026 01:29,0,2.31
19-03-2026 01:44,0,2.31
19-03-2026 02:14,0,2.28
19-03-2026 02:29,0,2.24
19-03-2026 02:44,0,2.23
19-03-2026 02:59,0,2.22
19-03-2026 03:29,0,2.19
19-03-2026 03:44,0,2.19
19-03-2026 04:14,0,2.17
19-03-2026 04:29,0,2.13
19-03-2026 04:44,0,2.08
19-03-2026 04:59,0,2.07
19-03-2026 05:14,0,2.38
19-03-2026 05:29,0,2.47
19-03-2026 05:44,0,2.91
19-03-2026 06:14,0,3.31
19-03-2026 06:29,0,3.31
19-03-2026 06:44,0,3.29
19-03-2026 06:59,0,3.27
19-03-2026 07:29,0,3.24
19-03-2026 07:44,0,3.21
19-03-2026 07:59,0,3.19
19-03-2026 08:29,0,3.15
19-03-2026 08:44,0,3.13
19-03-2026 08:59,0,3.1
19-03-2026 09:14,0,3.09
19-03-2026 09:29,0,3.08
19-03-2026 09:44,0,3.05
19-03-2026 09:59,0,3.04
19-03-2026 10:14,0,3.03
19-03-2026 10:29,0,3.01
19-03-2026 10:44,0,3.0
19-03-2026 10:59,0,2.98
19-03-2026 11:14,0,2.97
19-03-2026 11:29,0,2.97
19-03-2026 11:44,0,2.97
19-03-2026 11:59,0,2.94
19-03-2026 12:14,0,2.93
19-03-2026 12:29,0,2.93
19-03-2026 12:44,0,2.79
19-03-2026 12:59,0,2.5
19-03-2026 13:14,0,2.21
19-03-2026 13:29,0,1.9
19-03-2026 13:44,0,1.78
19-03-2026 13:59,0,1.78
19-03-2026 14:14,0,1.79
19-03-2026 14:29,0,1.74
19-03-2026 14:44,0,1.71
19-03-2026 14:59,0,1.71
19-03-2026 15:14,0,1.64
19-03-2026 15:44,0,1.64
19-03-2026 15:59,0,1.92
19-03-2026 16:14,0,2.21
19-03-2026 16:29,0,2.71
19-03-2026 16:44,0,3.13
19-03-2026 16:59,0,3.534
19-03-2026 17:14,0,3.534
19-03-2026 17:29,0,3.535
19-03-2026 17:44,0,3.535
19-03-2026 17:59,0,3.535
19-03-2026 18:14,0,3.535
19-03-2026 18:29,0,3.535
19-03-2026 18:44,0,3.534
19-03-2026 18:59,0,3.532
19-03-2026 19:14,0,3.532
19-03-2026 19:29,0,3.532
19-03-2026 19:44,0,3.532
19-03-2026 19:59,0,3.532
19-03-2026 20:14,0,3.532
19-03-2026 20:29,0,3.532
19-03-2026 20:44,0,3.532
19-03-2026 20:59,0,3.532
19-03-2026 21:14,0,3.532
19-03-2026 21:29,0,3.533
19-03-2026 21:44,0,3.533
19-03-2026 21:59,0,3.533
19-03-2026 22:14,0,3.527
19-03-2026 22:29,0,3.524
19-03-2026 22:59,0,3.5
19-03-2026 23:14,0,3.48
19-03-2026 23:29,0,3.47
19-03-2026 23:44,0,3.45
19-03-2026 23:59,0,3.44
20-03-2026 00:14,0,3.42
20-03-2026 00:29,0,3.4
20-03-2026 00:44,0,3.39
20-03-2026 01:14,0,3.35
20-03-2026 01:29,0,3.33
20-03-2026 01:44,0,3.33
20-03-2026 01:59,0,3.33
20-03-2026 02:14,0,3.33
20-03-2026 02:29,0,3.33
20-03-2026 02:44,0,3.33
20-03-2026 02:59,0,3.33
20-03-2026 03:14,0,3.33
20-03-2026 03:29,0,3.33
20-03-2026 03:44,0,3.33
20-03-2026 03:59,0,3.33
20-03-2026 04:14,0,3.33
20-03-2026 04:29,0,3.33
20-03-2026 04:44,0,3.33
20-03-2026 04:59,0,3.49
20-03-2026 05:14,0,3.707
20-03-2026 05:29,0,4.127
20-03-2026 05:44,0,4.296
20-03-2026 05:59,0,4.321
20-03-2026 06:14,0,4.302
20-03-2026 06:29,0,4.275
20-03-2026 06:44,0,4.259
20-03-2026 06:59,0,4.224
20-03-2026 07:29,0,4.189
20-03-2026 07:59,0,4.148
20-03-2026 08:14,0,4.115
20-03-2026 08:29,0,4.092
20-03-2026 08:44,0,4.01
20-03-2026 08:59,0,3.703
20-03-2026 09:14,0,3.38
20-03-2026 09:29,0,3.07
20-03-2026 09:44,0,2.77
20-03-2026 10:29,0,2.47
20-03-2026 10:44,0,2.46
20-03-2026 10:59,0,2.42
20-03-2026 11:14,0,2.4
20-03-2026 11:29,0,2.37
20-03-2026 11:44,0,2.33
20-03-2026 11:59,0,2.32
20-03-2026 12:29,0,2.27
20-03-2026 12:44,0,2.25
20-03-2026 12:59,0,2.25
20-03-2026 13:14,0,2.22
20-03-2026 13:44,0,2.17
20-03-2026 13:59,0,2.14
20-03-2026 14:14,0,2.13
20-03-2026 14:29,0,2.13
20-03-2026 14:44,0,2.07
20-03-2026 14:59,0,2.06
20-03-2026 15:14,0,2.03
20-03-2026 15:29,0,2.01
20-03-2026 15:44,0,1.99
20-03-2026 15:59,0,2.23
20-03-2026 16:44,0,3.3
20-03-2026 16:59,0,3.582
20-03-2026 17:14,0,3.579
20-03-2026 17:29,0,3.577
20-03-2026 17:44,0,3.578
20-03-2026 17:59,0,3.578
20-03-2026 18:14,0,3.578
20-03-2026 18:29,0,3.579
20-03-2026 18:59,0,3.579
20-03-2026 19:14,0,3.579
20-03-2026 19:29,0,3.58
20-03-2026 19:44,0,3.579
20-03-2026 19:59,0,3.579
20-03-2026 20:14,0,3.579
20-03-2026 20:29,0,3.58
20-03-2026 20:59,0,3.58
20-03-2026 21:14,0,3.581
20-03-2026 21:29,0,3.581
20-03-2026 21:44,0,3.581
20-03-2026 21:59,0,3.581
20-03-2026 22:14,0,3.581
20-03-2026 22:29,0,3.581
20-03-2026 22:44,0,3.581
20-03-2026 22:59,0,3.581
20-03-2026 23:14,0,3.581
20-03-2026 23:29,0,3.581
20-03-2026 23:44,0,3.581
20-03-2026 23:59,0,3.581
21-03-2026 00:14,0,3.581
21-03-2026 00:29,0,3.582
21-03-2026 00:44,0,3.58
21-03-2026 00:59,0,3.58
21-03-2026 01:14,0,3.58
21-03-2026 01:29,0,3.58
21-03-2026 01:44,0,3.581
21-03-2026 01:59,0,3.583
21-03-2026 02:14,0,3.58
21-03-2026 02:29,0,3.58
21-03-2026 02:44,0,3.58
21-03-2026 02:59,0,3.581
21-03-2026 03:14,0,3.583
21-03-2026 03:29,0,3.582
21-03-2026 03:44,0,3.579
21-03-2026 03:59,0,3.582
21-03-2026 04:14,0,3.582
21-03-2026 04:29,0,3.582
21-03-2026 04:44,0,3.582
21-03-2026 04:59,0,3.596
21-03-2026 05:14,0,3.602
21-03-2026 05:29,0,3.738
21-03-2026 05:44,0,3.572
21-03-2026 06:14,0,3.29
21-03-2026 06:29,0,3.29
21-03-2026 06:44,0,3.3
21-03-2026 06:59,0,3.3
21-03-2026 07:14,0,3.29
21-03-2026 07:29,0,3.29
21-03-2026 07:44,0,3.3
21-03-2026 07:59,0,3.3
21-03-2026 08:14,0,3.3
21-03-2026 08:29,0,3.3
21-03-2026 08:44,0,3.3
21-03-2026 08:59,0,3.06
21-03-2026 09:14,0,2.75
21-03-2026 09:29,0,2.48
21-03-2026 09:44,0,2.19
21-03-2026 09:59,0,1.95
21-03-2026 10:14,0,1.95
21-03-2026 10:29,0,1.95
21-03-2026 10:44,0,1.95
21-03-2026 10:59,0,1.95
21-03-2026 11:14,0,1.95
21-03-2026 11:44,0,1.95
21-03-2026 12:14,0,1.95
21-03-2026 12:29,0,1.95
21-03-2026 12:44,0,1.95
21-03-2026 12:59,0,1.95
21-03-2026 13:14,0,1.95
21-03-2026 13:29,0,1.95
21-03-2026 13:44,0,1.95
21-03-2026 13:59,0,1.95
21-03-2026 14:14,0,1.95
21-03-2026 14:29,0,1.95
21-03-2026 14:44,0,1.95
21-03-2026 14:59,0,1.95
21-03-2026 15:14,0,1.95
21-03-2026 15:29,0,1.95
21-03-2026 15:44,0,1.95
21-03-2026 15:59,0,2.0
21-03-2026 16:14,0,2.38
21-03-2026 16:29,0,2.49
21-03-2026 16:44,0,2.92
21-03-2026 17:14,0,3.01
21-03-2026 17:29,0,2.72
21-03-2026 17:44,0,2.43
21-03-2026 17:59,0,2.23
21-03-2026 18:14,0,2.23
21-03-2026 18:29,0,2.23
21-03-2026 18:44,0,2.23
21-03-2026 18:59,0,2.23
21-03-2026 19:14,0,2.23
21-03-2026 19:29,0,2.23
21-03-2026 19:44,0,2.23
21-03-2026 19:59,0,2.23
21-03-2026 20:14,0,2.23
21-03-2026 20:29,0,2.23
21-03-2026 20:44,0,2.23
21-03-2026 20:59,0,2.23
21-03-2026 21:14,0,2.23
21-03-2026 21:29,0,2.26
21-03-2026 21:44,0,2.25
21-03-2026 21:59,0,2.25
21-03-2026 22:14,0,2.21
21-03-2026 22:29,0,2.19
21-03-2026 22:59,0,2.15
21-03-2026 23:14,0,2.11
21-03-2026 23:44,0,2.06
21-03-2026 23:59,0,2.07
22-03-2026 00:14,0,2.02
22-03-2026 00:29,0,2.01
22-03-2026 00:44,0,2.07
22-03-2026 00:59,0,2.04
22-03-2026 01:14,0,2.03
22-03-2026 01:44,0,2.0
22-03-2026 01:59,0,1.96
22-03-2026 02:14,0,1.94
22-03-2026 02:16,0,1.94
22-03-2026 02:29,0,1.9
22-03-2026 02:44,0,1.91
22-03-2026 02:59,0,1.87
22-03-2026 03:29,0,1.84
22-03-2026 03:44,0,1.84
22-03-2026 04:14,0,1.77
22-03-2026 04:29,0,1.74
22-03-2026 04:59,0,1.71
22-03-2026 05:29,0,2.05
22-03-2026 05:44,0,2.38
22-03-2026 05:59,0,2.36
22-03-2026 06:14,0,2.33
22-03-2026 06:29,0,2.31
22-03-2026 06:44,0,2.28
22-03-2026 06:59,0,2.26
22-03-2026 07:14,0,2.22
22-03-2026 07:29,0,2.19
22-03-2026 07:44,0,2.16
22-03-2026 08:14,0,2.08
22-03-2026 08:44,0,2.02
22-03-2026 08:59,0,1.97
22-03-2026 09:14,0,1.95
22-03-2026 09:29,0,1.89
22-03-2026 09:44,0,1.81
22-03-2026 10:14,0,1.72
22-03-2026 10:29,0,1.64
22-03-2026 10:59,0,1.49
22-03-2026 11:29,0,1.38
22-03-2026 11:44,0,1.36
22-03-2026 12:14,0,1.25
22-03-2026 12:29,0,1.23
22-03-2026 12:44,0,1.21
22-03-2026 12:59,0,1.21
22-03-2026 13:14,0,1.2
22-03-2026 13:29,0,1.2
22-03-2026 13:44,0,1.19
22-03-2026 13:59,0,1.19
22-03-2026 14:14,0,1.19
22-03-2026 14:29,0,1.19
22-03-2026 14:44,0,1.19
22-03-2026 14:59,0,1.19
22-03-2026 15:14,0,1.19
22-03-2026 15:29,0,1.19
22-03-2026 15:44,0,1.19
22-03-2026 15:59,0,1.2
22-03-2026 16:29,0,1.86
22-03-2026 16:44,0,2.38
22-03-2026 16:59,0,2.73
22-03-2026 17:14,0,2.73
22-03-2026 17:29,0,2.73
22-03-2026 17:44,0,2.73
22-03-2026 17:59,0,2.73
22-03-2026 18:14,0,2.73
22-03-2026 18:29,0,2.73
22-03-2026 18:44,0,2.73
22-03-2026 18:59,0,2.73
22-03-2026 19:14,0,2.73
22-03-2026 19:29,0,2.73
22-03-2026 19:44,0,2.73
22-03-2026 19:59,0,2.73
22-03-2026 20:14,0,2.73
22-03-2026 20:29,0,2.73
22-03-2026 20:44,0,2.73
22-03-2026 20:59,0,2.73
22-03-2026 21:14,0,2.73
22-03-2026 21:29,0,2.73
22-03-2026 21:44,0,2.73
22-03-2026 21:59,0,2.73
22-03-2026 22:14,0,2.73
22-03-2026 22:29,0,2.72
22-03-2026 22:44,0,2.71
22-03-2026 22:59,0,2.7
22-03-2026 23:14,0,2.7
22-03-2026 23:29,0,2.7
22-03-2026 23:44,0,2.67
22-03-2026 23:59,0,2.66
23-03-2026 00:14,0,2.66
23-03-2026 00:29,0,2.63
23-03-2026 00:44,0,2.6
23-03-2026 00:59,0,2.58
23-03-2026 01:14,0,2.56
23-03-2026 01:29,0,2.54
23-03-2026 01:44,0,2.52
23-03-2026 01:59,0,2.5
23-03-2026 02:14,0,2.48
23-03-2026 02:29,0,2.46
23-03-2026 02:30,0,2.46
23-03-2026 02:44,0,2.44
23-03-2026 02:59,0,2.42
23-03-2026 03:14,0,2.4
23-03-2026 03:29,0,2.39
23-03-2026 03:44,0,2.37
23-03-2026 03:59,0,2.36
23-03-2026 04:14,0,2.34
23-03-2026 04:29,0,2.3
23-03-2026 04:44,0,2.23
23-03-2026 04:59,0,2.23
23-03-2026 05:14,0,2.46
23-03-2026 05:29,0,2.74
23-03-2026 05:44,0,3.1
23-03-2026 05:59,0,3.07
23-03-2026 06:14,0,3.03
23-03-2026 06:29,0,3.0
23-03-2026 06:44,0,2.97
23-03-2026 06:59,0,2.94
23-03-2026 07:14,0,2.91
23-03-2026 07:29,0,2.88
23-03-2026 07:44,0,2.86
23-03-2026 07:59,0,2.84
23-03-2026 08:14,0,2.81
23-03-2026 08:29,0,2.8
23-03-2026 08:44,0,2.78
23-03-2026 08:59,0,2.76
23-03-2026 09:14,0,2.75
23-03-2026 09:29,0,2.74
23-03-2026 09:44,0,2.73
23-03-2026 09:59,0,2.72
23-03-2026 10:14,0,2.71
23-03-2026 10:29,0,2.7
23-03-2026 10:44,0,2.7
23-03-2026 10:59,0,2.59
23-03-2026 11:29,0,1.99
23-03-2026 11:44,0,1.68
23-03-2026 11:59,0,1.45
23-03-2026 12:14,0,1.45
23-03-2026 12:29,0,1.45
23-03-2026 12:44,0,1.45
23-03-2026 12:59,0,1.45
23-03-2026 13:14,0,1.45
23-03-2026 13:29,0,1.45
23-03-2026 13:44,0,1.45
23-03-2026 13:59,0,1.45
23-03-2026 14:14,0,1.45
23-03-2026 14:29,0,1.45
23-03-2026 14:30,0,1.45
23-03-2026 14:44,0,1.45
23-03-2026 14:59,0,1.45
23-03-2026 15:14,0,1.45
23-03-2026 15:29,0,1.45
23-03-2026 15:44,0,1.45
23-03-2026 15:59,0,1.8
23-03-2026 16:14,0,2.0
23-03-2026 16:29,0,2.41
23-03-2026 16:44,0,2.88
23-03-2026 16:59,0,3.35
23-03-2026 17:14,0,3.48
23-03-2026 17:29,0,3.48
23-03-2026 17:44,0,3.48
23-03-2026 17:59,0,3.48
23-03-2026 18:14,0,3.48
23-03-2026 18:29,0,3.48
23-03-2026 18:44,0,3.48
23-03-2026 18:59,0,3.48
23-03-2026 19:14,0,3.48
23-03-2026 19:29,0,3.48
23-03-2026 19:44,0,3.48
23-03-2026 19:59,0,3.48
23-03-2026 20:14,0,3.48
23-03-2026 20:29,0,3.48
23-03-2026 20:44,0,3.48
23-03-2026 20:59,0,3.48
23-03-2026 21:14,0,3.48
23-03-2026 21:29,0,3.48
23-03-2026 21:44,0,3.48
23-03-2026 21:59,0,3.48
23-03-2026 22:14,0,3.48
23-03-2026 22:29,0,3.48
23-03-2026 22:44,0,3.48
23-03-2026 22:59,0,3.48
23-03-2026 23:14,0,3.48
23-03-2026 23:29,0,3.48
23-03-2026 23:44,0,3.48
23-03-2026 23:59,0,3.47
24-03-2026 00:14,0,3.47
24-03-2026 00:29,0,3.46
24-03-2026 00:44,0,3.46
24-03-2026 00:59,0,3.45
24-03-2026 01:14,0,3.44
24-03-2026 01:29,0,3.43
24-03-2026 01:44,0,3.41
24-03-2026 01:59,0,3.4
24-03-2026 02:14,0,3.39
24-03-2026 02:29,0,3.37
24-03-2026 02:30,0,3.37
24-03-2026 02:44,0,3.36
24-03-2026 02:59,0,3.34
24-03-2026 03:14,0,3.32
24-03-2026 03:29,0,3.31
24-03-2026 03:44,0,3.28
24-03-2026 03:59,0,3.26
24-03-2026 04:14,0,3.25
24-03-2026 04:29,0,3.22
24-03-2026 04:44,0,3.19
24-03-2026 04:59,0,3.24
24-03-2026 05:14,0,3.5
24-03-2026 05:29,0,3.732
24-03-2026 05:44,0,4.142
24-03-2026 05:59,0,4.168
24-03-2026 06:14,0,4.134
24-03-2026 06:29,0,4.083
24-03-2026 06:44,0,4.062
24-03-2026 06:59,0,4.032
24-03-2026 07:14,0,3.995
24-03-2026 07:29,0,3.982
24-03-2026 07:44,0,3.963
24-03-2026 07:59,0,3.94
24-03-2026 08:14,0,3.938
24-03-2026 08:29,0,3.751
24-03-2026 08:44,0,3.45
24-03-2026 08:59,0,3.17
24-03-2026 09:14,0,2.88
24-03-2026 09:29,0,2.76
24-03-2026 09:44,0,2.78
24-03-2026 09:59,0,2.78
24-03-2026 10:14,0,2.78
24-03-2026 10:29,0,2.78
24-03-2026 10:44,0,2.78
24-03-2026 10:59,0,2.78
24-03-2026 11:29,0,2.78
24-03-2026 11:44,0,2.78
24-03-2026 12:14,0,2.48
24-03-2026 12:29,0,2.18
24-03-2026 12:44,0,1.9
24-03-2026 12:59,0,1.57
24-03-2026 13:14,0,1.52
24-03-2026 13:29,0,1.52
24-03-2026 13:44,0,1.52
24-03-2026 13:59,0,1.52
24-03-2026 14:14,0,1.52
24-03-2026 14:29,0,1.52
24-03-2026 14:30,0,1.52
24-03-2026 14:44,0,1.52
24-03-2026 14:59,0,1.52
24-03-2026 15:14,0,1.52
24-03-2026 15:29,0,1.52
24-03-2026 15:44,0,1.52
24-03-2026 15:59,0,1.59
24-03-2026 16:14,0,1.89
24-03-2026 16:29,0,2.23
24-03-2026 16:44,0,2.76
24-03-2026 16:59,0,3.2
24-03-2026 17:14,0,3.44
24-03-2026 17:29,0,3.44
24-03-2026 17:44,0,3.44
24-03-2026 17:59,0,3.3
24-03-2026 18:14,0,3.0
24-03-2026 18:29,0,2.86
24-03-2026 18:44,0,2.85
24-03-2026 18:59,0,2.85
24-03-2026 19:14,0,2.85
24-03-2026 19:29,0,2.85
24-03-2026 19:44,0,2.85
24-03-2026 19:59,0,2.85
24-03-2026 20:14,0,2.85
24-03-2026 20:29,0,2.85
24-03-2026 20:44,0,2.85
24-03-2026 20:59,0,2.85
24-03-2026 21:14,0,2.85
24-03-2026 21:29,0,2.85
24-03-2026 21:44,0,2.85
24-03-2026 21:59,0,2.85
24-03-2026 22:14,0,2.85
24-03-2026 22:29,0,2.85
24-03-2026 22:44,0,2.85
24-03-2026 23:14,0,2.85
24-03-2026 23:29,0,2.85
24-03-2026 23:44,0,2.86
24-03-2026 23:59,0,2.86
25-03-2026 00:14,0,2.86
25-03-2026 00:29,0,2.86
25-03-2026 00:44,0,2.86
25-03-2026 00:59,0,2.86
25-03-2026 01:14,0,2.86
25-03-2026 01:29,0,2.86
25-03-2026 01:44,0,2.86
25-03-2026 01:59,0,2.86
25-03-2026 02:14,0,2.86
25-03-2026 02:29,0,2.86
25-03-2026 02:44,0,2.86
25-03-2026 03:14,0,2.86
25-03-2026 03:29,0,2.86
25-03-2026 03:44,0,2.85
25-03-2026 03:59,0,2.86
25-03-2026 04:14,0,2.86
25-03-2026 04:29,0,2.86
25-03-2026 04:44,0,2.86
25-03-2026 04:59,0,2.82
25-03-2026 05:14,0,3.03
25-03-2026 05:29,0,3.39
25-03-2026 05:44,0,3.79
25-03-2026 05:59,0,3.788
25-03-2026 06:14,0,3.788
25-03-2026 06:29,0,3.79
25-03-2026 06:44,0,3.79
25-03-2026 07:29,0,3.79
25-03-2026 07:44,0,3.793
25-03-2026 07:59,0,3.788
25-03-2026 08:14,0,3.792
25-03-2026 08:29,0,3.787
25-03-2026 08:44,0,3.791
25-03-2026 08:59,0,3.806
25-03-2026 09:14,0,3.796
25-03-2026 09:29,0,3.787
25-03-2026 09:44,0,3.79
25-03-2026 09:59,0,3.791
25-03-2026 10:14,0,3.789
25-03-2026 10:29,0,3.788
25-03-2026 10:44,0,3.789
25-03-2026 10:59,0,3.788
25-03-2026 11:59,0,2.91
25-03-2026 12:14,0,2.62
25-03-2026 12:29,0,2.31
25-03-2026 12:44,0,2.24
25-03-2026 12:59,0,2.24
25-03-2026 13:14,0,2.24
25-03-2026 13:29,0,2.24
25-03-2026 13:44,0,2.24
25-03-2026 13:59,0,2.24
25-03-2026 14:14,0,2.24
25-03-2026 14:29,0,2.03
25-03-2026 14:44,0,1.89
25-03-2026 14:59,0,1.88
25-03-2026 15:14,0,1.88
25-03-2026 15:29,0,1.88
25-03-2026 15:44,0,1.88
25-03-2026 15:59,0,2.17
25-03-2026 16:14,0,2.42
25-03-2026 16:29,0,2.78
25-03-2026 16:44,0,3.22
25-03-2026 16:59,0,3.634
25-03-2026 17:14,0,3.66
25-03-2026 17:29,0,3.66
25-03-2026 17:44,0,3.66
25-03-2026 18:14,0,3.66
25-03-2026 18:29,0,3.66
25-03-2026 18:44,0,3.66
25-03-2026 19:14,0,3.66
25-03-2026 19:44,0,3.66
25-03-2026 19:59,0,3.66
25-03-2026 20:14,0,3.66
25-03-2026 20:29,0,3.659
25-03-2026 20:44,0,3.659
25-03-2026 20:59,0,3.659
25-03-2026 21:14,0,3.66
25-03-2026 21:29,0,3.66
25-03-2026 21:44,0,3.66
25-03-2026 21:59,0,3.66
25-03-2026 22:14,0,3.659
25-03-2026 22:29,0,3.661
25-03-2026 22:44,0,3.66
25-03-2026 22:59,0,3.66
25-03-2026 23:14,0,3.657
25-03-2026 23:29,0,3.658
25-03-2026 23:44,0,3.658
25-03-2026 23:59,0,3.658
26-03-2026 00:14,0,3.658
26-03-2026 00:29,0,3.658
26-03-2026 00:44,0,3.661
26-03-2026 00:59,0,3.661
26-03-2026 01:29,0,3.661
26-03-2026 01:44,0,3.699
26-03-2026 01:59,0,3.679
26-03-2026 02:29,0,3.636
26-03-2026 02:44,0,3.603
26-03-2026 02:59,0,3.575
26-03-2026 03:14,0,3.54
26-03-2026 03:29,0,3.517
26-03-2026 03:44,0,3.49
26-03-2026 04:14,0,3.41
26-03-2026 04:29,0,3.37
26-03-2026 04:44,0,3.35
26-03-2026 04:59,0,3.604
26-03-2026 05:14,0,3.724
26-03-2026 05:29,0,3.681
26-03-2026 05:44,0,3.921
26-03-2026 05:59,0,4.229
26-03-2026 06:44,0,4.101
26-03-2026 06:59,0,4.064
26-03-2026 07:44,0,3.948
26-03-2026 07:59,0,3.927
26-03-2026 08:14,0,3.878
26-03-2026 08:29,0,3.835
26-03-2026 08:59,0,3.757
26-03-2026 09:14,0,3.703
26-03-2026 09:29,0,3.678
26-03-2026 09:44,0,3.618
26-03-2026 09:59,0,3.572
26-03-2026 10:14,0,3.533
26-03-2026 10:29,0,3.49
26-03-2026 10:59,0,3.39
26-03-2026 11:14,0,3.34
26-03-2026 11:29,0,3.33
26-03-2026 11:44,0,3.3
26-03-2026 11:59,0,3.26
26-03-2026 12:29,0,3.21
26-03-2026 12:59,0,3.14
26-03-2026 13:14,0,3.11
26-03-2026 13:29,0,3.07
26-03-2026 14:14,0,2.98
26-03-2026 14:29,0,2.92
26-03-2026 15:44,0,0.36
26-03-2026 16:14,0,0.88
26-03-2026 16:29,0,1.28
26-03-2026 16:59,0,1.99
26-03-2026 17:14,0,2.02
26-03-2026 17:44,0,1.98
26-03-2026 17:59,0,1.93
26-03-2026 18:14,0,1.92
26-03-2026 18:29,0,1.92
26-03-2026 18:44,0,1.92
26-03-2026 18:59,0,1.92
26-03-2026 19:29,0,1.92
26-03-2026 19:44,0,1.92
26-03-2026 19:59,0,1.92
26-03-2026 20:14,0,1.92
26-03-2026 20:44,0,1.91
26-03-2026 20:59,0,1.91
26-03-2026 21:14,0,1.9
26-03-2026 21:29,0,1.9
26-03-2026 21:44,0,1.89
26-03-2026 21:59,0,1.88
26-03-2026 22:14,0,1.87
26-03-2026 22:29,0,1.86
26-03-2026 22:44,0,1.85
26-03-2026 22:59,0,1.84
26-03-2026 23:14,0,1.83
26-03-2026 23:29,0,1.83
26-03-2026 23:44,0,1.82
26-03-2026 23:59,0,1.79
27-03-2026 00:14,0,1.84
27-03-2026 00:29,0,1.84
27-03-2026 00:44,0,1.82
27-03-2026 00:59,0,1.81
27-03-2026 01:14,0,1.79
27-03-2026 01:29,0,1.72
27-03-2026 01:44,0,1.67
27-03-2026 01:59,0,1.64
27-03-2026 02:14,0,1.61
27-03-2026 02:29,0,1.58
27-03-2026 02:44,0,1.55
27-03-2026 02:59,0,1.52
27-03-2026 03:14,0,1.5
27-03-2026 03:29,0,1.47
27-03-2026 03:44,0,1.43
27-03-2026 04:14,0,1.37
27-03-2026 04:29,0,1.34
27-03-2026 04:44,0,1.3
27-03-2026 04:59,0,1.27
27-03-2026 05:14,0,1.54
27-03-2026 05:44,0,2.1
27-03-2026 05:59,0,2.02
27-03-2026 06:14,0,1.99
27-03-2026 07:29,0,1.76
27-03-2026 07:59,0,1.7
27-03-2026 08:59,0,1.53
27-03-2026 09:14,0,1.51
27-03-2026 09:29,0,1.5
27-03-2026 09:44,0,1.49
27-03-2026 09:59,0,1.48
27-03-2026 10:14,0,1.47
27-03-2026 10:29,0,1.47
27-03-2026 10:44,0,1.46
27-03-2026 11:14,0,1.46
27-03-2026 11:29,0,1.46
27-03-2026 11:44,0,1.46
27-03-2026 11:59,0,1.46
27-03-2026 12:14,0,1.46
27-03-2026 12:29,0,1.46
27-03-2026 12:59,0,1.45
27-03-2026 13:14,0,1.45
27-03-2026 13:29,0,1.44
27-03-2026 13:44,0,1.43
27-03-2026 13:59,0,1.43
27-03-2026 14:14,0,1.42
27-03-2026 14:29,0,1.41
27-03-2026 15:14,0,1.38
27-03-2026 15:29,0,1.37
27-03-2026 15:44,0,1.36
27-03-2026 16:14,0,1.87
27-03-2026 16:29,0,2.37
27-03-2026 16:44,0,2.82
27-03-2026 16:59,0,2.97
27-03-2026 17:14,0,2.96
27-03-2026 17:29,0,2.95
27-03-2026 17:44,0,2.94
27-03-2026 17:59,0,2.94
27-03-2026 18:29,0,2.94
27-03-2026 18:44,0,2.93
27-03-2026 18:59,0,2.93
27-03-2026 19:29,0,2.93
27-03-2026 19:44,0,2.93
27-03-2026 20:14,0,2.93
27-03-2026 20:29,0,2.93
27-03-2026 20:44,0,2.93
27-03-2026 20:59,0,2.93
27-03-2026 21:14,0,2.93
27-03-2026 21:29,0,2.93
27-03-2026 21:44,0,2.93
27-03-2026 21:59,0,2.92
27-03-2026 22:14,0,2.93
27-03-2026 22:29,0,2.92
27-03-2026 22:44,0,2.93
27-03-2026 22:59,0,2.93
27-03-2026 23:14,0,2.92
27-03-2026 23:29,0,2.92
27-03-2026 23:44,0,2.92
27-03-2026 23:59,0,2.93
28-03-2026 00:14,0,2.93
28-03-2026 00:29,0,2.93
28-03-2026 00:44,0,2.93
28-03-2026 00:59,0,2.93
28-03-2026 01:29,0,2.93
28-03-2026 01:59,0,2.93
28-03-2026 02:14,0,2.92
28-03-2026 02:29,0,2.93
28-03-2026 02:44,0,2.93
28-03-2026 02:59,0,2.93
28-03-2026 03:14,0,2.93
28-03-2026 03:29,0,2.93
28-03-2026 03:44,0,2.93
28-03-2026 03:59,0,2.93
28-03-2026 04:29,0,2.93
28-03-2026 04:44,0,2.93
28-03-2026 04:59,0,3.14
28-03-2026 05:14,0,3.32
28-03-2026 05:29,0,3.716
28-03-2026 05:44,0,3.863
28-03-2026 05:59,0,3.858
28-03-2026 06:14,0,3.868
28-03-2026 06:44,0,3.86
28-03-2026 06:59,0,3.864
28-03-2026 07:14,0,3.859
28-03-2026 07:44,0,3.861
28-03-2026 07:59,0,3.862
28-03-2026 08:14,0,3.863
28-03-2026 08:59,0,3.12
28-03-2026 09:14,0,2.83
28-03-2026 09:29,0,2.54
28-03-2026 09:59,0,2.5
28-03-2026 10:14,0,2.5
28-03-2026 10:29,0,2.5
28-03-2026 10:44,0,2.5
28-03-2026 10:59,0,2.5
28-03-2026 11:14,0,2.5
28-03-2026 11:29,0,2.5
28-03-2026 11:44,0,2.5
28-03-2026 11:59,0,2.5
28-03-2026 12:14,0,2.5
28-03-2026 12:29,0,2.5
28-03-2026 12:44,0,2.5
28-03-2026 12:59,0,2.5
28-03-2026 13:14,0,2.5
28-03-2026 13:29,0,2.5
28-03-2026 13:44,0,2.5
28-03-2026 13:59,0,2.5
28-03-2026 14:14,0,2.5
28-03-2026 14:29,0,2.5
28-03-2026 14:44,0,2.5
28-03-2026 14:59,0,2.5
28-03-2026 15:14,0,2.5
28-03-2026 15:29,0,2.5
28-03-2026 15:44,0,2.5
28-03-2026 15:59,0,2.55
28-03-2026 16:14,0,2.87
28-03-2026 16:29,0,3.14
28-03-2026 16:44,0,3.579
28-03-2026 16:59,0,4.03
28-03-2026 17:14,0,4.26
28-03-2026 17:29,0,4.26
28-03-2026 17:44,0,4.261
28-03-2026 17:59,0,4.26
28-03-2026 18:14,0,4.261
28-03-2026 18:29,0,4.261
28-03-2026 18:44,0,4.261
28-03-2026 18:59,0,4.261
28-03-2026 19:14,0,4.261
28-03-2026 19:29,0,4.083
28-03-2026 19:44,0,3.801
28-03-2026 19:59,0,3.509
28-03-2026 20:14,0,3.24
28-03-2026 20:29,0,3.14
28-03-2026 20:44,0,3.13
28-03-2026 20:59,0,3.13
28-03-2026 21:14,0,3.13
28-03-2026 21:29,0,3.13
28-03-2026 21:44,0,3.13
28-03-2026 21:59,0,3.13
28-03-2026 22:44,0,3.14
28-03-2026 22:59,0,3.13
28-03-2026 23:14,0,3.11
28-03-2026 23:29,0,3.09
28-03-2026 23:44,0,3.08
29-03-2026 00:14,0,3.04
29-03-2026 00:44,0,3.01
29-03-2026 01:14,0,2.95
29-03-2026 01:29,0,2.93
29-03-2026 01:44,0,2.89
29-03-2026 01:59,0,2.87
29-03-2026 02:14,0,2.84
29-03-2026 02:44,0,2.76
29-03-2026 03:14,0,2.67
29-03-2026 03:29,0,2.59
29-03-2026 03:44,0,2.53
29-03-2026 04:14,0,2.42
29-03-2026 04:44,0,2.31
29-03-2026 05:29,0,2.09
29-03-2026 05:59,0,2.0
29-03-2026 06:14,0,1.92
29-03-2026 06:59,0,2.57
29-03-2026 07:14,0,2.52
29-03-2026 07:29,0,2.46
29-03-2026 07:59,0,2.33
29-03-2026 08:29,0,2.2
29-03-2026 08:44,0,2.16
29-03-2026 08:59,0,2.08
29-03-2026 09:14,0,2.04
29-03-2026 09:29,0,1.95
29-03-2026 09:44,0,1.9
29-03-2026 09:59,0,1.83
29-03-2026 10:14,0,1.79
29-03-2026 10:29,0,1.71
29-03-2026 10:44,0,1.65
29-03-2026 10:59,0,1.58
29-03-2026 11:14,0,1.49
29-03-2026 11:44,0,1.37
29-03-2026 11:59,0,1.28
29-03-2026 12:14,0,1.22
29-03-2026 12:44,0,1.1
29-03-2026 12:59,0,1.04
29-03-2026 13:14,0,0.98
29-03-2026 13:29,0,0.94
29-03-2026 13:44,0,0.91
29-03-2026 13:59,0,0.88
29-03-2026 14:14,0,0.85
29-03-2026 14:29,0,0.82
29-03-2026 14:44,0,0.8
29-03-2026 14:59,0,0.78
29-03-2026 15:14,0,0.75
29-03-2026 15:29,0,0.73
29-03-2026 15:44,0,0.71
29-03-2026 15:59,0,0.69
29-03-2026 16:14,0,0.98
29-03-2026 16:44,0,1.71
29-03-2026 17:14,0,1.9
29-03-2026 17:29,0,1.87
29-03-2026 17:44,0,1.89
29-03-2026 17:59,0,1.84
29-03-2026 18:14,0,1.82
29-03-2026 18:29,0,1.79
29-03-2026 18:44,0,1.77
29-03-2026 19:14,0,1.79
29-03-2026 19:29,0,1.83
29-03-2026 19:44,0,1.83
29-03-2026 19:59,0,1.77
29-03-2026 20:14,0,1.8
29-03-2026 20:29,0,1.79
29-03-2026 20:59,0,1.76
29-03-2026 21:14,0,1.71
29-03-2026 21:29,0,1.68
29-03-2026 21:44,0,1.68
29-03-2026 22:29,0,1.63
29-03-2026 22:44,0,1.58
29-03-2026 22:59,0,1.57
29-03-2026 23:14,0,1.56
29-03-2026 23:29,0,1.48
29-03-2026 23:44,0,1.44
29-03-2026 23:59,0,1.46
30-03-2026 00:14,0,1.39
30-03-2026 00:59,0,1.29
30-03-2026 01:14,0,1.25
30-03-2026 01:15,0,1.25
30-03-2026 01:44,0,1.19
30-03-2026 01:59,0,1.14
30-03-2026 02:14,0,1.11
30-03-2026 02:29,0,1.07
30-03-2026 02:44,0,1.02
30-03-2026 02:59,0,0.98
30-03-2026 03:14,0,0.94
30-03-2026 03:29,0,0.89
30-03-2026 03:44,0,0.85
30-03-2026 03:59,0,0.8
30-03-2026 04:14,0,0.76
30-03-2026 04:29,0,0.71
30-03-2026 04:44,0,0.66
30-03-2026 04:59,0,0.65
30-03-2026 05:14,0,0.85
30-03-2026 05:29,0,1.01
30-03-2026 05:44,0,1.38
30-03-2026 05:59,0,1.28
30-03-2026 06:14,0,1.23
30-03-2026 06:29,0,1.18
30-03-2026 06:44,0,1.12
30-03-2026 06:59,0,1.07
30-03-2026 07:14,0,1.01
30-03-2026 07:29,0,0.96
30-03-2026 07:44,0,0.92
30-03-2026 07:59,0,0.87
30-03-2026 08:14,0,0.82
30-03-2026 08:29,0,0.79
30-03-2026 08:44,0,0.75
30-03-2026 08:59,0,0.72
30-03-2026 09:14,0,0.69
30-03-2026 09:29,0,0.67
30-03-2026 09:44,0,0.74
30-03-2026 09:59,0,1.1
30-03-2026 10:44,0,1.35
30-03-2026 10:59,0,1.33
30-03-2026 11:14,0,1.31
30-03-2026 11:29,0,1.3
30-03-2026 11:44,0,1.28
30-03-2026 11:59,0,1.27
30-03-2026 12:14,0,1.25
30-03-2026 12:29,0,1.24
30-03-2026 12:44,0,1.22
30-03-2026 12:59,0,1.2
30-03-2026 13:29,0,1.17
30-03-2026 13:44,0,1.16
30-03-2026 13:59,0,1.14
30-03-2026 14:14,0,1.12
30-03-2026 14:29,0,1.1
30-03-2026 14:44,0,1.09
30-03-2026 15:14,0,1.05
30-03-2026 15:29,0,1.03
30-03-2026 15:44,0,1.02
30-03-2026 15:59,0,1.0
30-03-2026 16:14,0,1.19
30-03-2026 16:44,0,1.71
30-03-2026 16:59,0,1.71
30-03-2026 17:14,0,1.75
30-03-2026 17:44,0,1.7
30-03-2026 17:59,0,1.68
30-03-2026 18:14,0,1.66
30-03-2026 18:59,0,1.64
30-03-2026 19:14,0,1.6
30-03-2026 19:44,0,1.64
30-03-2026 20:44,0,1.6
30-03-2026 21:14,0,1.59
30-03-2026 22:14,0,1.48
30-03-2026 22:29,0,1.47
30-03-2026 22:44,0,1.45
30-03-2026 22:59,0,1.44
30-03-2026 23:14,0,1.43
30-03-2026 23:29,0,1.42
30-03-2026 23:59,0,1.4
31-03-2026 00:29,0,1.38
31-03-2026 00:44,0,1.36
31-03-2026 01:29,0,1.33
31-03-2026 01:44,0,1.31
31-03-2026 02:14,0,1.28
31-03-2026 02:44,0,1.25
31-03-2026 02:59,0,1.24
31-03-2026 03:14,0,1.22
31-03-2026 03:29,0,1.2
31-03-2026 03:44,0,1.19
31-03-2026 03:59,0,1.17
31-03-2026 04:14,0,1.15
31-03-2026 04:29,0,1.13
31-03-2026 04:44,0,1.11
31-03-2026 04:59,0,1.33
31-03-2026 05:14,0,1.44
31-03-2026 05:29,0,1.97
31-03-2026 05:44,0,2.03
31-03-2026 05:59,0,1.96
31-03-2026 06:14,0,1.97
31-03-2026 06:29,0,1.95
31-03-2026 07:29,0,1.87
31-03-2026 07:44,0,1.83
31-03-2026 07:59,0,1.83
31-03-2026 08:14,0,1.82
31-03-2026 08:29,0,1.82
31-03-2026 08:44,0,1.82
31-03-2026 08:59,0,1.82
31-03-2026 09:14,0,1.82
31-03-2026 09:29,0,1.82
31-03-2026 09:44,0,1.82
31-03-2026 09:59,0,1.82
31-03-2026 10:14,0,1.82
31-03-2026 10:29,0,1.82
31-03-2026 10:44,0,1.82
31-03-2026 10:59,0,1.82
31-03-2026 11:14,0,1.82
31-03-2026 11:29,0,1.82
31-03-2026 11:44,0,1.82
31-03-2026 11:59,0,1.82
31-03-2026 12:14,0,1.82
31-03-2026 12:29,0,1.82
31-03-2026 12:44,0,1.82
31-03-2026 12:59,0,1.81
31-03-2026 13:14,0,1.81
31-03-2026 13:29,0,1.79
31-03-2026 13:59,0,1.77
31-03-2026 14:14,0,1.76
31-03-2026 14:29,0,1.74
31-03-2026 14:44,0,1.73
31-03-2026 15:14,0,1.8
31-03-2026 15:29,0,1.76
31-03-2026 15:44,0,1.79
31-03-2026 15:59,0,1.99
31-03-2026 16:14,0,2.3
31-03-2026 16:29,0,2.78
31-03-2026 16:44,0,3.2
31-03-2026 16:59,0,3.45
31-03-2026 17:14,0,3.44
31-03-2026 17:29,0,3.43
31-03-2026 17:44,0,3.43
31-03-2026 17:59,0,3.43
31-03-2026 18:14,0,3.42
31-03-2026 18:29,0,3.42
31-03-2026 18:44,0,3.42
31-03-2026 18:59,0,3.42
31-03-2026 19:14,0,3.42
31-03-2026 19:29,0,3.42
31-03-2026 19:44,0,3.42
31-03-2026 19:59,0,3.42
31-03-2026 20:14,0,3.42
31-03-2026 20:29,0,3.42
31-03-2026 20:44,0,3.42
31-03-2026 20:59,0,3.42
31-03-2026 21:14,0,3.42
31-03-2026 21:29,0,3.42
31-03-2026 21:44,0,3.42
31-03-2026 21:59,0,3.42
31-03-2026 22:14,0,3.42
31-03-2026 22:29,0,3.42
31-03-2026 22:44,0,3.42
31-03-2026 22:59,0,3.42
31-03-2026 23:14,0,3.42
31-03-2026 23:29,0,3.42
31-03-2026 23:44,0,3.42
31-03-2026 23:59,0,3.42
01-04-2026 00:14,0,3.42
01-04-2026 00:29,0,3.42
01-04-2026 00:44,0,3.42
01-04-2026 00:59,0,3.42
01-04-2026 01:29,0,3.42
01-04-2026 01:44,0,3.42
01-04-2026 01:59,0,3.42
01-04-2026 02:29,0,3.42
01-04-2026 02:44,0,3.42
01-04-2026 02:59,0,3.42
01-04-2026 03:14,0,3.42
01-04-2026 03:29,0,3.42
01-04-2026 03:44,0,3.42
01-04-2026 03:59,0,3.42
01-04-2026 04:14,0,3.42
01-04-2026 04:29,0,3.42
01-04-2026 04:44,0,3.42
01-04-2026 04:59,0,3.554
01-04-2026 05:14,0,3.695
01-04-2026 05:29,0,4.088
01-04-2026 05:44,0,4.399
01-04-2026 05:59,0,4.307
01-04-2026 06:14,0,4.234
01-04-2026 06:29,0,4.221
01-04-2026 06:44,0,4.221
01-04-2026 06:59,0,4.22
01-04-2026 07:14,0,4.22
01-04-2026 07:29,0,4.22
01-04-2026 07:44,0,4.221
01-04-2026 07:59,0,4.221
01-04-2026 08:14,0,4.22
01-04-2026 08:29,0,4.22
01-04-2026 08:44,0,4.22
01-04-2026 08:59,0,4.221
01-04-2026 09:14,0,4.221
01-04-2026 09:29,0,4.221
01-04-2026 09:44,0,4.221
01-04-2026 09:59,0,4.221
01-04-2026 10:14,0,4.222
01-04-2026 10:29,0,4.221
01-04-2026 10:44,0,4.222
01-04-2026 10:59,0,4.221
01-04-2026 11:14,0,4.221
01-04-2026 11:29,0,4.222
01-04-2026 11:44,0,4.0
01-04-2026 11:59,0,3.706
01-04-2026 12:14,0,3.42
01-04-2026 12:29,0,3.14
01-04-2026 12:44,0,3.03
01-04-2026 12:59,0,3.01
01-04-2026 13:14,0,3.01
01-04-2026 13:15,0,3.01
01-04-2026 13:29,0,3.01
01-04-2026 13:44,0,3.01
01-04-2026 13:59,0,2.96
01-04-2026 14:14,0,2.66
01-04-2026 14:29,0,2.37
01-04-2026 14:59,0,1.82
01-04-2026 15:14,0,1.83
01-04-2026 15:29,0,1.83
01-04-2026 15:44,0,1.84
01-04-2026 15:59,0,1.83
01-04-2026 16:14,0,2.03
01-04-2026 16:29,0,2.4
01-04-2026 16:44,0,2.87
01-04-2026 16:59,0,3.07
01-04-2026 17:14,0,3.07
01-04-2026 17:29,0,3.07
01-04-2026 17:44,0,3.07
01-04-2026 17:59,0,3.07
01-04-2026 18:14,0,3.06
01-04-2026 18:29,0,3.06
01-04-2026 18:44,0,3.06
01-04-2026 18:59,0,3.06
01-04-2026 19:14,0,3.06
01-04-2026 19:29,0,3.06
01-04-2026 19:44,0,3.06
01-04-2026 19:59,0,3.06
01-04-2026 20:14,0,3.06
01-04-2026 20:29,0,3.06
01-04-2026 20:44,0,3.06
01-04-2026 20:59,0,3.06
01-04-2026 21:14,0,3.06
01-04-2026 21:29,0,3.06
01-04-2026 21:44,0,3.06
01-04-2026 21:59,0,3.06
01-04-2026 22:14,0,3.06
01-04-2026 22:29,0,3.06
01-04-2026 22:44,0,3.06
01-04-2026 22:59,0,3.06
01-04-2026 23:14,0,3.06
01-04-2026 23:29,0,3.06
01-04-2026 23:44,0,3.06
01-04-2026 23:59,0,3.06
02-04-2026 00:14,0,3.06
02-04-2026 00:29,0,3.06
02-04-2026 00:44,0,3.06
02-04-2026 01:14,0,3.07
02-04-2026 01:15,0,3.07
02-04-2026 01:44,0,3.04
02-04-2026 01:59,0,3.02
02-04-2026 02:14,0,3.02
02-04-2026 02:29,0,2.99
02-04-2026 02:44,0,2.97
02-04-2026 02:59,0,2.93
02-04-2026 03:14,0,2.92
02-04-2026 03:29,0,2.88
02-04-2026 03:44,0,2.86
02-04-2026 03:59,0,2.83
02-04-2026 04:29,0,2.73
02-04-2026 04:44,0,2.71
02-04-2026 04:59,0,2.69
02-04-2026 05:14,0,2.95
02-04-2026 05:29,0,3.22
02-04-2026 05:44,0,3.621
02-04-2026 05:59,0,4.022
02-04-2026 06:14,0,4.405
02-04-2026 06:29,0,4.37
02-04-2026 06:44,0,4.322
02-04-2026 06:59,0,4.273
02-04-2026 07:29,0,4.174
02-04-2026 07:44,0,4.114
02-04-2026 07:59,0,4.057
02-04-2026 08:14,0,4.002
02-04-2026 08:29,0,3.941
02-04-2026 08:44,0,3.857
02-04-2026 08:59,0,3.784
02-04-2026 09:14,0,3.717
02-04-2026 09:29,0,3.641
02-04-2026 09:44,0,3.572
02-04-2026 09:59,0,3.49
02-04-2026 10:14,0,3.42
02-04-2026 10:29,0,3.35
02-04-2026 10:44,0,3.28
02-04-2026 10:59,0,3.21
02-04-2026 11:14,0,3.14
02-04-2026 11:29,0,3.07
02-04-2026 11:44,0,2.98
02-04-2026 11:59,0,2.92
02-04-2026 12:14,0,2.86
02-04-2026 12:29,0,2.78
02-04-2026 12:59,0,2.67
02-04-2026 13:29,0,2.53
02-04-2026 13:44,0,2.47
02-04-2026 13:59,0,2.41
02-04-2026 14:29,0,2.27
02-04-2026 14:59,0,2.15
02-04-2026 15:14,0,2.1
02-04-2026 15:29,0,2.03
02-04-2026 15:44,0,1.96
02-04-2026 15:59,0,2.06
02-04-2026 16:14,0,2.31
02-04-2026 16:29,0,2.51
02-04-2026 16:44,0,2.9
02-04-2026 16:59,0,2.84
02-04-2026 17:59,0,2.64
02-04-2026 18:14,0,2.61
02-04-2026 18:29,0,2.56
02-04-2026 18:44,0,2.54
02-04-2026 18:59,0,2.52
02-04-2026 19:14,0,2.49
02-04-2026 19:29,0,2.45
02-04-2026 19:44,0,2.45
02-04-2026 19:59,0,2.43
02-04-2026 20:29,0,2.39
02-04-2026 20:44,0,2.36
02-04-2026 20:59,0,2.33
02-04-2026 21:29,0,2.31
02-04-2026 21:44,0,2.28
02-04-2026 21:59,0,2.28
02-04-2026 22:29,0,2.23
02-04-2026 22:44,0,2.21
02-04-2026 23:14,0,2.15
02-04-2026 23:29,0,2.12
03-04-2026 00:14,0,2.05
03-04-2026 00:29,0,2.01
03-04-2026 01:14,0,1.89
03-04-2026 01:44,0,1.8
03-04-2026 01:59,0,1.75
03-04-2026 02:14,0,1.72
03-04-2026 02:16,0,1.72
03-04-2026 02:29,0,1.67
03-04-2026 02:59,0,1.59
03-04-2026 03:44,0,1.35
03-04-2026 04:29,0,1.18
03-04-2026 04:44,0,1.12
03-04-2026 04:59,0,1.31
03-04-2026 05:14,0,1.5
03-04-2026 05:29,0,1.91
03-04-2026 05:59,0,2.11
03-04-2026 06:14,0,2.04
03-04-2026 06:29,0,1.99
03-04-2026 07:29,0,1.78
03-04-2026 07:44,0,1.73
03-04-2026 07:59,0,1.7
03-04-2026 08:14,0,1.65
03-04-2026 08:29,0,1.6
03-04-2026 08:59,0,1.5
03-04-2026 09:29,0,1.48
03-04-2026 09:44,0,1.46
03-04-2026 09:59,0,1.37
03-04-2026 10:59,0,1.28
03-04-2026 11:14,0,1.28
03-04-2026 11:29,0,1.27
03-04-2026 11:44,0,1.23
03-04-2026 11:59,0,1.22
03-04-2026 12:14,0,1.2
03-04-2026 12:44,0,1.18
03-04-2026 12:59,0,1.16
03-04-2026 13:14,0,1.15
03-04-2026 13:29,0,1.13
03-04-2026 13:44,0,1.12
03-04-2026 13:59,0,1.11
03-04-2026 14:14,0,1.1
03-04-2026 14:16,0,1.1
03-04-2026 14:29,0,1.08
03-04-2026 14:44,0,1.07
03-04-2026 14:59,0,1.05
03-04-2026 15:29,0,1.02
03-04-2026 15:44,0,1.01
03-04-2026 15:59,0,1.03
03-04-2026 16:14,0,1.36
03-04-2026 16:29,0,1.31
03-04-2026 16:44,0,1.72
03-04-2026 16:59,0,1.92
03-04-2026 17:14,0,1.88
03-04-2026 17:29,0,1.88
03-04-2026 17:44,0,1.84
03-04-2026 18:14,0,1.85
03-04-2026 18:44,0,1.8
03-04-2026 19:14,0,1.84
03-04-2026 19:29,0,1.81
03-04-2026 19:44,0,1.83
03-04-2026 19:59,0,1.78
03-04-2026 20:29,0,1.85
03-04-2026 20:44,0,1.85
03-04-2026 20:59,0,1.85
03-04-2026 21:14,0,1.85
03-04-2026 21:29,0,1.85
03-04-2026 21:44,0,1.85
03-04-2026 21:59,0,1.85
03-04-2026 22:14,0,1.85
03-04-2026 22:44,0,1.84
03-04-2026 22:59,0,1.84
03-04-2026 23:14,0,1.84
03-04-2026 23:29,0,1.84
03-04-2026 23:44,0,1.84
03-04-2026 23:59,0,1.84
04-04-2026 00:14,0,1.84
04-04-2026 00:29,0,1.84
04-04-2026 00:44,0,1.84
04-04-2026 01:14,0,1.84
04-04-2026 01:29,0,1.84
04-04-2026 01:59,0,1.84
04-04-2026 02:14,0,1.84
04-04-2026 02:16,0,1.84
04-04-2026 02:29,0,1.84
04-04-2026 02:44,0,1.84
04-04-2026 02:59,0,1.84
04-04-2026 03:14,0,1.83
04-04-2026 03:29,0,1.83
04-04-2026 03:44,0,1.84
04-04-2026 03:59,0,1.84
04-04-2026 04:44,0,1.83
04-04-2026 04:59,0,1.82
04-04-2026 05:29,0,2.36
04-04-2026 05:44,0,2.36
04-04-2026 06:14,0,2.34
04-04-2026 06:29,0,2.3
04-04-2026 06:44,0,2.31
04-04-2026 06:59,0,2.25
04-04-2026 07:14,0,2.24
04-04-2026 07:29,0,2.24
04-04-2026 07:44,0,2.24
04-04-2026 07:59,0,2.24
04-04-2026 08:14,0,2.24
04-04-2026 08:29,0,2.24
04-04-2026 08:44,0,2.24
04-04-2026 08:59,0,2.24
04-04-2026 09:14,0,2.24
04-04-2026 09:29,0,2.24
04-04-2026 09:44,0,2.24
04-04-2026 09:59,0,2.24
04-04-2026 10:14,0,2.24
04-04-2026 10:29,0,2.24
04-04-2026 10:44,0,2.24
04-04-2026 10:59,0,2.24
04-04-2026 11:14,0,2.24
04-04-2026 11:29,0,2.24
04-04-2026 11:44,0,2.24
04-04-2026 12:14,0,2.24
04-04-2026 12:29,0,2.24
04-04-2026 12:44,0,2.24
04-04-2026 12:59,0,2.24
04-04-2026 13:14,0,2.24
04-04-2026 13:29,0,2.24
04-04-2026 13:44,0,2.24
04-04-2026 13:59,0,2.24
04-04-2026 14:14,0,2.24
04-04-2026 14:16,0,2.24
04-04-2026 14:29,0,2.24
04-04-2026 14:44,0,2.24
04-04-2026 15:14,0,2.24
04-04-2026 15:29,0,2.24
04-04-2026 15:44,0,2.24
04-04-2026 15:59,0,2.52
04-04-2026 16:14,0,2.84
04-04-2026 16:29,0,3.31
04-04-2026 16:44,0,3.538
04-04-2026 16:59,0,3.538
04-04-2026 17:14,0,3.538
04-04-2026 17:29,0,3.538
04-04-2026 17:44,0,3.537
04-04-2026 17:59,0,3.536
04-04-2026 18:14,0,3.536
04-04-2026 18:29,0,3.537
04-04-2026 18:44,0,3.537
04-04-2026 19:29,0,3.537
04-04-2026 19:44,0,3.538
04-04-2026 19:59,0,3.537
04-04-2026 20:14,0,3.536
04-04-2026 20:29,0,3.536
04-04-2026 20:44,0,3.537
04-04-2026 20:59,0,3.538
04-04-2026 21:14,0,3.537
04-04-2026 21:29,0,3.537
04-04-2026 21:44,0,3.54
04-04-2026 22:14,0,3.518
04-04-2026 22:29,0,3.49
04-04-2026 22:44,0,3.49
04-04-2026 22:59,0,3.46
04-04-2026 23:14,0,3.46
04-04-2026 23:29,0,3.43
04-04-2026 23:44,0,3.41
04-04-2026 23:59,0,3.4
05-04-2026 00:14,0,3.38
05-04-2026 00:29,0,3.36
05-04-2026 00:44,0,3.34
05-04-2026 01:29,0,3.29
05-04-2026 01:44,0,3.27
05-04-2026 01:59,0,3.24
05-04-2026 02:29,0,3.18
05-04-2026 02:59,0,3.09
05-04-2026 03:14,0,3.06
05-04-2026 03:44,0,2.99
05-04-2026 03:59,0,2.94
05-04-2026 04:14,0,2.89
05-04-2026 04:59,0,2.84
05-04-2026 05:14,0,2.91
05-04-2026 05:59,0,3.11
05-04-2026 06:14,0,3.02
05-04-2026 06:44,0,2.88
05-04-2026 07:29,0,2.65
05-04-2026 08:29,0,2.35
05-04-2026 08:44,0,2.24
05-04-2026 08:59,0,2.18
05-04-2026 09:14,0,2.11
05-04-2026 09:29,0,2.03
05-04-2026 09:44,0,1.95
05-04-2026 10:44,0,1.58
05-04-2026 10:59,0,1.56
05-04-2026 11:14,0,1.44
05-04-2026 11:44,0,1.24
05-04-2026 11:59,0,1.16
05-04-2026 12:14,0,1.07
05-04-2026 12:29,0,1.0
05-04-2026 12:44,0,0.93
05-04-2026 12:59,0,0.87
05-04-2026 13:14,0,0.82
05-04-2026 13:29,0,0.76
05-04-2026 13:44,0,0.71
05-04-2026 13:59,0,0.65
05-04-2026 14:14,0,0.62
05-04-2026 14:16,0,0.62
05-04-2026 14:29,0,0.88
05-04-2026 14:44,0,1.21
05-04-2026 14:59,0,1.31
05-04-2026 15:29,0,1.2
05-04-2026 15:59,0,1.1
05-04-2026 16:14,0,1.26
05-04-2026 16:29,0,1.2
05-04-2026 16:44,0,1.15
05-04-2026 16:59,0,1.11
05-04-2026 17:14,0,1.09
05-04-2026 17:29,0,1.06
05-04-2026 17:44,0,1.03
05-04-2026 17:59,0,1.01
05-04-2026 18:14,0,0.98
05-04-2026 18:29,0,0.95
05-04-2026 18:44,0,0.93
05-04-2026 18:59,0,0.91
05-04-2026 19:29,0,0.88
05-04-2026 19:59,0,0.85
05-04-2026 20:44,0,0.82
05-04-2026 20:59,0,0.81
05-04-2026 21:14,0,0.8
05-04-2026 21:29,0,0.79
05-04-2026 21:44,0,0.78
05-04-2026 21:59,0,0.77
05-04-2026 22:14,0,0.76
05-04-2026 22:29,0,0.75
05-04-2026 22:44,0,0.74
05-04-2026 23:14,0,0.73
05-04-2026 23:29,0,0.72
05-04-2026 23:44,0,0.71
05-04-2026 23:59,0,0.7
06-04-2026 00:14,0,0.7
06-04-2026 00:29,0,0.69
06-04-2026 00:44,0,0.68
06-04-2026 01:14,0,0.66
06-04-2026 01:29,0,0.66
06-04-2026 01:44,0,0.65
06-04-2026 01:59,0,0.64
06-04-2026 02:16,0,0.63
06-04-2026 02:29,0,0.62
06-04-2026 02:44,0,0.61
06-04-2026 02:59,0,0.6
06-04-2026 03:14,0,0.59
06-04-2026 03:29,0,0.57
06-04-2026 03:44,0,0.56
06-04-2026 04:14,0,0.54
06-04-2026 04:44,0,0.52
06-04-2026 04:59,0,0.51
06-04-2026 05:14,0,0.71
06-04-2026 05:44,0,1.17
06-04-2026 05:59,0,1.16
06-04-2026 06:14,0,1.15
06-04-2026 06:29,0,1.13
06-04-2026 06:59,0,1.06
06-04-2026 07:14,0,1.03
06-04-2026 07:29,0,1.0
06-04-2026 07:44,0,0.97
06-04-2026 07:59,0,0.94
06-04-2026 08:14,0,0.91
06-04-2026 08:29,0,0.89
06-04-2026 08:44,0,0.87
06-04-2026 08:59,0,0.86
06-04-2026 09:14,0,1.02
06-04-2026 09:44,0,1.39
06-04-2026 10:14,0,1.39
06-04-2026 11:14,0,1.34
06-04-2026 11:29,0,1.34
06-04-2026 11:44,0,1.33
06-04-2026 11:59,0,1.32
06-04-2026 12:14,0,1.3
06-04-2026 12:29,0,1.29
06-04-2026 12:44,0,1.27
06-04-2026 12:59,0,1.26
06-04-2026 13:14,0,1.24
06-04-2026 13:29,0,1.22
06-04-2026 13:44,0,1.21
06-04-2026 13:59,0,1.19
06-04-2026 14:14,0,1.17
06-04-2026 14:16,0,1.17
06-04-2026 14:29,0,1.15
06-04-2026 14:44,0,1.13
06-04-2026 14:59,0,1.11
06-04-2026 15:14,0,1.09
06-04-2026 15:29,0,1.07
06-04-2026 15:59,0,1.07
06-04-2026 16:14,0,1.26
06-04-2026 16:29,0,1.52
06-04-2026 16:59,0,1.89
06-04-2026 17:14,0,1.85
06-04-2026 17:29,0,1.87
06-04-2026 17:59,0,1.79
06-04-2026 18:14,0,1.77
06-04-2026 18:29,0,1.81
06-04-2026 19:14,0,1.79
06-04-2026 19:29,0,1.73
06-04-2026 19:44,0,1.7
06-04-2026 19:59,0,1.71
06-04-2026 20:44,0,1.62
06-04-2026 20:59,0,1.62
06-04-2026 21:14,0,1.67
06-04-2026 21:29,0,1.58
06-04-2026 22:14,0,1.52
06-04-2026 22:44,0,1.48
06-04-2026 23:14,0,1.44
06-04-2026 23:29,0,1.42
07-04-2026 00:44,0,1.3
07-04-2026 00:59,0,1.27
07-04-2026 01:44,0,1.19
07-04-2026 01:59,0,1.16
07-04-2026 02:16,0,1.13
07-04-2026 02:44,0,1.07
07-04-2026 03:14,0,1.01
07-04-2026 03:29,0,0.98
07-04-2026 03:44,0,0.95
07-04-2026 04:14,0,0.88
07-04-2026 04:29,0,0.85
07-04-2026 04:44,0,0.82
07-04-2026 04:59,0,1.04
07-04-2026 05:29,0,1.56
07-04-2026 05:59,0,1.66
07-04-2026 06:44,0,1.59
07-04-2026 06:59,0,1.54
07-04-2026 07:29,0,1.46
07-04-2026 07:44,0,1.42
07-04-2026 07:59,0,1.4
07-04-2026 08:44,0,1.31
07-04-2026 09:14,0,1.26
07-04-2026 09:29,0,1.24
07-04-2026 09:44,0,1.22
07-04-2026 09:59,0,1.21
07-04-2026 10:14,0,1.2
07-04-2026 10:29,0,1.18
07-04-2026 10:59,0,1.16
07-04-2026 11:29,0,1.12
07-04-2026 11:44,0,1.11
07-04-2026 11:59,0,1.1
07-04-2026 12:14,0,1.08
07-04-2026 12:29,0,1.07
07-04-2026 12:44,0,1.05
07-04-2026 12:59,0,1.04
07-04-2026 13:14,0,1.02
07-04-2026 13:29,0,1.01
07-04-2026 13:44,0,1.0
07-04-2026 13:59,0,0.99
07-04-2026 14:14,0,0.98
07-04-2026 14:16,0,0.98
07-04-2026 14:29,0,0.97
07-04-2026 14:44,0,0.95
07-04-2026 14:59,0,0.94
07-04-2026 15:14,0,0.93
07-04-2026 15:29,0,0.92
07-04-2026 15:44,0,0.91
07-04-2026 15:59,0,0.89
07-04-2026 16:14,0,1.2
07-04-2026 16:29,0,1.52
07-04-2026 16:44,0,2.01
07-04-2026 17:14,0,2.52
07-04-2026 17:29,0,2.5
07-04-2026 17:44,0,2.5
07-04-2026 17:59,0,2.5
07-04-2026 18:14,0,2.5
07-04-2026 18:44,0,2.5
07-04-2026 18:59,0,2.5
07-04-2026 19:14,0,2.5
07-04-2026 19:29,0,2.5
07-04-2026 19:44,0,2.5
07-04-2026 19:59,0,2.5
07-04-2026 20:44,0,2.5
07-04-2026 21:14,0,2.5
07-04-2026 21:29,0,2.49
07-04-2026 21:44,0,2.49
07-04-2026 21:59,0,2.5
07-04-2026 22:14,0,2.5
07-04-2026 22:29,0,2.5
07-04-2026 22:59,0,2.5
07-04-2026 23:14,0,2.5
07-04-2026 23:29,0,2.5
07-04-2026 23:44,0,2.5
07-04-2026 23:59,0,2.5
08-04-2026 00:14,0,2.5
08-04-2026 00:29,0,2.5
08-04-2026 00:44,0,2.5
08-04-2026 00:59,0,2.5
08-04-2026 01:14,0,2.5
08-04-2026 01:44,0,2.5
08-04-2026 01:59,0,2.5
08-04-2026 02:14,0,2.5
08-04-2026 02:29,0,2.5
08-04-2026 02:44,0,2.5
08-04-2026 02:59,0,2.5
08-04-2026 03:14,0,2.5
08-04-2026 03:29,0,2.5
08-04-2026 03:59,0,2.5
08-04-2026 04:14,0,2.5
08-04-2026 04:59,0,2.5
08-04-2026 05:14,0,2.83
08-04-2026 05:29,0,3.04
08-04-2026 05:44,0,3.44
08-04-2026 06:29,0,3.44
08-04-2026 06:44,0,3.44
08-04-2026 06:59,0,3.44
08-04-2026 07:14,0,3.44
08-04-2026 07:29,0,3.44
08-04-2026 07:44,0,3.44
08-04-2026 07:59,0,3.44
08-04-2026 08:14,0,3.44
08-04-2026 08:29,0,3.44
08-04-2026 08:44,0,3.44
08-04-2026 08:59,0,3.44
08-04-2026 09:14,0,3.44
08-04-2026 09:29,0,3.44
08-04-2026 09:44,0,3.44
08-04-2026 09:59,0,3.44
08-04-2026 10:29,0,3.44
08-04-2026 10:44,0,3.44
08-04-2026 10:59,0,3.44
08-04-2026 11:14,0,3.29
08-04-2026 11:29,0,3.0
08-04-2026 11:44,0,2.71
08-04-2026 11:59,0,2.41
08-04-2026 12:14,0,2.29
08-04-2026 12:29,0,2.28
08-04-2026 12:44,0,2.28
08-04-2026 12:59,0,2.25
08-04-2026 13:29,0,1.62
08-04-2026 13:44,0,1.3
08-04-2026 13:59,0,1.05
08-04-2026 14:14,0,1.05
08-04-2026 14:29,0,1.05
08-04-2026 14:44,0,1.05
08-04-2026 14:59,0,1.05
08-04-2026 15:14,0,1.05
08-04-2026 15:29,0,1.05
08-04-2026 15:44,0,1.07
08-04-2026 15:59,0,1.37
08-04-2026 16:14,0,1.75
08-04-2026 16:29,0,2.04
08-04-2026 16:44,0,2.53
08-04-2026 16:59,0,2.78
08-04-2026 17:14,0,2.78
08-04-2026 17:29,0,2.78
08-04-2026 17:44,0,2.78
08-04-2026 17:59,0,2.78
08-04-2026 18:14,0,2.78
08-04-2026 18:29,0,2.78
08-04-2026 18:44,0,2.78
08-04-2026 18:59,0,2.78
08-04-2026 19:29,0,2.78
08-04-2026 19:44,0,2.78
08-04-2026 19:59,0,2.78
08-04-2026 20:14,0,2.78
08-04-2026 20:29,0,2.78
08-04-2026 20:44,0,2.78
08-04-2026 20:59,0,2.78
08-04-2026 21:14,0,2.78
08-04-2026 21:29,0,2.78
08-04-2026 21:44,0,2.78
08-04-2026 21:59,0,2.78
08-04-2026 22:14,0,2.78
08-04-2026 22:29,0,2.78
08-04-2026 22:44,0,2.78
08-04-2026 23:14,0,2.73
08-04-2026 23:59,0,2.68
09-04-2026 00:14,0,2.66
09-04-2026 00:29,0,2.63
09-04-2026 00:44,0,2.6
09-04-2026 00:59,0,2.56
09-04-2026 01:14,0,2.55
09-04-2026 01:44,0,2.47
09-04-2026 01:59,0,2.43
09-04-2026 02:14,0,2.4
09-04-2026 02:29,0,2.37
09-04-2026 03:14,0,2.2
09-04-2026 03:29,0,2.16
09-04-2026 03:44,0,2.1
09-04-2026 03:59,0,2.07
09-04-2026 04:29,0,1.95
09-04-2026 04:44,0,1.89
09-04-2026 04:59,0,2.05
09-04-2026 05:14,0,2.17
09-04-2026 05:29,0,2.57
09-04-2026 05:44,0,2.52
09-04-2026 05:59,0,2.48
09-04-2026 06:14,0,2.4
09-04-2026 06:29,0,2.36
09-04-2026 06:59,0,2.25
09-04-2026 07:44,0,2.08
09-04-2026 07:59,0,2.02
09-04-2026 08:14,0,1.94
09-04-2026 08:44,0,1.81
09-04-2026 08:59,0,1.73
09-04-2026 09:29,0,1.64
09-04-2026 10:14,0,1.45
09-04-2026 10:29,0,1.37
09-04-2026 10:44,0,1.3
09-04-2026 10:59,0,1.24
09-04-2026 11:14,0,1.18
09-04-2026 11:59,0,0.99
09-04-2026 12:14,0,0.93
09-04-2026 12:29,0,0.87
09-04-2026 12:44,0,0.82
09-04-2026 12:59,0,0.79
09-04-2026 13:14,0,0.75
09-04-2026 13:29,0,0.72
09-04-2026 13:44,0,0.68
09-04-2026 13:59,0,0.66
09-04-2026 14:14,0,0.65
09-04-2026 14:29,0,0.64
09-04-2026 14:44,0,0.63
09-04-2026 14:59,0,0.61
09-04-2026 15:14,0,0.6
09-04-2026 15:29,0,0.59
09-04-2026 15:44,0,0.58
09-04-2026 15:59,0,0.59
09-04-2026 16:14,0,0.87
09-04-2026 16:29,0,1.34
09-04-2026 16:44,0,1.63
09-04-2026 16:59,0,1.62
09-04-2026 17:14,0,1.61
09-04-2026 17:29,0,1.6
09-04-2026 17:44,0,1.59
09-04-2026 17:59,0,1.58
09-04-2026 18:14,0,1.57
09-04-2026 18:29,0,1.56
09-04-2026 18:44,0,1.56
09-04-2026 18:59,0,1.55
09-04-2026 19:14,0,1.54
09-04-2026 19:59,0,1.47
09-04-2026 20:29,0,1.42
09-04-2026 20:59,0,1.35
09-04-2026 21:14,0,1.33
09-04-2026 21:44,0,1.27
09-04-2026 21:59,0,1.24
09-04-2026 22:29,0,1.19
09-04-2026 22:44,0,1.16
09-04-2026 22:59,0,1.13
09-04-2026 23:14,0,1.1
09-04-2026 23:29,0,1.07
09-04-2026 23:44,0,1.04
09-04-2026 23:59,0,1.01
10-04-2026 00:14,0,0.98
10-04-2026 00:29,0,0.95
10-04-2026 00:44,0,0.91
10-04-2026 00:59,0,0.88
10-04-2026 01:14,0,0.85
10-04-2026 01:29,0,0.82
10-04-2026 01:44,0,0.79
10-04-2026 01:59,0,0.75
10-04-2026 02:14,0,0.72
10-04-2026 02:29,0,0.69
10-04-2026 02:44,0,0.66
10-04-2026 02:59,0,0.62
10-04-2026 03:14,0,0.59
10-04-2026 03:29,0,0.56
10-04-2026 03:44,0,0.53
10-04-2026 03:59,0,0.49
10-04-2026 04:14,0,0.46
10-04-2026 04:29,0,0.44
10-04-2026 04:59,0,0.47
10-04-2026 05:14,0,0.61
10-04-2026 05:29,0,0.91
10-04-2026 05:59,0,1.01
10-04-2026 06:29,0,0.94
10-04-2026 06:59,0,0.87
10-04-2026 07:14,0,0.83
10-04-2026 07:29,0,0.8
10-04-2026 07:44,0,0.76
10-04-2026 07:59,0,0.73
10-04-2026 08:14,0,0.7
10-04-2026 08:29,0,0.66
10-04-2026 08:44,0,0.64
10-04-2026 08:59,0,0.63
10-04-2026 09:14,0,0.71
10-04-2026 09:29,0,1.06
10-04-2026 09:44,0,1.04
10-04-2026 09:59,0,1.01
10-04-2026 10:14,0,0.99
10-04-2026 10:29,0,0.97
10-04-2026 10:44,0,0.95
10-04-2026 10:59,0,1.03
10-04-2026 11:14,0,1.01
10-04-2026 11:29,0,0.99
10-04-2026 11:44,0,0.97
10-04-2026 11:59,0,0.94
10-04-2026 12:14,0,0.96
10-04-2026 12:29,0,0.94
10-04-2026 12:44,0,0.92
10-04-2026 12:59,0,0.89
10-04-2026 13:14,0,0.87
10-04-2026 13:29,0,0.85
10-04-2026 13:44,0,0.84
10-04-2026 13:59,0,0.82
10-04-2026 14:14,0,0.81
10-04-2026 14:29,0,0.79
10-04-2026 14:44,0,0.77
10-04-2026 14:59,0,0.76
10-04-2026 15:14,0,0.74
10-04-2026 15:29,0,0.73
10-04-2026 15:44,0,0.71
10-04-2026 15:59,0,0.7
10-04-2026 16:14,0,0.87
10-04-2026 16:29,0,1.33
10-04-2026 17:29,0,1.42
10-04-2026 17:44,0,1.4
10-04-2026 17:59,0,1.4
10-04-2026 18:14,0,1.4
10-04-2026 18:29,0,1.4
10-04-2026 18:44,0,1.4
10-04-2026 18:59,0,1.4
10-04-2026 19:14,0,1.4
10-04-2026 19:29,0,1.4
10-04-2026 19:44,0,1.4
10-04-2026 19:59,0,1.4
10-04-2026 20:44,0,1.4
10-04-2026 20:59,0,1.4
10-04-2026 21:14,0,1.4
10-04-2026 21:44,0,1.4
10-04-2026 21:59,0,1.4
10-04-2026 22:14,0,1.4
10-04-2026 22:29,0,1.4
10-04-2026 22:44,0,1.4
10-04-2026 22:59,0,1.4
10-04-2026 23:14,0,1.4
10-04-2026 23:29,0,1.4
10-04-2026 23:44,0,1.4
10-04-2026 23:59,0,1.4
11-04-2026 00:14,0,1.4
11-04-2026 00:29,0,1.4
11-04-2026 00:44,0,1.4
11-04-2026 00:59,0,1.4
11-04-2026 01:14,0,1.4
11-04-2026 01:29,0,1.4
11-04-2026 01:59,0,1.39
11-04-2026 02:14,0,1.4
11-04-2026 02:29,0,1.4
11-04-2026 02:44,0,1.39
11-04-2026 02:59,0,1.4
11-04-2026 03:14,0,1.4
11-04-2026 03:29,0,1.39
11-04-2026 03:44,0,1.39
11-04-2026 04:14,0,1.38
11-04-2026 04:29,0,1.37
11-04-2026 04:44,0,1.37
11-04-2026 05:59,0,2.01
11-04-2026 06:44,0,1.98
11-04-2026 06:59,0,1.97
11-04-2026 07:14,0,1.97
11-04-2026 07:29,0,1.96
11-04-2026 07:44,0,1.96
11-04-2026 07:59,0,1.96
11-04-2026 08:14,0,1.96
11-04-2026 08:29,0,1.96
11-04-2026 08:44,0,1.96
11-04-2026 08:59,0,1.96
11-04-2026 09:14,0,1.96
11-04-2026 09:29,0,1.96
11-04-2026 09:44,0,1.96
11-04-2026 09:59,0,1.96
11-04-2026 10:14,0,1.96
11-04-2026 10:29,0,1.96
11-04-2026 10:44,0,1.96
11-04-2026 10:59,0,1.96
11-04-2026 11:14,0,1.96
11-04-2026 11:29,0,1.96
11-04-2026 11:44,0,1.96
11-04-2026 11:59,0,1.96
11-04-2026 12:14,0,1.96
11-04-2026 12:29,0,1.96
11-04-2026 12:44,0,1.96
11-04-2026 12:59,0,1.96
11-04-2026 13:14,0,1.96
11-04-2026 13:29,0,1.96
11-04-2026 13:44,0,1.96
11-04-2026 13:59,0,1.96
11-04-2026 14:14,0,1.96
11-04-2026 14:29,0,1.95
11-04-2026 14:44,0,1.95
11-04-2026 14:59,0,1.95
11-04-2026 15:14,0,1.95
11-04-2026 15:29,0,1.95
11-04-2026 15:44,0,1.95
11-04-2026 15:59,0,1.96
11-04-2026 16:14,0,2.19
11-04-2026 16:29,0,2.46
11-04-2026 16:44,0,2.94
11-04-2026 16:59,0,3.42
11-04-2026 17:14,0,3.525
11-04-2026 17:29,0,3.525
11-04-2026 17:44,0,3.525
11-04-2026 17:59,0,3.525
11-04-2026 18:14,0,3.526
11-04-2026 18:29,0,3.526
11-04-2026 18:44,0,3.526
11-04-2026 18:59,0,3.526
11-04-2026 19:29,0,3.524
11-04-2026 19:44,0,3.523
11-04-2026 20:14,0,3.522
11-04-2026 20:29,0,3.522
11-04-2026 20:44,0,3.523
11-04-2026 20:59,0,3.519
11-04-2026 21:14,0,3.516
11-04-2026 21:29,0,3.513
11-04-2026 21:44,0,3.504
11-04-2026 21:59,0,3.5
11-04-2026 22:14,0,3.49
11-04-2026 22:29,0,3.48
11-04-2026 22:59,0,3.47
11-04-2026 23:14,0,3.46
11-04-2026 23:29,0,3.45
11-04-2026 23:44,0,3.43
11-04-2026 23:59,0,3.42
12-04-2026 00:14,0,3.41
12-04-2026 00:29,0,3.4
12-04-2026 00:44,0,3.39
12-04-2026 00:59,0,3.37
12-04-2026 01:14,0,3.36
12-04-2026 01:29,0,3.34
12-04-2026 01:44,0,3.33
12-04-2026 01:59,0,3.31
12-04-2026 02:14,0,3.29
12-04-2026 02:29,0,3.26
12-04-2026 02:44,0,3.23
12-04-2026 03:29,0,3.12
12-04-2026 03:44,0,3.08
12-04-2026 03:59,0,3.04
12-04-2026 04:14,0,3.0
12-04-2026 04:29,0,2.96
12-04-2026 04:44,0,2.91
12-04-2026 04:59,0,2.87
12-04-2026 05:29,0,3.5
12-04-2026 05:44,0,3.45
12-04-2026 05:59,0,3.4
12-04-2026 06:44,0,3.22
12-04-2026 06:59,0,3.16
12-04-2026 07:14,0,3.09
12-04-2026 07:29,0,3.04
12-04-2026 07:44,0,2.98
12-04-2026 07:59,0,2.9
12-04-2026 08:29,0,2.73
12-04-2026 08:44,0,2.64
12-04-2026 08:59,0,2.55
12-04-2026 09:14,0,2.47
12-04-2026 09:29,0,2.39
12-04-2026 09:44,0,2.32
12-04-2026 10:29,0,2.03
12-04-2026 10:59,0,1.85
12-04-2026 11:14,0,1.74
12-04-2026 11:29,0,1.66
12-04-2026 11:59,0,1.47
12-04-2026 12:14,0,1.37
12-04-2026 12:44,0,1.2
12-04-2026 12:59,0,1.21
12-04-2026 13:14,0,1.3
12-04-2026 13:29,0,1.2
12-04-2026 13:44,0,1.12
12-04-2026 13:59,0,1.04
12-04-2026 14:14,0,1.42
12-04-2026 14:44,0,1.45
12-04-2026 14:59,0,1.38
12-04-2026 15:44,0,1.15
12-04-2026 16:14,0,0.99
12-04-2026 16:44,0,0.99
12-04-2026 16:59,0,0.92
12-04-2026 17:14,0,0.85
12-04-2026 17:29,0,0.78
12-04-2026 17:44,0,0.71
12-04-2026 17:59,0,0.64
12-04-2026 18:14,0,0.57
12-04-2026 18:29,0,0.5
12-04-2026 18:44,0,0.46
12-04-2026 18:59,0,0.44
12-04-2026 19:14,0,0.44
12-04-2026 19:29,0,0.44
12-04-2026 19:44,0,0.44
12-04-2026 19:59,0,0.44
12-04-2026 20:14,0,0.44
12-04-2026 20:29,0,0.44
12-04-2026 20:44,0,0.44
12-04-2026 20:59,0,0.45
12-04-2026 21:14,0,0.45
12-04-2026 21:44,0,0.45
12-04-2026 21:59,0,0.45
12-04-2026 22:14,0,0.46
12-04-2026 22:44,0,0.46
12-04-2026 22:59,0,0.46
12-04-2026 23:14,0,0.46
12-04-2026 23:29,0,0.47
12-04-2026 23:44,0,0.47
12-04-2026 23:59,0,0.47
13-04-2026 00:14,0,0.47
13-04-2026 00:29,0,0.47
13-04-2026 00:44,0,0.47
13-04-2026 00:59,0,0.47
13-04-2026 01:14,0,0.47
13-04-2026 01:29,0,0.47
13-04-2026 01:44,0,0.47
13-04-2026 01:59,0,0.47
13-04-2026 02:29,0,0.47
13-04-2026 02:44,0,0.47
13-04-2026 02:59,0,0.47
13-04-2026 03:14,0,0.47
13-04-2026 03:29,0,0.47
13-04-2026 03:44,0,0.47
13-04-2026 03:59,0,0.47
13-04-2026 04:14,0,0.47
13-04-2026 04:29,0,0.47
13-04-2026 04:44,0,0.47
13-04-2026 04:59,0,0.63
13-04-2026 05:14,0,0.68
13-04-2026 05:59,0,1.01
13-04-2026 06:14,0,0.94
13-04-2026 06:29,0,0.88
13-04-2026 06:44,0,0.81
13-04-2026 06:59,0,0.75
13-04-2026 07:14,0,0.68
13-04-2026 07:29,0,0.61
13-04-2026 07:44,0,0.55
13-04-2026 07:59,0,0.48
13-04-2026 08:14,0,0.44
13-04-2026 08:29,0,0.44
13-04-2026 08:44,0,0.44
13-04-2026 08:59,0,0.44
13-04-2026 09:14,0,0.44
13-04-2026 09:29,0,0.45
13-04-2026 09:44,0,0.45
13-04-2026 09:59,0,0.45
13-04-2026 10:14,0,0.45
13-04-2026 10:29,0,0.45
13-04-2026 10:44,0,0.45
13-04-2026 10:59,0,0.45
13-04-2026 11:14,0,0.46
13-04-2026 11:29,0,0.46
13-04-2026 11:44,0,0.46
13-04-2026 11:59,0,0.46
13-04-2026 12:14,0,0.46
13-04-2026 12:29,0,0.46
13-04-2026 12:44,0,0.46
13-04-2026 12:59,0,0.46
13-04-2026 13:14,0,0.47
13-04-2026 13:29,0,0.47
13-04-2026 13:44,0,0.47
13-04-2026 13:59,0,0.47
13-04-2026 14:14,0,0.47
13-04-2026 14:29,0,0.47
13-04-2026 14:44,0,0.47
13-04-2026 14:59,0,0.47
13-04-2026 15:14,0,0.47
13-04-2026 15:29,0,0.47
13-04-2026 15:44,0,0.47
13-04-2026 15:59,0,0.56
13-04-2026 16:14,0,0.83
13-04-2026 16:29,0,1.18
13-04-2026 16:44,0,1.68
13-04-2026 16:59,0,1.95
13-04-2026 17:14,0,1.91
13-04-2026 17:44,0,1.85
13-04-2026 18:44,0,1.79
13-04-2026 18:59,0,1.75
13-04-2026 19:14,0,1.72
13-04-2026 19:29,0,1.67
13-04-2026 19:44,0,1.69
13-04-2026 19:59,0,1.68
13-04-2026 20:14,0,1.62
13-04-2026 20:29,0,1.64
13-04-2026 20:44,0,1.58
13-04-2026 21:14,0,1.49
13-04-2026 21:29,0,1.47
13-04-2026 21:44,0,1.45
13-04-2026 21:59,0,1.44
13-04-2026 22:44,0,1.33
13-04-2026 22:59,0,1.32
13-04-2026 23:14,0,1.28
13-04-2026 23:59,0,1.18
14-04-2026 00:29,0,1.11
14-04-2026 00:44,0,1.07
14-04-2026 00:59,0,1.03
14-04-2026 01:14,0,0.99
14-04-2026 01:29,0,0.94
14-04-2026 01:31,0,0.94
14-04-2026 01:44,0,0.9
14-04-2026 01:59,0,0.85
14-04-2026 02:14,0,0.8
14-04-2026 02:29,0,0.75
14-04-2026 02:44,0,0.7
14-04-2026 02:59,0,0.65
14-04-2026 03:29,0,0.54
14-04-2026 03:44,0,0.49
14-04-2026 03:59,0,0.44
14-04-2026 04:14,0,0.41
14-04-2026 04:29,0,0.4
14-04-2026 04:44,0,0.38
14-04-2026 04:59,0,0.4
14-04-2026 05:14,0,0.65
14-04-2026 05:29,0,0.62
14-04-2026 05:44,0,0.56
14-04-2026 05:59,0,0.5
14-04-2026 06:14,0,0.45
14-04-2026 06:29,0,0.44
14-04-2026 06:44,0,0.44
14-04-2026 06:59,0,0.44
14-04-2026 07:14,0,0.44
14-04-2026 07:29,0,0.44
14-04-2026 07:44,0,0.44
14-04-2026 07:59,0,0.45
14-04-2026 08:14,0,0.45
14-04-2026 08:29,0,0.44
14-04-2026 08:44,0,0.45
14-04-2026 08:59,0,0.45
14-04-2026 09:14,0,0.62
14-04-2026 09:29,0,1.08
14-04-2026 09:44,0,1.54
14-04-2026 09:59,0,1.67
14-04-2026 10:29,0,1.63
14-04-2026 10:44,0,1.63
14-04-2026 10:59,0,1.66
14-04-2026 11:29,0,1.55
14-04-2026 11:59,0,1.57
14-04-2026 12:14,0,1.63
14-04-2026 12:29,0,1.63
14-04-2026 12:44,0,1.63
14-04-2026 12:59,0,1.63
14-04-2026 13:14,0,1.63
14-04-2026 13:29,0,1.65
14-04-2026 13:44,0,1.84
14-04-2026 13:59,0,1.88
14-04-2026 14:14,0,1.88
14-04-2026 14:29,0,1.88
14-04-2026 14:44,0,2.37
14-04-2026 15:14,0,2.38
14-04-2026 15:29,0,2.39
14-04-2026 15:59,0,2.39
14-04-2026 16:14,0,2.42
14-04-2026 16:29,0,2.45
14-04-2026 16:44,0,2.44
14-04-2026 16:59,0,2.43
14-04-2026 17:14,0,2.43
14-04-2026 17:29,0,2.43
14-04-2026 17:44,0,2.43
14-04-2026 17:59,0,2.43
14-04-2026 18:14,0,2.43
14-04-2026 18:29,0,2.43
14-04-2026 18:44,0,2.43
14-04-2026 18:59,0,2.42
14-04-2026 19:14,0,2.42
14-04-2026 19:29,0,2.42
14-04-2026 19:44,0,2.42
14-04-2026 19:59,0,2.43
14-04-2026 20:14,0,2.42
14-04-2026 20:29,0,2.43
14-04-2026 20:44,0,2.42
14-04-2026 20:59,0,2.42
14-04-2026 21:14,0,2.42
14-04-2026 21:29,0,2.42
14-04-2026 21:44,0,2.42
14-04-2026 21:59,0,2.42
14-04-2026 22:14,0,2.42
14-04-2026 22:29,0,2.42
14-04-2026 22:44,0,2.42
14-04-2026 22:59,0,2.42
14-04-2026 23:14,0,2.42
14-04-2026 23:29,0,2.42
14-04-2026 23:44,0,2.42
14-04-2026 23:59,0,2.42
15-04-2026 00:14,0,2.42
15-04-2026 00:29,0,2.42
15-04-2026 00:44,0,2.42
15-04-2026 00:59,0,2.42
15-04-2026 01:14,0,2.42
15-04-2026 01:29,0,2.42
15-04-2026 01:44,0,2.42
15-04-2026 01:59,0,2.42
15-04-2026 02:14,0,2.42
15-04-2026 02:29,0,2.42
15-04-2026 02:44,0,2.42
15-04-2026 02:59,0,2.42
15-04-2026 03:14,0,2.42
15-04-2026 03:29,0,2.42
15-04-2026 03:44,0,2.42
15-04-2026 03:59,0,2.42
15-04-2026 04:14,0,2.42
15-04-2026 04:29,0,2.42
15-04-2026 04:44,0,2.42
15-04-2026 04:59,0,2.58
15-04-2026 05:14,0,2.82
15-04-2026 05:29,0,3.27
15-04-2026 05:44,0,3.32
15-04-2026 05:59,0,3.32
15-04-2026 06:14,0,3.32
15-04-2026 06:29,0,3.32
15-04-2026 06:44,0,3.32
15-04-2026 06:59,0,3.32
15-04-2026 07:14,0,3.32
15-04-2026 07:29,0,3.32
15-04-2026 07:44,0,3.32
15-04-2026 07:59,0,3.32
15-04-2026 08:14,0,3.32
15-04-2026 08:29,0,3.32
15-04-2026 08:44,0,3.32
15-04-2026 08:59,0,3.32
15-04-2026 09:14,0,3.32
15-04-2026 09:29,0,3.32
15-04-2026 09:44,0,3.32
15-04-2026 09:59,0,3.32
15-04-2026 10:14,0,3.32
15-04-2026 10:29,0,3.32
15-04-2026 10:44,0,3.32
15-04-2026 10:59,0,3.32
15-04-2026 11:14,0,3.32
15-04-2026 11:59,0,2.71
15-04-2026 12:29,0,2.14
15-04-2026 12:44,0,2.02
15-04-2026 12:59,0,2.02
15-04-2026 13:14,0,2.02
15-04-2026 13:29,0,1.88
15-04-2026 13:59,0,1.46
15-04-2026 14:14,0,1.46
15-04-2026 14:29,0,1.46
15-04-2026 14:44,0,1.46
15-04-2026 14:59,0,1.46
15-04-2026 15:14,0,1.46
15-04-2026 15:29,0,1.46
15-04-2026 15:44,0,1.46
15-04-2026 15:59,0,1.65
15-04-2026 16:14,0,1.84
15-04-2026 16:29,0,2.19
15-04-2026 16:44,0,2.69
15-04-2026 16:59,0,2.87
15-04-2026 17:29,0,2.84
15-04-2026 17:44,0,2.8
15-04-2026 18:14,0,2.78
15-04-2026 18:29,0,2.75
15-04-2026 18:44,0,2.73
15-04-2026 18:59,0,2.7
15-04-2026 19:14,0,2.69
15-04-2026 19:44,0,2.65
15-04-2026 19:59,0,2.63
15-04-2026 20:29,0,2.59
15-04-2026 20:59,0,2.53
15-04-2026 21:14,0,2.49
15-04-2026 21:29,0,2.47
15-04-2026 22:29,0,2.39
15-04-2026 22:44,0,2.38
15-04-2026 22:59,0,2.36
15-04-2026 23:14,0,2.3
15-04-2026 23:29,0,2.32
15-04-2026 23:44,0,2.29
15-04-2026 23:59,0,2.23
16-04-2026 00:14,0,2.2
16-04-2026 00:44,0,2.15
16-04-2026 00:59,0,2.13
16-04-2026 01:14,0,2.1
16-04-2026 01:29,0,2.04
16-04-2026 01:44,0,1.99
16-04-2026 01:59,0,1.96
16-04-2026 02:14,0,1.87
16-04-2026 02:29,0,1.82
16-04-2026 02:44,0,1.76
16-04-2026 02:59,0,1.74
16-04-2026 03:44,0,1.47
16-04-2026 03:59,0,1.42
16-04-2026 04:14,0,1.34
16-04-2026 04:59,0,1.13
16-04-2026 05:14,0,1.32
16-04-2026 05:29,0,1.71
16-04-2026 05:44,0,1.87
16-04-2026 05:59,0,1.74
16-04-2026 06:59,0,1.41
16-04-2026 07:14,0,1.33
16-04-2026 07:29,0,1.26
16-04-2026 07:44,0,1.17
16-04-2026 07:59,0,1.09
16-04-2026 08:14,0,1.01
16-04-2026 08:29,0,1.19
16-04-2026 08:44,0,1.26
16-04-2026 09:14,0,1.1
16-04-2026 09:29,0,1.02
16-04-2026 09:44,0,0.94
16-04-2026 09:59,0,0.86
16-04-2026 10:14,0,0.78
16-04-2026 10:29,0,0.71
16-04-2026 10:44,0,0.63
16-04-2026 10:59,0,0.55
16-04-2026 11:14,0,0.47
16-04-2026 11:29,0,0.41
16-04-2026 11:44,0,0.37
16-04-2026 11:59,0,0.58
16-04-2026 12:14,0,0.66
16-04-2026 12:29,0,0.6
16-04-2026 12:44,0,0.79
16-04-2026 12:59,0,0.8
16-04-2026 13:14,0,0.75
16-04-2026 13:29,0,0.69
16-04-2026 13:44,0,0.64
16-04-2026 13:59,0,0.58
16-04-2026 14:14,0,0.53
16-04-2026 14:29,0,0.47
16-04-2026 14:44,0,0.42
16-04-2026 14:59,0,0.4
16-04-2026 15:14,0,0.38
16-04-2026 15:29,0,0.4
16-04-2026 15:44,0,0.52
16-04-2026 15:59,0,0.46
16-04-2026 16:14,0,0.57
16-04-2026 16:29,0,0.52
16-04-2026 16:44,0,0.46
16-04-2026 16:59,0,0.42
16-04-2026 17:14,0,0.4
16-04-2026 17:29,0,0.4
16-04-2026 17:44,0,0.42
16-04-2026 17:59,0,0.43
16-04-2026 18:14,0,0.43
16-04-2026 18:29,0,0.43
16-04-2026 18:44,0,0.44
16-04-2026 18:59,0,0.44
16-04-2026 19:14,0,0.44
16-04-2026 19:29,0,0.44
16-04-2026 19:44,0,0.44
16-04-2026 19:59,0,0.44
16-04-2026 20:14,0,0.44
16-04-2026 20:29,0,0.44
16-04-2026 20:44,0,0.44
16-04-2026 20:59,0,0.45
16-04-2026 21:14,0,0.45
16-04-2026 21:29,0,0.46
16-04-2026 21:44,0,0.46
16-04-2026 21:59,0,0.46
16-04-2026 22:14,0,0.46
16-04-2026 22:29,0,0.46
16-04-2026 22:44,0,0.46
16-04-2026 22:59,0,0.46
16-04-2026 23:14,0,0.46
16-04-2026 23:29,0,0.46
16-04-2026 23:44,0,0.46
16-04-2026 23:59,0,0.46
17-04-2026 00:14,0,0.46
17-04-2026 00:29,0,0.46
17-04-2026 00:44,0,0.46
17-04-2026 00:59,0,0.46
17-04-2026 01:14,0,0.46
17-04-2026 01:29,0,0.46
17-04-2026 01:44,0,0.46
17-04-2026 01:59,0,0.46
17-04-2026 02:14,0,0.46
17-04-2026 02:29,0,0.46
17-04-2026 02:44,0,0.46
17-04-2026 02:59,0,0.46
17-04-2026 03:14,0,0.46
17-04-2026 03:29,0,0.46
17-04-2026 03:44,0,0.46
17-04-2026 03:59,0,0.46
17-04-2026 04:14,0,0.46
17-04-2026 04:29,0,0.46
17-04-2026 04:44,0,0.46
17-04-2026 04:59,0,0.63
17-04-2026 05:14,0,0.81
17-04-2026 05:29,0,1.14
17-04-2026 05:44,0,1.46
17-04-2026 06:29,0,1.32
17-04-2026 06:44,0,1.21
17-04-2026 06:59,0,1.13
17-04-2026 07:14,0,1.06
17-04-2026 07:29,0,0.98
17-04-2026 07:44,0,0.92
17-04-2026 07:59,0,0.86
17-04-2026 08:29,0,0.79
17-04-2026 08:44,0,0.75
17-04-2026 08:59,0,0.72
17-04-2026 09:14,0,0.69
17-04-2026 09:29,0,0.66
17-04-2026 09:44,0,0.63
17-04-2026 09:59,0,0.61
17-04-2026 10:14,0,0.58
17-04-2026 10:29,0,0.56
17-04-2026 10:44,0,0.54
17-04-2026 10:59,0,0.52
17-04-2026 11:14,0,0.5
17-04-2026 11:29,0,0.48
17-04-2026 11:44,0,0.46
17-04-2026 11:59,0,0.45
17-04-2026 12:14,0,0.46
17-04-2026 12:29,0,0.46
17-04-2026 12:44,0,0.46
17-04-2026 12:59,0,0.46
17-04-2026 13:14,0,0.46
17-04-2026 13:29,0,0.46
17-04-2026 13:44,0,0.46
17-04-2026 13:59,0,0.46
17-04-2026 14:14,0,0.46
17-04-2026 14:29,0,0.46
17-04-2026 14:44,0,0.46
17-04-2026 14:59,0,0.46
17-04-2026 15:14,0,0.46
17-04-2026 15:29,0,0.46
17-04-2026 15:44,0,0.46
17-04-2026 15:59,0,0.46
17-04-2026 16:14,0,0.77
17-04-2026 16:44,0,1.61
17-04-2026 16:59,0,2.06
17-04-2026 17:44,0,2.08
17-04-2026 18:14,0,2.03
17-04-2026 18:29,0,1.99
17-04-2026 19:14,0,1.9
17-04-2026 19:29,0,1.9
17-04-2026 19:44,0,1.9
17-04-2026 19:59,0,1.9
17-04-2026 20:14,0,1.9
17-04-2026 20:29,0,1.9
17-04-2026 20:44,0,1.9
17-04-2026 20:59,0,1.9
17-04-2026 21:14,0,1.9
17-04-2026 21:29,0,1.9
17-04-2026 21:44,0,1.9
17-04-2026 21:59,0,1.91
17-04-2026 22:14,0,1.91
17-04-2026 22:29,0,1.91
17-04-2026 22:44,0,1.91
17-04-2026 22:59,0,1.91
17-04-2026 23:14,0,1.91
17-04-2026 23:29,0,1.91
17-04-2026 23:44,0,1.91
17-04-2026 23:59,0,1.91
18-04-2026 00:14,0,1.91
18-04-2026 00:29,0,1.91
18-04-2026 00:44,0,1.91
18-04-2026 00:59,0,1.91
18-04-2026 01:00,0,1.91
18-04-2026 01:14,0,1.91
18-04-2026 01:29,0,1.91
18-04-2026 01:44,0,1.91
18-04-2026 01:59,0,1.91
18-04-2026 02:14,0,1.91
18-04-2026 02:29,0,1.91
18-04-2026 02:44,0,1.91
18-04-2026 02:59,0,1.91
18-04-2026 03:14,0,1.91
18-04-2026 03:29,0,1.91
18-04-2026 03:44,0,1.91
18-04-2026 03:59,0,1.91
18-04-2026 04:14,0,1.91
18-04-2026 04:29,0,1.91
18-04-2026 04:44,0,1.91
18-04-2026 04:59,0,1.99
18-04-2026 05:14,0,2.35
18-04-2026 05:29,0,2.78
18-04-2026 05:44,0,2.89
18-04-2026 05:59,0,2.89
18-04-2026 06:14,0,2.89
18-04-2026 06:29,0,2.89
18-04-2026 06:44,0,2.89
18-04-2026 06:59,0,2.89
18-04-2026 07:14,0,2.89
18-04-2026 07:29,0,2.89
18-04-2026 07:44,0,2.89
18-04-2026 07:59,0,2.9
18-04-2026 08:14,0,2.97
18-04-2026 08:29,0,2.97
18-04-2026 08:44,0,2.97
18-04-2026 08:59,0,2.97
18-04-2026 09:14,0,2.97
18-04-2026 09:29,0,2.97
18-04-2026 09:44,0,2.97
18-04-2026 09:59,0,2.97
18-04-2026 10:14,0,2.97
18-04-2026 10:29,0,2.97
18-04-2026 10:59,0,2.71
18-04-2026 11:14,0,2.42
18-04-2026 11:29,0,2.11
18-04-2026 11:44,0,1.8
18-04-2026 11:59,0,1.48
18-04-2026 12:14,0,1.46
18-04-2026 12:29,0,1.46
18-04-2026 12:44,0,1.46
18-04-2026 12:59,0,1.46
18-04-2026 13:00,0,1.46
18-04-2026 13:14,0,1.46
18-04-2026 13:29,0,1.46
18-04-2026 13:44,0,1.46
18-04-2026 13:59,0,1.46
18-04-2026 14:14,0,1.46
18-04-2026 14:29,0,1.46
18-04-2026 14:44,0,1.46
18-04-2026 14:59,0,1.46
18-04-2026 15:14,0,1.46
18-04-2026 15:29,0,1.46
18-04-2026 15:44,0,1.46
18-04-2026 15:59,0,1.61
18-04-2026 16:14,0,1.9
18-04-2026 16:29,0,2.23
18-04-2026 16:44,0,2.76
18-04-2026 16:59,0,3.09
18-04-2026 17:14,0,3.09
18-04-2026 17:29,0,3.09
18-04-2026 17:44,0,3.09
18-04-2026 17:59,0,3.09
18-04-2026 18:14,0,3.09
18-04-2026 18:29,0,3.09
18-04-2026 18:44,0,3.09
18-04-2026 18:59,0,3.09
18-04-2026 19:14,0,3.09
18-04-2026 19:29,0,3.09
18-04-2026 19:44,0,3.09
18-04-2026 19:59,0,3.09
18-04-2026 20:14,0,3.09
18-04-2026 20:29,0,3.09
18-04-2026 20:44,0,3.09
18-04-2026 20:59,0,3.09
18-04-2026 21:14,0,3.09
18-04-2026 21:44,0,3.09
18-04-2026 21:59,0,3.09
18-04-2026 22:14,0,3.09
18-04-2026 22:29,0,3.09
18-04-2026 22:44,0,3.09
18-04-2026 22:59,0,3.09
18-04-2026 23:14,0,3.09
18-04-2026 23:29,0,3.09
18-04-2026 23:44,0,3.09
18-04-2026 23:59,0,3.09
19-04-2026 00:44,0,3.08
19-04-2026 00:59,0,3.07
19-04-2026 01:00,0,3.07
19-04-2026 01:14,0,3.04
19-04-2026 01:44,0,2.96
19-04-2026 02:14,0,2.9
19-04-2026 02:29,0,2.85
19-04-2026 02:44,0,2.81
19-04-2026 02:59,0,2.77
19-04-2026 03:14,0,2.71
19-04-2026 03:29,0,2.64
19-04-2026 03:44,0,2.6
19-04-2026 03:59,0,2.54
19-04-2026 04:14,0,2.48
19-04-2026 04:29,0,2.41
19-04-2026 04:44,0,2.37
19-04-2026 04:59,0,2.44
19-04-2026 05:14,0,2.61
19-04-2026 05:29,0,2.99
19-04-2026 05:59,0,2.94
19-04-2026 06:44,0,2.74
19-04-2026 06:59,0,2.67
19-04-2026 07:14,0,2.6
19-04-2026 07:29,0,2.53
19-04-2026 07:59,0,2.37
19-04-2026 08:14,0,2.3
19-04-2026 08:44,0,2.15
19-04-2026 09:14,0,2.0
19-04-2026 09:29,0,1.91
19-04-2026 09:44,0,1.86
19-04-2026 09:59,0,1.78
19-04-2026 10:29,0,1.64
19-04-2026 10:44,0,1.53
19-04-2026 10:59,0,1.42
19-04-2026 11:44,0,1.16
19-04-2026 11:59,0,1.08
19-04-2026 12:14,0,1.01
19-04-2026 12:29,0,0.95
19-04-2026 12:44,0,0.91
19-04-2026 12:59,0,0.86
19-04-2026 13:00,0,0.86
19-04-2026 13:14,0,0.82
19-04-2026 13:29,0,0.97
19-04-2026 13:44,0,1.24
19-04-2026 13:59,0,1.72
19-04-2026 14:44,0,1.66
19-04-2026 15:44,0,1.47
19-04-2026 15:59,0,1.44
19-04-2026 16:14,0,1.47
19-04-2026 16:29,0,1.66
19-04-2026 16:44,0,1.65
19-04-2026 16:59,0,1.58
19-04-2026 17:29,0,1.51
19-04-2026 17:59,0,1.44
19-04-2026 18:14,0,1.42
19-04-2026 18:29,0,1.4
19-04-2026 18:44,0,1.38
19-04-2026 18:59,0,1.37
19-04-2026 19:14,0,1.37
19-04-2026 19:29,0,1.37
19-04-2026 19:44,0,1.36
19-04-2026 19:59,0,1.34
19-04-2026 20:14,0,1.32
19-04-2026 20:29,0,1.3
19-04-2026 20:44,0,1.28
19-04-2026 20:59,0,1.26
19-04-2026 21:14,0,1.24
19-04-2026 21:29,0,1.22
19-04-2026 21:44,0,1.2
19-04-2026 21:59,0,1.18
19-04-2026 22:14,0,1.15
19-04-2026 22:44,0,1.11
19-04-2026 22:59,0,1.09
19-04-2026 23:14,0,1.05
19-04-2026 23:29,0,1.03
19-04-2026 23:44,0,1.0
19-04-2026 23:59,0,0.97
20-04-2026 00:14,0,0.94
20-04-2026 00:29,0,0.91
20-04-2026 00:44,0,0.88
20-04-2026 00:59,0,0.85
20-04-2026 01:00,0,0.85
20-04-2026 01:14,0,0.82
20-04-2026 01:29,0,0.78
20-04-2026 01:44,0,0.75
20-04-2026 01:59,0,0.71
20-04-2026 02:14,0,0.68
20-04-2026 02:29,0,0.64
20-04-2026 02:44,0,0.6
20-04-2026 02:59,0,0.56
20-04-2026 03:14,0,0.52
20-04-2026 03:29,0,0.48
20-04-2026 03:44,0,0.44
20-04-2026 03:59,0,0.43
20-04-2026 04:14,0,0.42
20-04-2026 04:29,0,0.41
20-04-2026 04:59,0,0.59
20-04-2026 05:14,0,0.83
20-04-2026 05:44,0,1.19
20-04-2026 05:59,0,1.14
20-04-2026 06:14,0,1.09
20-04-2026 06:29,0,1.04
20-04-2026 06:44,0,0.99
20-04-2026 06:59,0,0.95
20-04-2026 07:14,0,0.91
20-04-2026 07:29,0,0.87
20-04-2026 07:44,0,0.83
20-04-2026 07:59,0,0.79
20-04-2026 08:14,0,0.76
20-04-2026 08:29,0,0.73
20-04-2026 08:44,0,1.0
20-04-2026 08:59,0,1.14
20-04-2026 09:14,0,1.12
20-04-2026 09:29,0,1.09
20-04-2026 09:44,0,1.07
20-04-2026 09:59,0,1.05
20-04-2026 10:14,0,1.02
20-04-2026 10:29,0,1.0
20-04-2026 10:44,0,0.99
20-04-2026 10:59,0,0.98
20-04-2026 11:14,0,0.97
20-04-2026 11:29,0,0.97
20-04-2026 11:44,0,0.97
20-04-2026 11:59,0,0.97
20-04-2026 12:14,0,0.96
20-04-2026 12:29,0,0.96
20-04-2026 12:44,0,0.96
20-04-2026 12:59,0,0.96
20-04-2026 13:00,0,0.96
20-04-2026 13:14,0,1.33
20-04-2026 13:29,0,1.61
20-04-2026 13:44,0,1.86
20-04-2026 13:59,0,1.86
20-04-2026 14:14,0,1.86
20-04-2026 14:29,0,1.86
20-04-2026 14:44,0,1.86
20-04-2026 14:59,0,1.86
20-04-2026 15:14,0,1.86
20-04-2026 15:29,0,1.86
20-04-2026 15:44,0,1.86
20-04-2026 15:59,0,1.86
20-04-2026 16:14,0,1.86
20-04-2026 16:29,0,1.94
20-04-2026 16:44,0,2.17
20-04-2026 16:59,0,2.17
20-04-2026 17:14,0,2.17
20-04-2026 17:29,0,2.17
20-04-2026 17:44,0,2.18
20-04-2026 17:59,0,2.17
20-04-2026 18:14,0,2.17
20-04-2026 18:29,0,2.18
20-04-2026 18:44,0,2.17
20-04-2026 18:59,0,2.17
20-04-2026 19:14,0,2.17
20-04-2026 19:29,0,2.17
20-04-2026 19:44,0,2.17
20-04-2026 19:59,0,2.17
20-04-2026 20:14,0,2.17
20-04-2026 20:29,0,2.16
20-04-2026 20:44,0,2.18
20-04-2026 20:59,0,2.17
20-04-2026 21:14,0,2.17
20-04-2026 21:29,0,2.18
20-04-2026 21:44,0,2.18
20-04-2026 21:59,0,2.15
20-04-2026 22:14,0,2.18
20-04-2026 22:29,0,2.18
20-04-2026 22:44,0,2.18
20-04-2026 22:59,0,2.18
20-04-2026 23:14,0,2.17
20-04-2026 23:29,0,2.18
20-04-2026 23:44,0,2.17
20-04-2026 23:59,0,2.17
21-04-2026 00:14,0,2.18
21-04-2026 00:29,0,2.17
21-04-2026 00:44,0,2.17
21-04-2026 01:14,0,2.15
21-04-2026 01:44,0,2.11
21-04-2026 01:59,0,2.1
21-04-2026 02:14,0,2.07
21-04-2026 02:29,0,2.06
21-04-2026 02:44,0,2.04
21-04-2026 02:59,0,2.03
21-04-2026 03:44,0,1.99
21-04-2026 03:59,0,1.97
21-04-2026 04:14,0,1.96
21-04-2026 04:44,0,1.92
21-04-2026 05:14,0,2.25
21-04-2026 05:29,0,2.73
21-04-2026 05:59,0,2.85
21-04-2026 06:14,0,2.84
21-04-2026 06:29,0,2.82
21-04-2026 06:44,0,2.8
21-04-2026 06:59,0,2.78
21-04-2026 07:14,0,2.76
21-04-2026 07:29,0,2.74
21-04-2026 07:44,0,2.72
21-04-2026 07:59,0,2.7
21-04-2026 08:29,0,2.6
21-04-2026 08:31,0,2.6
21-04-2026 08:44,0,2.51
21-04-2026 08:59,0,2.21
21-04-2026 09:14,0,2.08
21-04-2026 09:29,0,2.08
21-04-2026 09:44,0,2.07
21-04-2026 09:59,0,2.06
21-04-2026 10:14,0,2.06
21-04-2026 10:29,0,2.06
21-04-2026 10:44,0,2.05
21-04-2026 10:59,0,2.05
21-04-2026 11:14,0,2.05
21-04-2026 11:29,0,2.05
21-04-2026 11:44,0,2.05
21-04-2026 11:59,0,2.05
21-04-2026 12:14,0,2.05
21-04-2026 12:29,0,2.05
21-04-2026 12:44,0,2.05
21-04-2026 12:59,0,2.05
21-04-2026 13:14,0,2.05
21-04-2026 13:29,0,2.05
21-04-2026 13:44,0,2.05
21-04-2026 13:59,0,2.05
21-04-2026 14:14,0,2.05
21-04-2026 14:29,0,2.04
21-04-2026 14:44,0,2.04
21-04-2026 14:59,0,2.04
21-04-2026 15:14,0,2.04
21-04-2026 15:29,0,2.03
21-04-2026 15:44,0,2.03
21-04-2026 15:59,0,2.1
21-04-2026 16:14,0,2.41
21-04-2026 16:29,0,2.73
21-04-2026 16:44,0,3.17
21-04-2026 16:59,0,3.607
21-04-2026 17:14,0,3.817
21-04-2026 17:29,0,3.524
21-04-2026 17:44,0,3.24
21-04-2026 18:29,0,2.88
21-04-2026 18:44,0,2.88
21-04-2026 18:59,0,2.87
21-04-2026 19:14,0,2.87
21-04-2026 19:29,0,2.87
21-04-2026 19:44,0,2.87
21-04-2026 19:59,0,2.87
21-04-2026 20:14,0,2.87
21-04-2026 20:29,0,2.87
21-04-2026 20:44,0,2.87
21-04-2026 20:59,0,2.87
21-04-2026 21:14,0,2.87
21-04-2026 21:29,0,2.87
21-04-2026 21:44,0,2.87
21-04-2026 21:59,0,2.87
21-04-2026 22:14,0,2.87
21-04-2026 22:29,0,2.87
21-04-2026 22:44,0,2.87
21-04-2026 22:59,0,2.87
21-04-2026 23:14,0,2.87
21-04-2026 23:29,0,2.87
21-04-2026 23:44,0,2.87
21-04-2026 23:59,0,2.87
22-04-2026 00:14,0,2.87
22-04-2026 00:29,0,2.87
22-04-2026 00:44,0,2.87
22-04-2026 00:59,0,2.87
22-04-2026 01:14,0,2.87
22-04-2026 01:29,0,2.87
22-04-2026 01:59,0,2.87
22-04-2026 02:14,0,2.87
22-04-2026 02:29,0,2.87
22-04-2026 02:44,0,2.87
22-04-2026 02:59,0,2.87
22-04-2026 03:14,0,2.88
22-04-2026 03:29,0,2.87
22-04-2026 03:44,0,2.87
22-04-2026 03:59,0,2.87
22-04-2026 04:14,0,2.87
22-04-2026 04:29,0,2.87
22-04-2026 04:44,0,2.87
22-04-2026 04:59,0,2.95
22-04-2026 05:14,0,3.21
22-04-2026 05:29,0,3.525
22-04-2026 05:44,0,3.659
22-04-2026 05:59,0,3.659
22-04-2026 06:14,0,3.659
22-04-2026 06:29,0,3.659
22-04-2026 06:44,0,3.659
22-04-2026 06:59,0,3.66
22-04-2026 07:14,0,3.66
22-04-2026 07:29,0,3.659
22-04-2026 07:44,0,3.66
22-04-2026 07:59,0,3.66
22-04-2026 08:14,0,3.659
22-04-2026 08:29,0,3.659
22-04-2026 08:31,0,3.659
22-04-2026 08:44,0,3.659
22-04-2026 08:59,0,3.659
22-04-2026 09:14,0,3.659
22-04-2026 09:44,0,3.32
22-04-2026 09:59,0,3.33
22-04-2026 10:14,0,3.33
22-04-2026 10:29,0,3.33
22-04-2026 10:44,0,3.33
22-04-2026 10:59,0,3.33
22-04-2026 11:14,0,3.33
22-04-2026 11:44,0,3.01
22-04-2026 11:59,0,2.72
22-04-2026 12:14,0,2.43
22-04-2026 12:29,0,2.15
22-04-2026 12:44,0,1.82
22-04-2026 12:59,0,1.58
22-04-2026 13:14,0,1.5
22-04-2026 13:29,0,1.5
22-04-2026 13:44,0,1.5
22-04-2026 13:59,0,1.5
22-04-2026 14:14,0,1.5
22-04-2026 14:29,0,1.5
22-04-2026 14:44,0,1.5
22-04-2026 14:59,0,1.5
22-04-2026 15:14,0,1.5
22-04-2026 15:29,0,1.5
22-04-2026 15:44,0,1.5
22-04-2026 15:59,0,1.82
22-04-2026 16:14,0,2.06
22-04-2026 16:29,0,2.55
22-04-2026 16:44,0,3.01
22-04-2026 16:59,0,3.3
22-04-2026 17:14,0,3.3
22-04-2026 17:29,0,3.3
22-04-2026 17:44,0,3.3
22-04-2026 17:59,0,3.3
22-04-2026 18:14,0,3.3
22-04-2026 18:29,0,3.3
22-04-2026 18:44,0,3.3
22-04-2026 19:14,0,3.3
22-04-2026 19:29,0,3.3
22-04-2026 19:44,0,3.3
22-04-2026 19:59,0,3.3
22-04-2026 20:31,0,3.3
22-04-2026 20:44,0,3.3
22-04-2026 20:59,0,3.3
22-04-2026 21:14,0,3.3
22-04-2026 21:29,0,3.3
22-04-2026 21:44,0,3.3
22-04-2026 21:59,0,3.3
22-04-2026 22:14,0,3.3
22-04-2026 22:29,0,3.3
22-04-2026 22:44,0,3.3
22-04-2026 22:59,0,3.3
22-04-2026 23:14,0,3.3
22-04-2026 23:29,0,3.3
22-04-2026 23:44,0,3.3
22-04-2026 23:59,0,3.3
23-04-2026 00:14,0,3.3
23-04-2026 00:29,0,3.3
23-04-2026 00:44,0,3.29
23-04-2026 00:59,0,3.29
23-04-2026 01:14,0,3.29
23-04-2026 01:29,0,3.3
23-04-2026 01:44,0,3.27
23-04-2026 01:59,0,3.27
23-04-2026 02:14,0,3.25
23-04-2026 02:29,0,3.22
23-04-2026 02:44,0,3.21
23-04-2026 02:59,0,3.18
23-04-2026 03:44,0,3.09
23-04-2026 03:59,0,3.05
23-04-2026 04:14,0,3.02
23-04-2026 04:29,0,3.0
23-04-2026 04:44,0,2.96
23-04-2026 04:59,0,3.2
23-04-2026 05:29,0,3.888
23-04-2026 05:44,0,3.981
23-04-2026 05:59,0,3.935
23-04-2026 06:14,0,3.894
23-04-2026 06:29,0,3.846
23-04-2026 06:44,0,3.791
23-04-2026 06:59,0,3.751
23-04-2026 07:14,0,3.698
23-04-2026 07:29,0,3.649
23-04-2026 07:44,0,3.605
23-04-2026 07:59,0,3.554
23-04-2026 08:14,0,3.509
23-04-2026 08:29,0,3.47
23-04-2026 08:59,0,3.36
23-04-2026 09:14,0,3.3
23-04-2026 09:44,0,3.16
23-04-2026 09:59,0,3.09
23-04-2026 10:14,0,3.02
23-04-2026 10:29,0,2.95
23-04-2026 10:44,0,2.87
23-04-2026 10:59,0,2.81
23-04-2026 11:14,0,2.75
23-04-2026 11:29,0,2.67
23-04-2026 11:59,0,2.55
23-04-2026 12:29,0,2.38
23-04-2026 12:44,0,2.32
23-04-2026 12:59,0,2.26
23-04-2026 13:14,0,2.18
23-04-2026 13:29,0,2.08
23-04-2026 13:44,0,2.05
23-04-2026 13:59,0,1.95
23-04-2026 14:14,0,1.91
23-04-2026 14:44,0,1.82
23-04-2026 14:59,0,1.75
23-04-2026 15:44,0,1.52
23-04-2026 15:59,0,1.48
23-04-2026 16:14,0,1.75
23-04-2026 16:29,0,2.02
23-04-2026 16:44,0,2.45
23-04-2026 16:59,0,2.88
23-04-2026 17:29,0,2.98
23-04-2026 17:44,0,2.93
23-04-2026 18:29,0,2.83
23-04-2026 18:44,0,2.82
23-04-2026 18:59,0,2.77
23-04-2026 19:14,0,2.72
23-04-2026 19:29,0,2.69
23-04-2026 19:44,0,2.67
23-04-2026 19:59,0,2.64
23-04-2026 20:14,0,2.61
23-04-2026 20:59,0,2.52
23-04-2026 21:29,0,2.47
23-04-2026 21:44,0,2.41
23-04-2026 22:14,0,2.4
23-04-2026 22:44,0,2.32
23-04-2026 23:14,0,2.24
23-04-2026 23:29,0,2.17
24-04-2026 00:14,0,2.03
24-04-2026 00:29,0,1.97
24-04-2026 00:44,0,1.93
24-04-2026 00:59,0,1.85
24-04-2026 01:14,0,1.81
24-04-2026 01:29,0,1.76
24-04-2026 01:44,0,1.67
24-04-2026 02:14,0,1.52
24-04-2026 02:29,0,1.49
24-04-2026 02:44,0,1.38
24-04-2026 03:14,0,1.25
24-04-2026 03:29,0,1.18
24-04-2026 03:59,0,1.03
24-04-2026 04:14,0,0.96
24-04-2026 04:29,0,0.89
24-04-2026 04:44,0,0.81
24-04-2026 04:59,0,0.79
24-04-2026 05:14,0,1.01
24-04-2026 05:29,0,1.13
24-04-2026 05:59,0,1.34
24-04-2026 06:14,0,1.26
24-04-2026 06:29,0,1.19
24-04-2026 06:44,0,1.1
24-04-2026 07:14,0,0.95
24-04-2026 07:29,0,0.88
24-04-2026 07:44,0,0.8
24-04-2026 07:59,0,0.73
24-04-2026 08:14,0,0.66
24-04-2026 08:29,0,0.59
24-04-2026 08:31,0,0.59
24-04-2026 08:44,0,0.53
24-04-2026 08:59,0,0.46
24-04-2026 09:14,0,0.42
24-04-2026 09:29,0,0.57
24-04-2026 09:44,0,0.74
24-04-2026 09:59,0,0.67
24-04-2026 10:14,0,0.88
24-04-2026 10:29,0,0.81
24-04-2026 10:44,0,0.74
24-04-2026 10:59,0,0.67
24-04-2026 11:14,0,0.85
24-04-2026 11:29,0,0.88
24-04-2026 11:44,0,0.81
24-04-2026 11:59,0,0.74
24-04-2026 12:14,0,0.66
24-04-2026 12:29,0,0.59
24-04-2026 12:44,0,0.62
24-04-2026 12:59,0,0.55
24-04-2026 13:14,0,0.5
24-04-2026 13:29,0,0.46
24-04-2026 13:44,0,0.46
24-04-2026 13:59,0,0.45
24-04-2026 14:14,0,0.44
24-04-2026 14:29,0,0.44
24-04-2026 14:44,0,0.44
24-04-2026 14:59,0,0.44
24-04-2026 15:14,0,0.44
24-04-2026 15:29,0,0.45
24-04-2026 15:44,0,0.45
24-04-2026 15:59,0,0.44
24-04-2026 16:14,0,0.67
24-04-2026 16:29,0,0.98
24-04-2026 16:44,0,0.98
24-04-2026 16:59,0,0.98
24-04-2026 17:14,0,0.97
24-04-2026 17:29,0,0.96
24-04-2026 17:44,0,0.95
24-04-2026 17:59,0,0.95
24-04-2026 18:14,0,0.95
24-04-2026 18:29,0,0.95
24-04-2026 18:44,0,0.95
24-04-2026 18:59,0,0.95
24-04-2026 19:14,0,0.95
24-04-2026 19:29,0,0.95
24-04-2026 19:44,0,0.95
24-04-2026 19:59,0,0.95
24-04-2026 20:14,0,0.95
24-04-2026 20:31,0,0.95
24-04-2026 20:44,0,0.95
24-04-2026 20:59,0,0.95
24-04-2026 21:14,0,0.95
24-04-2026 21:29,0,0.95
24-04-2026 21:44,0,0.95
24-04-2026 21:59,0,0.95
24-04-2026 22:14,0,0.95
24-04-2026 22:29,0,0.95
24-04-2026 22:44,0,0.95
24-04-2026 22:59,0,0.94
24-04-2026 23:14,0,0.94
24-04-2026 23:29,0,0.95
24-04-2026 23:44,0,0.95
24-04-2026 23:59,0,0.95
25-04-2026 00:14,0,0.95
25-04-2026 00:29,0,0.95
25-04-2026 00:44,0,0.95
25-04-2026 00:59,0,0.95
25-04-2026 01:14,0,0.95
25-04-2026 01:29,0,0.95
25-04-2026 01:44,0,0.95
25-04-2026 01:59,0,0.95
25-04-2026 02:14,0,0.95
25-04-2026 02:29,0,0.95
25-04-2026 02:44,0,0.95
25-04-2026 02:59,0,0.95
25-04-2026 03:14,0,0.95
25-04-2026 03:29,0,0.95
25-04-2026 03:44,0,0.95
25-04-2026 03:59,0,0.95
25-04-2026 04:14,0,0.95
25-04-2026 04:29,0,0.95
25-04-2026 04:44,0,0.95
25-04-2026 04:59,0,1.13
25-04-2026 05:14,0,1.36
25-04-2026 05:29,0,1.77
25-04-2026 05:44,0,2.01
25-04-2026 05:59,0,2.01
25-04-2026 06:14,0,2.0
25-04-2026 06:29,0,2.01
25-04-2026 06:44,0,2.0
25-04-2026 06:59,0,2.0
25-04-2026 07:14,0,2.01
25-04-2026 07:29,0,2.01
25-04-2026 07:44,0,2.01
25-04-2026 07:59,0,2.01
25-04-2026 08:14,0,2.01
25-04-2026 08:29,0,2.0
25-04-2026 08:44,0,2.01
25-04-2026 08:59,0,2.01
25-04-2026 09:14,0,2.0
25-04-2026 09:29,0,2.0
25-04-2026 09:44,0,2.0
25-04-2026 09:59,0,2.0
25-04-2026 10:14,0,2.0
25-04-2026 10:29,0,2.0
25-04-2026 10:44,0,2.0
25-04-2026 10:59,0,2.0
25-04-2026 11:14,0,2.0
25-04-2026 11:29,0,2.0
25-04-2026 11:44,0,2.0
25-04-2026 11:59,0,2.0
25-04-2026 12:14,0,2.0
25-04-2026 12:29,0,2.0
25-04-2026 12:44,0,2.0
25-04-2026 12:59,0,2.0
25-04-2026 13:14,0,2.0
25-04-2026 13:29,0,2.0
25-04-2026 13:44,0,2.0
25-04-2026 13:59,0,2.0
25-04-2026 14:14,0,2.0
25-04-2026 14:29,0,2.0
25-04-2026 14:44,0,2.0
25-04-2026 14:59,0,2.0
25-04-2026 15:14,0,2.0
25-04-2026 15:29,0,2.0
25-04-2026 15:44,0,2.0
25-04-2026 15:59,0,2.1
25-04-2026 16:14,0,2.41
25-04-2026 16:29,0,2.75
25-04-2026 16:44,0,3.17
25-04-2026 16:59,0,3.606
25-04-2026 17:14,0,3.973
25-04-2026 17:29,0,3.974
25-04-2026 17:44,0,3.974
25-04-2026 17:59,0,3.974
25-04-2026 18:14,0,3.974
25-04-2026 18:29,0,3.974
25-04-2026 18:44,0,3.974
25-04-2026 19:14,0,3.974
25-04-2026 19:29,0,3.974
25-04-2026 19:44,0,3.974
25-04-2026 19:59,0,3.974
25-04-2026 20:14,0,3.97
25-04-2026 20:29,0,3.683
25-04-2026 20:44,0,3.4
25-04-2026 20:59,0,3.11
25-04-2026 21:14,0,2.79
25-04-2026 21:29,0,2.77
25-04-2026 21:44,0,2.78
25-04-2026 21:59,0,2.78
25-04-2026 22:14,0,2.78
25-04-2026 22:29,0,2.78
25-04-2026 22:44,0,2.78
25-04-2026 22:59,0,2.78
25-04-2026 23:14,0,2.78
25-04-2026 23:29,0,2.78
25-04-2026 23:44,0,2.78
25-04-2026 23:59,0,2.78
26-04-2026 00:29,0,2.78
26-04-2026 00:44,0,2.78
26-04-2026 00:59,0,2.78
26-04-2026 01:14,0,2.78
26-04-2026 01:29,0,2.78
26-04-2026 01:44,0,2.78
26-04-2026 01:59,0,2.78
26-04-2026 02:14,0,2.78
26-04-2026 02:29,0,2.78
26-04-2026 02:44,0,2.78
26-04-2026 02:59,0,2.78
26-04-2026 03:14,0,2.78
26-04-2026 03:29,0,2.78
26-04-2026 03:44,0,2.78
26-04-2026 03:59,0,2.78
26-04-2026 04:14,0,2.78
26-04-2026 04:29,0,2.78
26-04-2026 04:44,0,2.78
26-04-2026 04:59,0,2.78
26-04-2026 05:01,0,2.78
26-04-2026 05:14,0,2.78
26-04-2026 05:29,0,3.02
26-04-2026 05:44,0,3.34
26-04-2026 05:59,0,3.736
26-04-2026 06:14,0,3.784
26-04-2026 06:29,0,3.784
26-04-2026 06:44,0,3.783
26-04-2026 06:59,0,3.783
26-04-2026 07:14,0,3.783
26-04-2026 07:29,0,3.781
26-04-2026 07:44,0,3.782
26-04-2026 07:59,0,3.783
26-04-2026 08:14,0,3.783
26-04-2026 08:29,0,3.783
26-04-2026 08:44,0,3.784
26-04-2026 08:59,0,3.783
26-04-2026 09:14,0,3.784
26-04-2026 09:29,0,3.593
26-04-2026 09:44,0,3.58
26-04-2026 09:59,0,3.579
26-04-2026 10:14,0,3.579
26-04-2026 10:29,0,3.579
26-04-2026 10:44,0,3.579
26-04-2026 10:59,0,3.579
26-04-2026 11:14,0,3.579
26-04-2026 11:29,0,3.579
26-04-2026 11:44,0,3.579
26-04-2026 11:59,0,3.4
26-04-2026 12:14,0,3.09
26-04-2026 12:29,0,2.79
26-04-2026 12:44,0,2.51
26-04-2026 12:59,0,2.23
26-04-2026 13:14,0,2.14
26-04-2026 13:29,0,2.15
26-04-2026 13:44,0,2.15
26-04-2026 13:59,0,2.15
26-04-2026 14:14,0,2.15
26-04-2026 14:29,0,2.15
26-04-2026 14:44,0,2.15
26-04-2026 14:59,0,2.15
26-04-2026 15:14,0,2.15
26-04-2026 15:29,0,2.15
26-04-2026 15:44,0,2.15
26-04-2026 15:59,0,2.28
26-04-2026 16:14,0,2.58
26-04-2026 16:29,0,2.9
26-04-2026 16:44,0,3.38
26-04-2026 16:59,0,3.618
26-04-2026 17:01,0,3.618
26-04-2026 17:14,0,3.43
26-04-2026 17:29,0,3.14
26-04-2026 17:44,0,2.85
26-04-2026 17:59,0,2.57
26-04-2026 18:14,0,2.42
26-04-2026 18:29,0,2.43
26-04-2026 18:44,0,2.43
26-04-2026 18:59,0,2.43
26-04-2026 19:14,0,2.43
26-04-2026 19:29,0,2.43
26-04-2026 19:44,0,2.43
26-04-2026 20:14,0,2.43
26-04-2026 20:44,0,2.43
26-04-2026 20:59,0,2.43
26-04-2026 21:14,0,2.43
26-04-2026 21:44,0,2.43
26-04-2026 21:59,0,2.43
26-04-2026 22:14,0,2.43
26-04-2026 22:29,0,2.43
26-04-2026 22:44,0,2.43
26-04-2026 22:59,0,2.43
26-04-2026 23:14,0,2.43
26-04-2026 23:29,0,2.43
26-04-2026 23:44,0,2.43
26-04-2026 23:59,0,2.43
27-04-2026 00:29,0,2.43
27-04-2026 00:44,0,2.43
27-04-2026 00:59,0,2.43
27-04-2026 01:14,0,2.43
27-04-2026 01:29,0,2.43
27-04-2026 01:44,0,2.43
27-04-2026 01:59,0,2.43
27-04-2026 02:14,0,2.43
27-04-2026 02:29,0,2.43
27-04-2026 02:44,0,2.43
27-04-2026 02:59,0,2.43
27-04-2026 03:14,0,2.43
27-04-2026 03:29,0,2.43
27-04-2026 03:44,0,2.43
27-04-2026 03:59,0,2.43
27-04-2026 04:14,0,2.43
27-04-2026 04:29,0,2.43
27-04-2026 04:44,0,2.43
27-04-2026 04:59,0,2.56
27-04-2026 05:01,0,2.56
27-04-2026 05:14,0,2.81
27-04-2026 05:29,0,3.12
27-04-2026 05:44,0,3.43
27-04-2026 05:59,0,3.43
27-04-2026 06:14,0,3.43
27-04-2026 06:29,0,3.43
27-04-2026 06:44,0,3.43
27-04-2026 06:59,0,3.43
27-04-2026 07:14,0,3.43
27-04-2026 07:29,0,3.43
27-04-2026 07:44,0,3.43
27-04-2026 07:59,0,3.43
27-04-2026 08:14,0,3.43
27-04-2026 08:29,0,3.43
27-04-2026 08:44,0,3.43
27-04-2026 08:59,0,3.43
27-04-2026 09:14,0,3.43
27-04-2026 09:29,0,3.4
27-04-2026 09:59,0,3.37
27-04-2026 10:14,0,3.34
27-04-2026 10:59,0,3.27
27-04-2026 11:14,0,3.07
27-04-2026 11:29,0,2.88
27-04-2026 11:44,0,2.86
27-04-2026 11:59,0,2.85
27-04-2026 12:14,0,2.85
27-04-2026 12:29,0,2.85
27-04-2026 12:44,0,2.85
27-04-2026 12:59,0,2.85
27-04-2026 13:14,0,2.85
27-04-2026 13:29,0,2.85
27-04-2026 13:44,0,2.85
27-04-2026 13:59,0,2.85
27-04-2026 14:14,0,2.85
27-04-2026 14:29,0,2.85
27-04-2026 14:44,0,2.85
27-04-2026 14:59,0,2.85
27-04-2026 15:14,0,2.85
27-04-2026 15:29,0,2.84
27-04-2026 15:44,0,2.53
27-04-2026 16:14,0,2.74
27-04-2026 16:29,0,3.0
27-04-2026 16:44,0,3.48
27-04-2026 16:59,0,3.917
27-04-2026 17:01,0,3.917
27-04-2026 17:14,0,4.067
27-04-2026 17:29,0,3.77
27-04-2026 17:44,0,3.48
27-04-2026 17:59,0,3.19
27-04-2026 18:14,0,2.91
27-04-2026 18:29,0,2.9
27-04-2026 18:44,0,2.9
27-04-2026 18:59,0,2.9
27-04-2026 19:14,0,2.9
27-04-2026 19:29,0,2.9
27-04-2026 19:44,0,2.9
27-04-2026 19:59,0,2.9
27-04-2026 20:14,0,2.9
27-04-2026 20:29,0,2.9
27-04-2026 20:44,0,2.9
27-04-2026 20:59,0,2.9
27-04-2026 21:14,0,2.9
27-04-2026 21:44,0,2.9
27-04-2026 21:59,0,2.9
27-04-2026 22:14,0,2.9
27-04-2026 22:29,0,2.9
27-04-2026 22:44,0,2.9
27-04-2026 22:59,0,2.9
27-04-2026 23:14,0,2.9
27-04-2026 23:29,0,2.9
27-04-2026 23:44,0,2.9
27-04-2026 23:59,0,2.9
28-04-2026 00:14,0,2.9
28-04-2026 00:44,0,2.9
28-04-2026 00:59,0,2.9
28-04-2026 01:14,0,2.9
28-04-2026 01:29,0,2.9
28-04-2026 01:44,0,2.9
28-04-2026 01:59,0,2.9
28-04-2026 02:14,0,2.9
28-04-2026 02:29,0,2.9
28-04-2026 02:44,0,2.9
28-04-2026 02:59,0,2.9
28-04-2026 03:14,0,2.9
28-04-2026 03:29,0,2.9
28-04-2026 03:44,0,2.9
28-04-2026 03:59,0,2.9
28-04-2026 04:14,0,2.9
28-04-2026 04:29,0,2.9
28-04-2026 04:44,0,2.9
28-04-2026 04:59,0,2.92
28-04-2026 05:14,0,3.03
28-04-2026 05:29,0,3.4
28-04-2026 05:44,0,3.797
28-04-2026 05:59,0,3.795
28-04-2026 06:14,0,3.797
28-04-2026 06:29,0,3.799
28-04-2026 06:44,0,3.793
28-04-2026 06:59,0,3.797
28-04-2026 07:14,0,3.796
28-04-2026 07:29,0,3.797
28-04-2026 07:44,0,3.796
28-04-2026 07:59,0,3.765
28-04-2026 08:14,0,3.675
28-04-2026 08:29,0,3.648
28-04-2026 08:44,0,3.647
28-04-2026 08:59,0,3.646
28-04-2026 09:14,0,3.647
28-04-2026 09:29,0,3.646
28-04-2026 09:44,0,3.646
28-04-2026 09:59,0,3.647
28-04-2026 10:14,0,3.647
28-04-2026 10:29,0,3.5
28-04-2026 10:44,0,3.21
28-04-2026 10:59,0,2.9
28-04-2026 11:14,0,2.63
28-04-2026 11:29,0,2.31
28-04-2026 11:44,0,2.28
28-04-2026 12:29,0,2.23
28-04-2026 12:44,0,1.93
28-04-2026 12:59,0,1.62
28-04-2026 13:14,0,1.3
28-04-2026 13:29,0,1.06
28-04-2026 13:44,0,1.06
28-04-2026 13:59,0,1.06
28-04-2026 14:14,0,1.06
28-04-2026 14:29,0,1.06
28-04-2026 14:44,0,1.06
28-04-2026 14:59,0,1.06
28-04-2026 15:14,0,1.06
28-04-2026 15:29,0,1.06
28-04-2026 15:44,0,1.06
28-04-2026 15:59,0,1.06
28-04-2026 16:14,0,1.06
28-04-2026 16:29,0,1.27
28-04-2026 17:01,0,1.64
28-04-2026 17:29,0,2.57
28-04-2026 17:44,0,2.83
28-04-2026 17:59,0,2.83
28-04-2026 18:14,0,2.83
28-04-2026 18:29,0,2.83
28-04-2026 18:44,0,2.83
28-04-2026 18:59,0,2.83
28-04-2026 19:14,0,2.83
28-04-2026 19:29,0,2.83
28-04-2026 19:59,0,2.83
28-04-2026 20:14,0,2.83
28-04-2026 20:29,0,2.83
28-04-2026 20:59,0,2.83
28-04-2026 21:14,0,2.83
28-04-2026 21:44,0,2.83
28-04-2026 22:14,0,2.83
28-04-2026 22:29,0,2.83
28-04-2026 22:59,0,2.83
28-04-2026 23:14,0,2.83
28-04-2026 23:29,0,2.83
28-04-2026 23:44,0,2.83
28-04-2026 23:59,0,2.83
29-04-2026 00:14,0,2.83
29-04-2026 00:29,0,2.83
29-04-2026 00:44,0,2.83
29-04-2026 00:59,0,2.83
29-04-2026 01:14,0,2.83
29-04-2026 01:29,0,2.83
29-04-2026 01:44,0,2.83
29-04-2026 01:59,0,2.83
29-04-2026 02:14,0,2.83
29-04-2026 02:29,0,2.83
29-04-2026 02:44,0,2.83
29-04-2026 02:59,0,2.83
29-04-2026 03:14,0,2.83
29-04-2026 03:29,0,2.83
29-04-2026 03:44,0,2.83
29-04-2026 03:59,0,2.83
29-04-2026 04:14,0,2.83
29-04-2026 04:29,0,2.83
29-04-2026 04:44,0,2.83
29-04-2026 04:59,0,3.08
29-04-2026 05:01,0,3.08
29-04-2026 05:14,0,3.38
29-04-2026 05:29,0,3.641
29-04-2026 05:44,0,3.641
29-04-2026 05:59,0,3.641
29-04-2026 06:14,0,3.642
29-04-2026 06:29,0,3.642
29-04-2026 06:44,0,3.641
29-04-2026 06:59,0,3.641
29-04-2026 07:14,0,3.641
29-04-2026 07:29,0,3.642
29-04-2026 07:44,0,3.641
29-04-2026 07:59,0,3.641
29-04-2026 08:14,0,3.641
29-04-2026 08:29,0,3.641
29-04-2026 08:44,0,3.641
29-04-2026 08:59,0,3.641
29-04-2026 09:14,0,3.641
29-04-2026 09:29,0,3.641
29-04-2026 09:44,0,3.641
29-04-2026 09:59,0,3.641
29-04-2026 10:14,0,3.642
29-04-2026 10:29,0,3.641
29-04-2026 10:44,0,3.642
29-04-2026 10:59,0,3.642
29-04-2026 11:14,0,3.642
29-04-2026 11:29,0,3.642
29-04-2026 11:44,0,3.641
29-04-2026 11:59,0,3.587
29-04-2026 12:14,0,3.3
29-04-2026 12:29,0,3.01
29-04-2026 12:59,0,2.41
29-04-2026 13:14,0,2.32
29-04-2026 13:29,0,2.31
29-04-2026 13:44,0,2.31
29-04-2026 13:59,0,2.31
29-04-2026 14:14,0,2.31
29-04-2026 14:29,0,2.31
29-04-2026 14:44,0,2.31
29-04-2026 14:59,0,2.31
29-04-2026 15:14,0,2.31
29-04-2026 15:29,0,2.31
29-04-2026 15:44,0,2.31
29-04-2026 15:59,0,2.4
29-04-2026 16:14,0,2.73
29-04-2026 16:29,0,2.99
29-04-2026 16:44,0,3.47
29-04-2026 17:01,0,3.912
29-04-2026 17:14,0,3.987
29-04-2026 17:29,0,3.695
29-04-2026 17:44,0,3.41
29-04-2026 17:59,0,3.1
29-04-2026 18:14,0,2.88
29-04-2026 18:44,0,2.88
29-04-2026 18:59,0,2.88
29-04-2026 19:14,0,2.88
29-04-2026 19:29,0,2.88
29-04-2026 19:44,0,2.88
29-04-2026 20:29,0,2.88
29-04-2026 20:44,0,2.88
29-04-2026 20:59,0,2.88
29-04-2026 21:14,0,2.88
29-04-2026 21:29,0,2.88
29-04-2026 21:44,0,2.88
29-04-2026 22:29,0,2.88
29-04-2026 22:59,0,2.88
29-04-2026 23:29,0,2.88
29-04-2026 23:44,0,2.88
30-04-2026 00:44,0,2.82
30-04-2026 01:14,0,2.76
30-04-2026 02:14,0,2.65
30-04-2026 02:29,0,2.63
30-04-2026 03:14,0,2.52
30-04-2026 03:29,0,2.48
30-04-2026 04:14,0,2.39
30-04-2026 04:44,0,2.31
30-04-2026 04:59,0,2.3
30-04-2026 05:01,0,2.3
30-04-2026 05:14,0,2.49
30-04-2026 05:29,0,2.69
30-04-2026 05:44,0,3.1
30-04-2026 06:14,0,3.03
30-04-2026 06:29,0,3.0
30-04-2026 06:44,0,2.96
30-04-2026 06:59,0,2.92
30-04-2026 07:44,0,2.79
30-04-2026 07:59,0,2.75
30-04-2026 08:29,0,2.68
30-04-2026 08:44,0,2.63
30-04-2026 08:59,0,2.61
30-04-2026 09:14,0,2.55
30-04-2026 09:29,0,2.71
30-04-2026 09:59,0,2.64
30-04-2026 10:14,0,2.61
30-04-2026 10:44,0,2.81
30-04-2026 10:59,0,3.26
30-04-2026 11:14,0,3.29
30-04-2026 11:29,0,3.25
30-04-2026 11:44,0,3.24
30-04-2026 11:59,0,3.23
30-04-2026 12:29,0,3.18
30-04-2026 12:44,0,3.16
30-04-2026 12:59,0,3.15
30-04-2026 13:14,0,3.38
30-04-2026 13:29,0,3.36
30-04-2026 13:59,0,3.33
30-04-2026 14:14,0,3.31
30-04-2026 14:29,0,3.529
30-04-2026 14:59,0,3.58
30-04-2026 15:14,0,3.575
30-04-2026 15:29,0,3.556
30-04-2026 15:59,0,3.516
30-04-2026 16:14,0,3.581
30-04-2026 16:29,0,3.689
30-04-2026 16:44,0,3.675
30-04-2026 16:59,0,3.665
30-04-2026 17:01,0,3.665
30-04-2026 17:14,0,3.641
30-04-2026 17:44,0,3.601
30-04-2026 17:59,0,3.572
30-04-2026 18:14,0,3.567
30-04-2026 18:29,0,3.556
30-04-2026 18:44,0,3.555
30-04-2026 18:59,0,3.556
30-04-2026 19:14,0,3.555
30-04-2026 19:29,0,3.555
30-04-2026 19:44,0,3.555
30-04-2026 19:59,0,3.553
30-04-2026 20:14,0,3.555
30-04-2026 20:29,0,3.543
30-04-2026 20:59,0,3.525
30-04-2026 21:14,0,3.5
30-04-2026 21:29,0,3.49
30-04-2026 21:44,0,3.47
30-04-2026 21:59,0,3.46
30-04-2026 22:14,0,3.44
30-04-2026 22:29,0,3.43
30-04-2026 22:44,0,3.4
30-04-2026 22:59,0,3.39
30-04-2026 23:14,0,3.38
30-04-2026 23:29,0,3.36
30-04-2026 23:44,0,3.34
30-04-2026 23:59,0,3.31
01-05-2026 00:14,0,3.3
01-05-2026 00:29,0,3.28
01-05-2026 00:44,0,3.25
01-05-2026 00:59,0,3.23
01-05-2026 01:14,0,3.21
01-05-2026 01:29,0,3.16
01-05-2026 02:29,0,3.04
01-05-2026 02:44,0,3.01
01-05-2026 03:14,0,2.94
01-05-2026 03:29,0,2.9
01-05-2026 03:44,0,2.86
01-05-2026 03:59,0,2.81
01-05-2026 04:29,0,2.72
01-05-2026 04:44,0,2.69
01-05-2026 04:59,0,2.91
01-05-2026 05:14,0,3.1
01-05-2026 05:29,0,3.511
01-05-2026 05:59,0,3.53
01-05-2026 06:14,0,3.49
01-05-2026 06:59,0,3.34
01-05-2026 07:29,0,3.29
01-05-2026 07:44,0,3.27
01-05-2026 07:59,0,3.25
01-05-2026 08:14,0,3.23
01-05-2026 08:29,0,3.21
01-05-2026 08:44,0,3.2
01-05-2026 08:59,0,3.19
01-05-2026 09:14,0,3.18
01-05-2026 09:29,0,3.18
01-05-2026 09:44,0,3.17
01-05-2026 09:59,0,3.17
01-05-2026 10:14,0,3.17
01-05-2026 10:29,0,3.16
01-05-2026 10:44,0,3.16
01-05-2026 10:59,0,3.16
01-05-2026 11:14,0,3.16
01-05-2026 11:29,0,3.16
01-05-2026 11:44,0,3.16
01-05-2026 11:59,0,3.16
01-05-2026 12:14,0,3.16
01-05-2026 12:29,0,3.15
01-05-2026 12:44,0,3.15
01-05-2026 12:59,0,3.15
01-05-2026 13:14,0,2.84
01-05-2026 13:29,0,2.56
01-05-2026 13:44,0,2.26
01-05-2026 13:59,0,1.97
01-05-2026 14:14,0,1.77
01-05-2026 14:29,0,1.77
01-05-2026 14:44,0,1.77
01-05-2026 14:59,0,1.77
01-05-2026 15:14,0,1.77
01-05-2026 15:29,0,1.77
01-05-2026 15:44,0,1.77
01-05-2026 15:59,0,1.82
01-05-2026 16:14,0,2.12
01-05-2026 16:29,0,2.44
01-05-2026 16:44,0,2.91
01-05-2026 16:59,0,3.38
01-05-2026 17:01,0,3.38
01-05-2026 17:14,0,3.38
01-05-2026 17:29,0,3.38
01-05-2026 17:44,0,3.38
01-05-2026 17:59,0,3.38
01-05-2026 18:14,0,3.13
01-05-2026 18:29,0,2.84
01-05-2026 18:59,0,2.85
01-05-2026 19:14,0,2.85
01-05-2026 19:29,0,2.85
01-05-2026 19:44,0,2.85
01-05-2026 19:59,0,2.85
01-05-2026 20:14,0,2.85
01-05-2026 20:29,0,2.85
01-05-2026 20:44,0,2.85
01-05-2026 20:59,0,2.85
01-05-2026 21:14,0,2.85
01-05-2026 21:29,0,2.85
01-05-2026 21:44,0,2.85
01-05-2026 21:59,0,2.85
01-05-2026 22:14,0,2.85
01-05-2026 22:29,0,2.85
01-05-2026 22:59,0,2.85
01-05-2026 23:14,0,2.85
01-05-2026 23:29,0,2.85
01-05-2026 23:44,0,2.85
01-05-2026 23:59,0,2.85
02-05-2026 00:14,0,2.85
02-05-2026 00:29,0,2.85
02-05-2026 00:44,0,2.85
02-05-2026 00:59,0,2.85
02-05-2026 01:14,0,2.85
02-05-2026 01:29,0,2.85
02-05-2026 01:44,0,2.85
02-05-2026 01:59,0,2.85
02-05-2026 02:14,0,2.85
02-05-2026 02:29,0,2.85
02-05-2026 02:44,0,2.85
02-05-2026 02:59,0,2.85
02-05-2026 03:14,0,2.85
02-05-2026 03:29,0,2.85
02-05-2026 03:44,0,2.85
02-05-2026 03:59,0,2.85
02-05-2026 04:14,0,2.85
02-05-2026 04:29,0,2.85
02-05-2026 04:44,0,2.85
02-05-2026 04:59,0,2.98
02-05-2026 05:01,0,2.98
02-05-2026 05:14,0,3.21
02-05-2026 05:29,0,3.632
02-05-2026 05:44,0,3.672
02-05-2026 06:14,0,3.672
02-05-2026 06:29,0,3.672
02-05-2026 06:44,0,3.672
02-05-2026 06:59,0,3.671
02-05-2026 07:14,0,3.672
02-05-2026 07:29,0,3.671
02-05-2026 07:44,0,3.672
02-05-2026 07:59,0,3.672
02-05-2026 08:14,0,3.672
02-05-2026 08:29,0,3.672
02-05-2026 08:44,0,3.707
02-05-2026 08:59,0,3.646
02-05-2026 09:14,0,3.64
02-05-2026 09:29,0,3.641
02-05-2026 09:59,0,3.19
02-05-2026 10:29,0,2.6
02-05-2026 10:44,0,2.31
02-05-2026 10:59,0,2.11
02-05-2026 11:14,0,2.12
02-05-2026 11:29,0,2.12
02-05-2026 11:44,0,2.12
02-05-2026 11:59,0,2.09
02-05-2026 12:29,0,1.47
02-05-2026 12:44,0,1.4
02-05-2026 12:59,0,1.4
02-05-2026 13:14,0,1.4
02-05-2026 13:29,0,1.4
02-05-2026 13:44,0,1.4
02-05-2026 13:59,0,1.4
02-05-2026 14:14,0,1.4
02-05-2026 14:29,0,1.4
02-05-2026 14:44,0,1.4
02-05-2026 14:59,0,1.4
02-05-2026 15:14,0,1.4
02-05-2026 15:29,0,1.4
02-05-2026 15:44,0,1.4
02-05-2026 15:59,0,1.67
02-05-2026 16:14,0,1.96
02-05-2026 16:29,0,2.37
02-05-2026 16:44,0,2.83
02-05-2026 16:59,0,3.13
02-05-2026 17:02,0,3.13
02-05-2026 17:14,0,3.13
02-05-2026 17:29,0,3.13
02-05-2026 17:44,0,3.13
02-05-2026 17:59,0,3.13
02-05-2026 18:14,0,3.13
02-05-2026 18:29,0,3.13
02-05-2026 18:44,0,3.12
02-05-2026 18:59,0,3.12
02-05-2026 19:14,0,3.12
02-05-2026 19:29,0,3.12
02-05-2026 19:59,0,3.12
02-05-2026 20:14,0,3.12
02-05-2026 20:29,0,3.12
02-05-2026 20:44,0,3.12
02-05-2026 20:59,0,3.12
02-05-2026 21:14,0,3.12
02-05-2026 21:29,0,3.12
02-05-2026 21:44,0,3.12
02-05-2026 21:59,0,3.12
02-05-2026 22:14,0,3.12
02-05-2026 22:29,0,3.12
02-05-2026 22:44,0,3.12
02-05-2026 22:59,0,3.13
02-05-2026 23:14,0,3.12
02-05-2026 23:29,0,3.12
02-05-2026 23:44,0,3.12
02-05-2026 23:59,0,3.12
03-05-2026 00:14,0,3.12
03-05-2026 00:29,0,3.13
03-05-2026 00:44,0,3.12
03-05-2026 00:59,0,3.12
03-05-2026 01:14,0,3.13
03-05-2026 01:29,0,3.12
03-05-2026 01:44,0,3.12
03-05-2026 01:59,0,3.12
03-05-2026 02:14,0,3.12
03-05-2026 02:29,0,3.12
03-05-2026 02:44,0,3.13
03-05-2026 02:59,0,3.13
03-05-2026 03:14,0,3.12
03-05-2026 03:29,0,3.09
03-05-2026 03:44,0,3.09
03-05-2026 03:59,0,3.07
03-05-2026 04:14,0,3.04
03-05-2026 04:29,0,3.03
03-05-2026 04:44,0,3.0
03-05-2026 04:59,0,3.07
03-05-2026 05:01,0,3.07
03-05-2026 05:14,0,3.21
03-05-2026 05:29,0,3.633
03-05-2026 05:44,0,3.602
03-05-2026 05:59,0,3.561
03-05-2026 06:14,0,3.538
03-05-2026 07:14,0,3.39
03-05-2026 07:29,0,3.35
03-05-2026 07:44,0,3.32
03-05-2026 07:59,0,3.27
03-05-2026 08:14,0,3.25
03-05-2026 08:44,0,3.15
03-05-2026 08:59,0,3.12
03-05-2026 09:14,0,3.06
03-05-2026 09:29,0,3.02
03-05-2026 09:44,0,2.98
03-05-2026 09:59,0,2.94
03-05-2026 10:14,0,2.89
03-05-2026 10:44,0,2.78
03-05-2026 11:14,0,2.74
03-05-2026 11:29,0,2.7
03-05-2026 11:44,0,2.7
03-05-2026 11:59,0,2.66
03-05-2026 12:14,0,2.65
03-05-2026 12:29,0,2.62
03-05-2026 12:44,0,2.57
03-05-2026 12:59,0,2.56
03-05-2026 13:14,0,2.54
03-05-2026 13:29,0,2.54
03-05-2026 13:44,0,2.54
03-05-2026 13:59,0,2.54
03-05-2026 14:14,0,2.53
03-05-2026 14:29,0,2.53
03-05-2026 14:44,0,2.53
03-05-2026 14:59,0,2.53
03-05-2026 15:14,0,2.53
03-05-2026 15:29,0,2.53
03-05-2026 15:44,0,2.53
03-05-2026 15:59,0,2.53
03-05-2026 16:29,0,2.65
03-05-2026 16:44,0,3.04
03-05-2026 16:59,0,3.38
03-05-2026 17:01,0,3.38
03-05-2026 17:29,0,3.01
03-05-2026 17:44,0,2.99
03-05-2026 17:59,0,2.99
03-05-2026 18:29,0,2.99
03-05-2026 18:44,0,2.99
03-05-2026 18:59,0,2.99
03-05-2026 19:14,0,2.99
03-05-2026 19:44,0,2.99
03-05-2026 19:59,0,2.99
03-05-2026 20:14,0,2.99
03-05-2026 20:29,0,2.99
03-05-2026 20:44,0,2.99
03-05-2026 20:59,0,2.99
03-05-2026 21:14,0,2.99
03-05-2026 21:29,0,2.99
03-05-2026 21:44,0,2.99
03-05-2026 22:14,0,2.99
03-05-2026 22:29,0,2.99
03-05-2026 22:44,0,2.99
03-05-2026 22:59,0,2.99
03-05-2026 23:14,0,2.99
03-05-2026 23:29,0,2.99
03-05-2026 23:44,0,2.99
03-05-2026 23:59,0,2.99
04-05-2026 00:29,0,3.01
04-05-2026 00:44,0,2.98
04-05-2026 00:59,0,2.99
04-05-2026 01:14,0,2.96
04-05-2026 01:29,0,2.94
04-05-2026 02:14,0,2.9
04-05-2026 02:59,0,2.83
04-05-2026 03:14,0,2.79
04-05-2026 03:29,0,2.78
04-05-2026 03:44,0,2.76
04-05-2026 04:29,0,2.67
04-05-2026 04:59,0,2.65
04-05-2026 05:01,0,2.65
04-05-2026 05:14,0,2.91
04-05-2026 05:29,0,3.18
04-05-2026 05:44,0,3.46
04-05-2026 05:59,0,3.44
04-05-2026 06:14,0,3.41
04-05-2026 06:59,0,3.31
04-05-2026 07:14,0,3.28
04-05-2026 07:29,0,3.28
04-05-2026 07:44,0,3.27
04-05-2026 07:59,0,3.26
04-05-2026 08:14,0,3.26
04-05-2026 08:29,0,3.26
04-05-2026 08:44,0,3.26
04-05-2026 08:59,0,3.25
04-05-2026 09:14,0,3.25
04-05-2026 09:29,0,3.25
04-05-2026 09:44,0,3.25
04-05-2026 09:59,0,3.25
04-05-2026 10:14,0,3.18
04-05-2026 10:29,0,2.9
04-05-2026 10:44,0,2.61
04-05-2026 10:59,0,2.33
04-05-2026 11:29,0,1.97
04-05-2026 11:44,0,1.96
04-05-2026 11:59,0,1.96
04-05-2026 12:14,0,1.96
04-05-2026 12:29,0,1.96
04-05-2026 12:44,0,1.96
04-05-2026 12:59,0,1.96
04-05-2026 13:14,0,1.96
04-05-2026 13:29,0,1.96
04-05-2026 13:44,0,1.96
04-05-2026 13:59,0,1.96
04-05-2026 14:14,0,1.96
04-05-2026 14:29,0,1.96
04-05-2026 14:44,0,1.96
04-05-2026 14:59,0,1.96
04-05-2026 15:14,0,1.96
04-05-2026 15:29,0,1.96
04-05-2026 15:44,0,1.96
04-05-2026 15:59,0,1.96
04-05-2026 16:14,0,2.36
04-05-2026 16:29,0,2.54
04-05-2026 16:44,0,3.02
04-05-2026 16:59,0,3.49
04-05-2026 17:01,0,3.49
04-05-2026 17:14,0,3.611
04-05-2026 17:44,0,3.03
04-05-2026 17:59,0,2.77
04-05-2026 18:14,0,2.78
04-05-2026 18:29,0,2.78
04-05-2026 18:44,0,2.78
04-05-2026 18:59,0,2.78
04-05-2026 19:14,0,2.78
04-05-2026 19:29,0,2.78
04-05-2026 19:44,0,2.78
04-05-2026 19:59,0,2.78
04-05-2026 20:14,0,2.78
04-05-2026 20:29,0,2.78
04-05-2026 20:44,0,2.78
04-05-2026 20:59,0,2.78
04-05-2026 21:14,0,2.78
04-05-2026 21:29,0,2.78
04-05-2026 21:44,0,2.78
04-05-2026 21:59,0,2.78
04-05-2026 22:14,0,2.78
04-05-2026 22:29,0,2.78
04-05-2026 22:44,0,2.78
04-05-2026 22:59,0,2.78
04-05-2026 23:14,0,2.78
04-05-2026 23:29,0,2.78
04-05-2026 23:44,0,2.78
04-05-2026 23:59,0,2.78
05-05-2026 00:14,0,2.78
05-05-2026 00:29,0,2.78
05-05-2026 00:44,0,2.78
05-05-2026 00:59,0,2.78
05-05-2026 01:14,0,2.78
05-05-2026 01:29,0,2.78
05-05-2026 01:44,0,2.78
05-05-2026 01:59,0,2.78
05-05-2026 02:14,0,2.78
05-05-2026 02:29,0,2.78
05-05-2026 02:44,0,2.78
05-05-2026 02:59,0,2.78
05-05-2026 03:14,0,2.78
05-05-2026 03:29,0,2.78
05-05-2026 03:44,0,2.77
05-05-2026 04:14,0,2.76
05-05-2026 04:29,0,2.75
05-05-2026 04:59,0,2.73
05-05-2026 05:01,0,2.73
05-05-2026 05:14,0,2.91
05-05-2026 05:29,0,3.18
05-05-2026 06:14,0,3.639
05-05-2026 06:29,0,3.623
05-05-2026 06:44,0,3.582
05-05-2026 06:59,0,3.57
05-05-2026 07:14,0,3.563
05-05-2026 07:29,0,3.558
05-05-2026 07:44,0,3.555
05-05-2026 07:59,0,3.554
05-05-2026 08:14,0,3.551
05-05-2026 08:29,0,3.55
05-05-2026 08:44,0,3.55
05-05-2026 08:59,0,3.549
05-05-2026 09:14,0,3.525
05-05-2026 09:29,0,3.505
05-05-2026 09:44,0,3.44
05-05-2026 09:59,0,3.45
05-05-2026 10:14,0,3.45
05-05-2026 10:29,0,3.45
05-05-2026 10:44,0,3.45
05-05-2026 10:59,0,3.45
05-05-2026 11:14,0,3.45
05-05-2026 11:29,0,3.45
05-05-2026 11:44,0,3.38
05-05-2026 11:59,0,3.09
05-05-2026 12:14,0,2.82
05-05-2026 12:29,0,2.5
05-05-2026 12:44,0,2.22
05-05-2026 12:59,0,1.97
05-05-2026 13:14,0,1.95
05-05-2026 13:29,0,1.95
05-05-2026 13:44,0,1.95
05-05-2026 13:59,0,1.95
05-05-2026 14:14,0,1.95
05-05-2026 14:29,0,1.95
05-05-2026 14:44,0,1.95
05-05-2026 14:59,0,1.95
05-05-2026 15:14,0,1.95
05-05-2026 15:29,0,1.95
05-05-2026 15:44,0,1.95
05-05-2026 15:59,0,2.21
05-05-2026 16:14,0,2.49
05-05-2026 16:29,0,2.96
05-05-2026 16:44,0,3.45
05-05-2026 16:59,0,3.697
05-05-2026 17:01,0,3.697
05-05-2026 17:14,0,3.41
05-05-2026 17:29,0,3.12
05-05-2026 17:44,0,2.84
05-05-2026 18:14,0,2.78
05-05-2026 18:29,0,2.78
05-05-2026 18:44,0,2.78
05-05-2026 18:59,0,2.78
05-05-2026 19:14,0,2.78
05-05-2026 19:29,0,2.78
05-05-2026 19:59,0,2.78
05-05-2026 20:14,0,2.78
05-05-2026 20:29,0,2.78
05-05-2026 20:44,0,2.78
05-05-2026 20:59,0,2.78
05-05-2026 21:29,0,2.78
05-05-2026 21:44,0,2.78
05-05-2026 21:59,0,2.78
05-05-2026 22:14,0,2.78
05-05-2026 22:29,0,2.78
05-05-2026 22:44,0,2.78
05-05-2026 22:59,0,2.78
05-05-2026 23:14,0,2.78
05-05-2026 23:29,0,2.78
05-05-2026 23:44,0,2.78
05-05-2026 23:59,0,2.78
06-05-2026 00:14,0,2.78
06-05-2026 00:44,0,2.78
06-05-2026 00:59,0,2.78
06-05-2026 01:14,0,2.78
06-05-2026 01:29,0,2.78
06-05-2026 01:44,0,2.78
06-05-2026 01:59,0,2.78
06-05-2026 02:14,0,2.78
06-05-2026 02:29,0,2.78
06-05-2026 02:44,0,2.78
06-05-2026 02:59,0,2.78
06-05-2026 03:14,0,2.78
06-05-2026 03:29,0,2.78
06-05-2026 03:44,0,2.78
06-05-2026 03:59,0,2.78
06-05-2026 04:14,0,2.78
06-05-2026 04:29,0,2.78
06-05-2026 04:44,0,2.78
06-05-2026 04:59,0,2.92
06-05-2026 05:14,0,3.23
06-05-2026 05:29,0,3.557
06-05-2026 05:44,0,3.923
06-05-2026 05:59,0,3.923
06-05-2026 06:14,0,3.923
06-05-2026 06:29,0,3.923
06-05-2026 06:44,0,3.923
06-05-2026 06:59,0,3.923
06-05-2026 07:14,0,3.923
06-05-2026 07:29,0,3.923
06-05-2026 07:44,0,3.923
06-05-2026 07:59,0,3.923
06-05-2026 08:14,0,3.923
06-05-2026 08:29,0,3.924
06-05-2026 08:59,0,3.924
06-05-2026 09:14,0,3.924
06-05-2026 09:29,0,3.924
06-05-2026 09:59,0,3.43
06-05-2026 10:14,0,3.12
06-05-2026 10:44,0,2.55
06-05-2026 10:59,0,2.45
06-05-2026 11:14,0,2.45
06-05-2026 11:29,0,2.45
06-05-2026 11:44,0,2.45
06-05-2026 11:59,0,2.45
06-05-2026 12:29,0,1.94
06-05-2026 12:59,0,1.35
06-05-2026 13:14,0,1.3
06-05-2026 13:29,0,1.3
06-05-2026 13:44,0,1.3
06-05-2026 13:59,0,1.3
06-05-2026 14:14,0,1.3
06-05-2026 14:29,0,1.3
06-05-2026 14:44,0,1.29
06-05-2026 14:59,0,1.29
06-05-2026 15:14,0,1.3
06-05-2026 15:29,0,1.29
06-05-2026 15:44,0,1.3
06-05-2026 16:14,0,1.8
06-05-2026 16:29,0,1.99
06-05-2026 16:44,0,2.47
06-05-2026 16:59,0,2.94
06-05-2026 17:14,0,3.2
06-05-2026 17:29,0,3.2
06-05-2026 17:59,0,3.2
06-05-2026 18:44,0,3.2
06-05-2026 18:59,0,3.2
06-05-2026 19:44,0,3.2
06-05-2026 19:59,0,3.2
06-05-2026 20:29,0,3.2
06-05-2026 20:44,0,3.2
06-05-2026 21:14,0,3.2
06-05-2026 21:29,0,3.2
06-05-2026 21:44,0,3.2
06-05-2026 21:59,0,3.2
06-05-2026 22:14,0,3.2
06-05-2026 22:29,0,3.2
06-05-2026 22:59,0,3.2
06-05-2026 23:14,0,3.2
06-05-2026 23:44,0,3.2
07-05-2026 00:14,0,3.2
07-05-2026 00:44,0,3.2
07-05-2026 00:59,0,3.2
07-05-2026 01:14,0,3.2
07-05-2026 01:29,0,3.2
07-05-2026 01:44,0,3.2
07-05-2026 01:59,0,3.19
07-05-2026 02:59,0,3.11
07-05-2026 03:14,0,3.06
07-05-2026 03:29,0,3.04
07-05-2026 03:59,0,3.01
07-05-2026 04:14,0,2.97
07-05-2026 04:29,0,2.95
07-05-2026 04:44,0,2.92
07-05-2026 04:59,0,2.87
07-05-2026 05:29,0,2.83
07-05-2026 05:44,0,3.01
07-05-2026 05:59,0,3.19
07-05-2026 06:14,0,3.624
07-05-2026 06:29,0,3.663
07-05-2026 06:44,0,3.625
07-05-2026 06:59,0,3.594
07-05-2026 07:14,0,3.555
07-05-2026 07:29,0,3.539
07-05-2026 07:44,0,3.5
07-05-2026 07:59,0,3.48
07-05-2026 08:14,0,3.46
07-05-2026 08:29,0,3.43
07-05-2026 08:44,0,3.39
07-05-2026 08:59,0,3.35
07-05-2026 09:14,0,3.33
07-05-2026 09:29,0,3.29
07-05-2026 09:44,0,3.26
07-05-2026 09:59,0,3.22
07-05-2026 10:14,0,3.22
07-05-2026 10:29,0,3.22
07-05-2026 10:44,0,3.22
07-05-2026 10:59,0,3.21
07-05-2026 11:14,0,3.21
07-05-2026 11:29,0,3.21
07-05-2026 11:44,0,3.21
07-05-2026 11:59,0,3.21
07-05-2026 12:14,0,3.21
07-05-2026 12:29,0,3.21
07-05-2026 12:44,0,3.2
07-05-2026 12:59,0,3.21
07-05-2026 13:14,0,3.2
07-05-2026 13:29,0,3.21
07-05-2026 13:44,0,3.2
07-05-2026 13:59,0,2.96
07-05-2026 14:14,0,2.69
07-05-2026 14:29,0,2.39
07-05-2026 14:44,0,2.09
07-05-2026 14:59,0,2.01
07-05-2026 15:14,0,2.01
07-05-2026 15:29,0,2.01
07-05-2026 15:44,0,2.01
07-05-2026 15:59,0,2.01
07-05-2026 16:14,0,2.38
07-05-2026 16:29,0,2.71
07-05-2026 16:44,0,3.13
07-05-2026 16:59,0,3.575
07-05-2026 17:29,0,3.36
07-05-2026 18:14,0,2.74
07-05-2026 18:44,0,2.75
07-05-2026 18:59,0,2.77
07-05-2026 19:29,0,2.76
07-05-2026 19:44,0,2.76
07-05-2026 20:14,0,2.76
07-05-2026 20:29,0,2.76
07-05-2026 20:59,0,2.76
07-05-2026 21:14,0,2.76
07-05-2026 21:29,0,2.76
07-05-2026 22:44,0,2.76
07-05-2026 22:59,0,2.76
07-05-2026 23:14,0,2.76
07-05-2026 23:29,0,2.76
07-05-2026 23:44,0,2.76
08-05-2026 00:14,0,2.76
08-05-2026 00:29,0,2.76
08-05-2026 00:59,0,2.76
08-05-2026 01:14,0,2.76
08-05-2026 01:29,0,2.76
08-05-2026 01:59,0,2.76
08-05-2026 02:14,0,2.76
08-05-2026 02:29,0,2.76
08-05-2026 02:44,0,2.76
08-05-2026 03:14,0,2.76
08-05-2026 03:29,0,2.76
08-05-2026 03:44,0,2.76
08-05-2026 03:59,0,2.76
08-05-2026 04:29,0,2.76
08-05-2026 04:44,0,2.76
08-05-2026 04:59,0,2.76
08-05-2026 05:14,0,2.97
08-05-2026 05:29,0,3.36
08-05-2026 05:44,0,3.623
08-05-2026 05:59,0,3.608
08-05-2026 06:14,0,3.612
08-05-2026 06:29,0,3.615
08-05-2026 06:44,0,3.614
08-05-2026 06:59,0,3.607
08-05-2026 07:14,0,3.609
08-05-2026 07:29,0,3.609
08-05-2026 07:44,0,3.608
08-05-2026 07:59,0,3.608
08-05-2026 08:14,0,3.609
08-05-2026 08:29,0,3.608
08-05-2026 08:44,0,3.607
08-05-2026 08:59,0,3.607
08-05-2026 09:14,0,3.607
08-05-2026 09:29,0,3.608
08-05-2026 09:59,0,3.34
08-05-2026 10:14,0,3.05
08-05-2026 10:29,0,2.76
08-05-2026 10:44,0,2.49
08-05-2026 10:59,0,2.2
08-05-2026 11:14,0,2.0
08-05-2026 11:29,0,2.0
08-05-2026 11:44,0,2.0
08-05-2026 11:59,0,2.0
08-05-2026 12:14,0,2.0
08-05-2026 12:29,0,2.0
08-05-2026 12:59,0,1.56
08-05-2026 13:14,0,1.43
08-05-2026 13:29,0,1.43
08-05-2026 13:44,0,1.43
08-05-2026 13:59,0,1.43
08-05-2026 14:14,0,1.43
08-05-2026 14:29,0,1.43
08-05-2026 14:44,0,1.43
08-05-2026 14:59,0,1.43
08-05-2026 15:14,0,1.43
08-05-2026 15:29,0,1.43
08-05-2026 15:44,0,1.43
08-05-2026 15:59,0,1.68
08-05-2026 16:14,0,1.91
08-05-2026 16:29,0,2.41
08-05-2026 16:44,0,2.88
08-05-2026 16:59,0,3.06
08-05-2026 17:14,0,3.06
08-05-2026 17:29,0,3.06
08-05-2026 17:44,0,3.06
08-05-2026 17:59,0,3.06
08-05-2026 18:14,0,3.06
08-05-2026 18:29,0,3.06
08-05-2026 18:44,0,3.06
08-05-2026 18:59,0,3.06
08-05-2026 19:14,0,3.06
08-05-2026 19:29,0,3.06
08-05-2026 19:44,0,3.06
08-05-2026 19:59,0,3.06
08-05-2026 20:14,0,3.06
08-05-2026 20:29,0,3.06
08-05-2026 20:59,0,3.06
08-05-2026 21:14,0,3.06
08-05-2026 21:29,0,3.06
08-05-2026 21:59,0,3.06
08-05-2026 22:14,0,3.06
08-05-2026 22:29,0,3.06
08-05-2026 22:44,0,3.06
08-05-2026 22:59,0,3.06
08-05-2026 23:14,0,3.06
08-05-2026 23:29,0,3.06
08-05-2026 23:44,0,3.06
08-05-2026 23:59,0,3.06
09-05-2026 00:14,0,3.06
09-05-2026 00:29,0,3.06
09-05-2026 00:44,0,3.06
09-05-2026 00:59,0,3.06
09-05-2026 01:14,0,3.06
09-05-2026 01:29,0,3.06
09-05-2026 01:44,0,3.06
09-05-2026 01:59,0,3.06
09-05-2026 02:14,0,3.06
09-05-2026 02:29,0,3.06
09-05-2026 02:44,0,3.06
09-05-2026 02:59,0,3.06
09-05-2026 03:14,0,3.06
09-05-2026 03:29,0,3.06
09-05-2026 03:44,0,3.06
09-05-2026 03:59,0,3.06
09-05-2026 04:14,0,3.06
09-05-2026 04:29,0,3.06
09-05-2026 04:44,0,3.06
09-05-2026 05:14,0,3.583
09-05-2026 05:29,0,4.04
09-05-2026 05:44,0,4.049
09-05-2026 05:59,0,4.05
09-05-2026 06:14,0,4.05
09-05-2026 06:29,0,4.051
09-05-2026 06:44,0,4.049
09-05-2026 06:59,0,4.05
09-05-2026 07:14,0,4.049
09-05-2026 07:29,0,4.051
09-05-2026 07:44,0,4.05
09-05-2026 07:59,0,4.051
09-05-2026 08:14,0,4.05
09-05-2026 08:29,0,4.05
09-05-2026 08:44,0,4.05
09-05-2026 08:59,0,4.05
09-05-2026 09:14,0,4.051
09-05-2026 09:29,0,4.05
09-05-2026 09:44,0,4.05
09-05-2026 09:59,0,4.051
09-05-2026 10:14,0,4.051
09-05-2026 10:29,0,3.896
09-05-2026 10:44,0,3.596
09-05-2026 11:44,0,2.88
09-05-2026 11:59,0,2.88
09-05-2026 12:14,0,2.88
09-05-2026 12:29,0,2.88
09-05-2026 12:44,0,2.88
09-05-2026 12:59,0,2.89
09-05-2026 13:14,0,2.75
09-05-2026 13:29,0,2.46
09-05-2026 13:44,0,2.17
09-05-2026 14:14,0,1.71
09-05-2026 14:29,0,1.71
09-05-2026 14:44,0,1.71
09-05-2026 14:59,0,1.71
09-05-2026 15:14,0,1.71
09-05-2026 15:29,0,1.71
09-05-2026 15:44,0,1.71
09-05-2026 15:59,0,1.8
09-05-2026 16:14,0,2.08
09-05-2026 16:29,0,2.43
09-05-2026 16:59,0,3.37
09-05-2026 17:14,0,3.528
09-05-2026 17:29,0,3.527
09-05-2026 18:29,0,2.96
09-05-2026 18:44,0,2.96
09-05-2026 19:29,0,2.96
09-05-2026 19:44,0,2.96
09-05-2026 19:59,0,2.96
09-05-2026 20:14,0,2.96
09-05-2026 20:29,0,2.96
09-05-2026 20:59,0,2.96
09-05-2026 21:29,0,2.96
09-05-2026 21:44,0,2.96
09-05-2026 21:59,0,2.96
09-05-2026 22:29,0,2.96
09-05-2026 22:44,0,2.96
09-05-2026 23:14,0,2.96
09-05-2026 23:29,0,2.96
09-05-2026 23:44,0,2.96
09-05-2026 23:59,0,2.96
10-05-2026 00:14,0,2.96
10-05-2026 00:44,0,2.96
10-05-2026 00:59,0,2.96
10-05-2026 01:14,0,2.96
10-05-2026 01:29,0,2.96
10-05-2026 01:44,0,2.96
10-05-2026 01:59,0,2.96
10-05-2026 02:14,0,2.96
10-05-2026 02:29,0,2.96
10-05-2026 02:44,0,2.96
10-05-2026 03:14,0,2.95
10-05-2026 03:29,0,2.95
10-05-2026 03:44,0,2.95
10-05-2026 03:59,0,2.95
10-05-2026 04:14,0,2.95
10-05-2026 04:29,0,2.95
10-05-2026 04:44,0,2.95
10-05-2026 04:59,0,3.0
10-05-2026 05:14,0,3.33
10-05-2026 05:29,0,3.644
10-05-2026 05:44,0,3.909
10-05-2026 05:59,0,3.904
10-05-2026 06:14,0,3.904
10-05-2026 06:29,0,3.906
10-05-2026 06:44,0,3.905
10-05-2026 06:59,0,3.904
10-05-2026 07:14,0,3.905
10-05-2026 07:29,0,3.899
10-05-2026 07:44,0,3.899
10-05-2026 07:59,0,3.887
10-05-2026 08:14,0,3.849
10-05-2026 08:29,0,3.819
10-05-2026 08:44,0,3.759
10-05-2026 08:59,0,3.731
10-05-2026 09:29,0,3.637
10-05-2026 09:44,0,3.601
10-05-2026 09:59,0,3.56
10-05-2026 10:14,0,3.538
10-05-2026 10:29,0,3.537
10-05-2026 10:44,0,3.536
10-05-2026 10:59,0,3.532
10-05-2026 11:14,0,3.529
10-05-2026 11:29,0,3.529
10-05-2026 11:44,0,3.527
10-05-2026 11:59,0,3.36
10-05-2026 12:14,0,3.08
10-05-2026 12:29,0,2.79
10-05-2026 12:44,0,2.51
10-05-2026 12:59,0,2.19
10-05-2026 13:44,0,2.1
10-05-2026 13:59,0,2.05
10-05-2026 14:14,0,1.74
10-05-2026 14:29,0,1.45
10-05-2026 14:44,0,1.45
10-05-2026 14:59,0,1.45
10-05-2026 15:14,0,1.45
10-05-2026 15:29,0,1.45
10-05-2026 15:44,0,1.45
10-05-2026 15:59,0,1.71
10-05-2026 16:14,0,1.86
10-05-2026 16:44,0,2.82
10-05-2026 17:14,0,2.92
10-05-2026 17:29,0,2.92
10-05-2026 17:44,0,2.92
10-05-2026 18:14,0,2.92
10-05-2026 18:29,0,2.92
10-05-2026 18:44,0,2.92
10-05-2026 18:59,0,2.92
10-05-2026 19:14,0,2.92
10-05-2026 19:29,0,2.92
10-05-2026 19:44,0,2.92
10-05-2026 19:59,0,2.92
10-05-2026 20:14,0,2.91
10-05-2026 20:44,0,2.91
10-05-2026 20:59,0,2.91
10-05-2026 21:29,0,2.91
10-05-2026 21:44,0,2.91
10-05-2026 22:29,0,2.91
10-05-2026 22:44,0,2.91
10-05-2026 23:29,0,2.91
10-05-2026 23:44,0,2.91
10-05-2026 23:59,0,2.91
11-05-2026 00:14,0,2.91
11-05-2026 00:29,0,2.9
11-05-2026 00:44,0,2.9
11-05-2026 00:59,0,2.9
11-05-2026 01:14,0,2.9
11-05-2026 01:29,0,2.9
11-05-2026 01:44,0,2.9
11-05-2026 01:59,0,2.9
11-05-2026 02:14,0,2.9
11-05-2026 02:29,0,2.9
11-05-2026 02:44,0,2.9
11-05-2026 02:59,0,2.89
11-05-2026 03:29,0,2.89
11-05-2026 03:44,0,2.89
11-05-2026 03:59,0,2.89
11-05-2026 04:14,0,2.89
11-05-2026 04:29,0,2.89
11-05-2026 04:44,0,2.89
11-05-2026 04:59,0,3.11
11-05-2026 05:14,0,3.39
11-05-2026 05:29,0,3.814
11-05-2026 06:14,0,3.822
11-05-2026 06:29,0,3.821
11-05-2026 06:44,0,3.819
11-05-2026 06:59,0,3.813
11-05-2026 07:14,0,3.819
11-05-2026 07:29,0,3.817
11-05-2026 07:44,0,3.812
11-05-2026 07:59,0,3.819
11-05-2026 08:14,0,3.799
11-05-2026 08:29,0,3.778
11-05-2026 08:44,0,3.761
11-05-2026 08:59,0,3.753
11-05-2026 09:14,0,3.737
11-05-2026 09:29,0,3.722
11-05-2026 09:44,0,3.685
11-05-2026 09:59,0,3.684
11-05-2026 10:14,0,3.684
11-05-2026 10:29,0,3.684
11-05-2026 10:44,0,3.629
11-05-2026 11:14,0,3.43
11-05-2026 11:29,0,3.42
11-05-2026 11:44,0,3.39
11-05-2026 11:59,0,3.38
11-05-2026 12:14,0,3.35
11-05-2026 12:44,0,2.98
11-05-2026 12:59,0,2.68
11-05-2026 13:14,0,2.41
11-05-2026 13:29,0,2.25
11-05-2026 14:14,0,2.12
11-05-2026 14:29,0,2.12
11-05-2026 14:44,0,2.09
11-05-2026 14:59,0,2.07
11-05-2026 15:29,0,2.05
11-05-2026 15:44,0,2.03
11-05-2026 15:59,0,2.06
11-05-2026 16:14,0,2.34
11-05-2026 16:29,0,2.64
11-05-2026 16:44,0,3.08
11-05-2026 16:59,0,3.501
11-05-2026 17:29,0,3.548
11-05-2026 17:44,0,3.525
11-05-2026 17:59,0,3.518
11-05-2026 18:14,0,3.49
11-05-2026 18:44,0,3.46
11-05-2026 18:59,0,3.45
11-05-2026 19:14,0,3.42
11-05-2026 19:29,0,3.4
11-05-2026 19:44,0,3.38
11-05-2026 20:29,0,3.3
11-05-2026 20:59,0,3.25
11-05-2026 21:29,0,3.17
11-05-2026 21:44,0,3.13
11-05-2026 21:59,0,3.1
11-05-2026 22:14,0,3.05
11-05-2026 22:29,0,3.0
11-05-2026 22:44,0,2.95
11-05-2026 23:14,0,2.88
11-05-2026 23:29,0,2.82
11-05-2026 23:44,0,2.77
11-05-2026 23:59,0,2.71
12-05-2026 00:14,0,2.66
12-05-2026 00:44,0,2.57
12-05-2026 00:59,0,2.5
12-05-2026 01:14,0,2.43
12-05-2026 01:44,0,2.35
12-05-2026 01:59,0,2.26
12-05-2026 02:14,0,2.19
12-05-2026 02:29,0,2.16
12-05-2026 03:14,0,1.98
12-05-2026 03:29,0,1.94
12-05-2026 03:59,0,1.77
12-05-2026 04:29,0,1.73
12-05-2026 04:44,0,1.65
12-05-2026 04:59,0,1.56
12-05-2026 05:29,0,2.11
12-05-2026 05:44,0,2.3
12-05-2026 05:59,0,2.26
12-05-2026 06:14,0,2.2
12-05-2026 06:29,0,2.1
12-05-2026 06:44,0,2.07
12-05-2026 06:59,0,2.06
12-05-2026 07:14,0,2.04
12-05-2026 07:29,0,2.03
12-05-2026 07:44,0,2.03
12-05-2026 07:59,0,2.02
12-05-2026 08:14,0,2.02
12-05-2026 08:44,0,2.0
12-05-2026 09:14,0,1.97
12-05-2026 09:29,0,2.01
12-05-2026 10:14,0,1.85
12-05-2026 10:29,0,1.84
12-05-2026 10:44,0,1.81
12-05-2026 11:29,0,1.81
12-05-2026 11:59,0,1.76
12-05-2026 12:14,0,1.7
12-05-2026 12:44,0,1.65
12-05-2026 13:14,0,1.61
12-05-2026 13:29,0,1.6
12-05-2026 13:44,0,1.58
12-05-2026 14:14,0,1.65
12-05-2026 14:29,0,1.56
12-05-2026 14:44,0,1.52
12-05-2026 14:59,0,1.49
12-05-2026 15:44,0,1.39
12-05-2026 15:59,0,1.61
12-05-2026 16:29,0,2.2
12-05-2026 16:44,0,2.62
12-05-2026 16:59,0,2.98
12-05-2026 17:14,0,2.99
12-05-2026 17:29,0,2.95
12-05-2026 17:59,0,2.92
12-05-2026 18:14,0,2.92
12-05-2026 18:29,0,2.92
12-05-2026 18:44,0,2.92
12-05-2026 18:59,0,2.92
12-05-2026 19:14,0,2.92
12-05-2026 19:29,0,2.92
12-05-2026 19:44,0,2.92
12-05-2026 19:59,0,2.92
12-05-2026 20:14,0,2.92
12-05-2026 20:29,0,2.91
12-05-2026 20:44,0,2.92
12-05-2026 20:59,0,2.92
12-05-2026 21:14,0,2.92
12-05-2026 21:29,0,2.92
12-05-2026 21:44,0,2.92
12-05-2026 22:29,0,2.86
12-05-2026 22:44,0,2.84
12-05-2026 22:59,0,2.81
12-05-2026 23:14,0,2.78
12-05-2026 23:29,0,2.75
12-05-2026 23:44,0,2.77
12-05-2026 23:59,0,2.77
13-05-2026 00:14,0,2.77
13-05-2026 00:29,0,2.77
13-05-2026 00:44,0,2.77
13-05-2026 00:59,0,2.77
13-05-2026 01:14,0,2.77
13-05-2026 01:44,0,2.77
13-05-2026 01:59,0,2.77
13-05-2026 02:29,0,2.77
13-05-2026 02:44,0,2.77
13-05-2026 02:59,0,2.77
13-05-2026 03:14,0,2.77
13-05-2026 03:29,0,2.76
13-05-2026 03:44,0,2.76
13-05-2026 04:14,0,2.7
13-05-2026 04:29,0,2.67
13-05-2026 04:44,0,2.64
13-05-2026 04:59,0,2.7
13-05-2026 05:14,0,2.92
13-05-2026 05:29,0,3.31
13-05-2026 05:59,0,3.38
13-05-2026 06:14,0,3.37
13-05-2026 06:29,0,3.36
13-05-2026 06:44,0,3.36
13-05-2026 07:14,0,3.35
13-05-2026 07:29,0,3.35
13-05-2026 07:44,0,3.35
13-05-2026 07:59,0,3.35
13-05-2026 08:14,0,3.35
13-05-2026 08:29,0,3.35
13-05-2026 08:44,0,3.35
13-05-2026 08:59,0,3.35
13-05-2026 09:14,0,3.35
13-05-2026 09:29,0,3.33
13-05-2026 09:44,0,3.31
13-05-2026 09:59,0,3.3
13-05-2026 10:14,0,3.28
13-05-2026 10:29,0,3.12
13-05-2026 10:44,0,2.83
13-05-2026 10:59,0,2.54
13-05-2026 11:14,0,2.26
13-05-2026 11:29,0,1.97
13-05-2026 11:59,0,1.87
13-05-2026 12:14,0,1.9
13-05-2026 12:29,0,1.87
13-05-2026 12:44,0,1.83
13-05-2026 12:59,0,1.84
13-05-2026 13:14,0,1.84
13-05-2026 13:29,0,1.84
13-05-2026 13:44,0,1.84
13-05-2026 13:59,0,1.81
13-05-2026 14:14,0,1.82
13-05-2026 14:29,0,1.83
13-05-2026 14:44,0,1.81
13-05-2026 14:59,0,1.75
13-05-2026 15:14,0,1.82
13-05-2026 15:29,0,1.82
13-05-2026 15:44,0,1.84
13-05-2026 15:59,0,1.84
13-05-2026 16:14,0,2.05
13-05-2026 16:29,0,2.38
13-05-2026 16:44,0,2.83
13-05-2026 16:59,0,3.25
13-05-2026 17:14,0,3.44
13-05-2026 17:29,0,3.43
13-05-2026 17:44,0,3.39
13-05-2026 18:14,0,3.39
13-05-2026 18:29,0,3.39
13-05-2026 18:44,0,3.39
13-05-2026 18:59,0,3.39
13-05-2026 19:14,0,3.39
13-05-2026 19:44,0,3.38
13-05-2026 19:59,0,3.38
13-05-2026 20:14,0,3.38
13-05-2026 20:29,0,3.38
13-05-2026 20:44,0,3.38
13-05-2026 20:59,0,3.38
13-05-2026 21:14,0,3.38
13-05-2026 21:29,0,3.37
13-05-2026 21:44,0,3.35
13-05-2026 21:59,0,3.34
13-05-2026 22:29,0,3.28
13-05-2026 22:59,0,3.21
13-05-2026 23:14,0,3.17
13-05-2026 23:44,0,3.13
13-05-2026 23:59,0,3.11
14-05-2026 00:14,0,3.09
14-05-2026 00:29,0,3.1
14-05-2026 00:59,0,3.02
14-05-2026 01:14,0,3.02
14-05-2026 01:29,0,2.99
14-05-2026 01:44,0,2.97
14-05-2026 01:59,0,2.94
14-05-2026 02:29,0,2.87
14-05-2026 02:44,0,2.79
14-05-2026 02:59,0,2.73
14-05-2026 03:14,0,2.68
14-05-2026 03:44,0,2.56
14-05-2026 03:59,0,2.44
14-05-2026 04:14,0,2.37
14-05-2026 04:29,0,2.31
14-05-2026 04:44,0,2.23
14-05-2026 04:59,0,2.16
14-05-2026 05:14,0,2.36
14-05-2026 05:29,0,2.6
14-05-2026 05:44,0,2.97
14-05-2026 05:59,0,2.89
14-05-2026 06:44,0,2.69
14-05-2026 06:59,0,2.62
14-05-2026 07:14,0,2.55
14-05-2026 07:29,0,2.5
14-05-2026 07:44,0,2.4
14-05-2026 07:59,0,2.33
14-05-2026 08:14,0,2.27
14-05-2026 08:29,0,2.21
14-05-2026 08:59,0,2.05
14-05-2026 09:14,0,1.98
14-05-2026 09:29,0,1.9
14-05-2026 09:44,0,1.81
14-05-2026 09:59,0,1.66
14-05-2026 10:14,0,1.62
14-05-2026 10:59,0,1.32
14-05-2026 11:14,0,1.24
14-05-2026 11:29,0,1.16
14-05-2026 11:44,0,1.09
14-05-2026 11:59,0,1.02
14-05-2026 12:14,0,0.94
14-05-2026 12:29,0,0.87
14-05-2026 12:44,0,0.8
14-05-2026 12:59,0,0.74
14-05-2026 13:14,0,0.67
14-05-2026 13:29,0,1.02
14-05-2026 14:14,0,1.37
14-05-2026 14:29,0,1.5
14-05-2026 14:44,0,1.68
14-05-2026 15:14,0,1.44
14-05-2026 15:29,0,1.36
14-05-2026 15:44,0,1.3
14-05-2026 15:59,0,1.25
14-05-2026 16:14,0,1.44
14-05-2026 16:29,0,1.37
14-05-2026 16:44,0,1.34
14-05-2026 16:59,0,1.28
14-05-2026 17:14,0,1.25
14-05-2026 17:29,0,1.21
14-05-2026 18:14,0,1.11
14-05-2026 18:29,0,1.09
14-05-2026 18:44,0,1.07
14-05-2026 19:29,0,0.94
14-05-2026 19:44,0,0.91
14-05-2026 20:14,0,0.82
14-05-2026 20:59,0,0.74
14-05-2026 21:14,0,0.72
14-05-2026 21:29,0,0.69
14-05-2026 21:44,0,0.69
14-05-2026 22:14,0,0.68
14-05-2026 22:44,0,0.68
14-05-2026 23:14,0,0.67
14-05-2026 23:59,0,0.62
15-05-2026 00:14,0,0.59
15-05-2026 00:59,0,0.53
15-05-2026 01:14,0,0.52
15-05-2026 01:29,0,0.51
15-05-2026 01:44,0,0.51
15-05-2026 01:59,0,0.5
15-05-2026 02:14,0,0.49
15-05-2026 02:29,0,0.49
15-05-2026 02:44,0,0.48
15-05-2026 02:59,0,0.47
15-05-2026 03:14,0,0.46
15-05-2026 03:29,0,0.46
15-05-2026 03:44,0,0.45
15-05-2026 03:59,0,0.44
15-05-2026 04:14,0,0.44
15-05-2026 04:59,0,0.6
15-05-2026 05:29,0,1.13
15-05-2026 05:44,0,1.07
15-05-2026 05:59,0,1.03
15-05-2026 06:14,0,1.0
15-05-2026 06:59,0,0.9
15-05-2026 07:14,0,0.87
15-05-2026 07:29,0,0.84
15-05-2026 07:44,0,0.82
15-05-2026 08:14,0,0.78
15-05-2026 08:29,0,0.76
15-05-2026 08:44,0,0.74
15-05-2026 08:59,0,0.73
15-05-2026 09:14,0,0.71
15-05-2026 09:29,0,0.7
15-05-2026 09:44,0,0.68
15-05-2026 09:59,0,0.67
15-05-2026 10:14,0,0.66
15-05-2026 10:29,0,0.87
15-05-2026 10:44,0,1.34
15-05-2026 10:59,0,1.33
15-05-2026 11:14,0,1.46
15-05-2026 11:29,0,1.6
15-05-2026 12:14,0,1.47
15-05-2026 12:29,0,1.43
15-05-2026 12:44,0,1.4
15-05-2026 12:59,0,1.37
15-05-2026 13:14,0,1.34
15-05-2026 13:29,0,1.31
15-05-2026 13:44,0,1.27
15-05-2026 13:59,0,1.24
15-05-2026 14:14,0,1.21
15-05-2026 14:29,0,1.18
15-05-2026 14:44,0,1.16
15-05-2026 15:14,0,1.12
15-05-2026 15:29,0,1.11
15-05-2026 15:44,0,1.1
15-05-2026 15:59,0,1.09
15-05-2026 16:14,0,1.41
15-05-2026 16:29,0,1.68
15-05-2026 16:59,0,1.82
15-05-2026 17:29,0,1.8
15-05-2026 17:44,0,1.69
15-05-2026 17:59,0,1.75
15-05-2026 18:14,0,1.67
15-05-2026 18:29,0,1.67
15-05-2026 18:44,0,1.66
15-05-2026 18:59,0,1.66
15-05-2026 19:14,0,1.66
15-05-2026 19:29,0,1.66
15-05-2026 19:44,0,1.67
15-05-2026 19:59,0,1.66
15-05-2026 20:14,0,1.67
15-05-2026 20:29,0,1.66
15-05-2026 20:44,0,1.66
15-05-2026 20:59,0,1.66
15-05-2026 21:14,0,1.67
15-05-2026 21:44,0,1.68
15-05-2026 21:59,0,1.63
15-05-2026 22:14,0,1.64
15-05-2026 22:29,0,1.63
15-05-2026 23:14,0,1.54
15-05-2026 23:44,0,1.63
15-05-2026 23:59,0,1.65
16-05-2026 00:29,0,1.65
16-05-2026 00:44,0,1.65
16-05-2026 00:59,0,1.65
16-05-2026 01:14,0,1.65
16-05-2026 02:14,0,1.47
16-05-2026 02:44,0,1.41
16-05-2026 02:59,0,1.41
16-05-2026 03:14,0,1.41
16-05-2026 03:29,0,1.42
16-05-2026 03:44,0,1.41
16-05-2026 03:59,0,1.41
16-05-2026 04:14,0,1.42
16-05-2026 04:29,0,1.41
16-05-2026 04:44,0,1.41
16-05-2026 04:59,0,1.65
16-05-2026 05:14,0,1.81
16-05-2026 05:29,0,2.21
16-05-2026 05:59,0,2.31
16-05-2026 06:29,0,2.25
16-05-2026 06:44,0,2.23
16-05-2026 07:14,0,2.21
16-05-2026 07:29,0,2.21
16-05-2026 07:44,0,2.21
16-05-2026 07:59,0,2.21
16-05-2026 08:14,0,2.21
16-05-2026 08:29,0,2.21
16-05-2026 08:44,0,2.21
16-05-2026 08:59,0,2.21
16-05-2026 09:14,0,2.21
16-05-2026 09:29,0,2.21
16-05-2026 09:44,0,2.21
16-05-2026 10:14,0,2.17
16-05-2026 10:29,0,2.16
16-05-2026 10:44,0,2.14
16-05-2026 10:59,0,2.1
16-05-2026 11:14,0,2.08
16-05-2026 11:29,0,2.08
16-05-2026 11:44,0,2.08
16-05-2026 11:59,0,2.08
16-05-2026 12:14,0,2.08
16-05-2026 12:29,0,2.08
16-05-2026 12:44,0,2.08
16-05-2026 12:59,0,2.08
16-05-2026 13:14,0,2.08
16-05-2026 13:29,0,2.08
16-05-2026 13:44,0,2.08
16-05-2026 14:29,0,2.11
16-05-2026 14:59,0,2.01
16-05-2026 15:14,0,1.98
16-05-2026 15:29,0,1.98
16-05-2026 15:44,0,1.98
16-05-2026 15:59,0,1.98
16-05-2026 16:14,0,2.27
16-05-2026 16:29,0,2.43
16-05-2026 16:44,0,2.9
16-05-2026 16:59,0,3.38
16-05-2026 17:14,0,3.507
16-05-2026 17:29,0,3.507
16-05-2026 17:44,0,3.507
16-05-2026 17:59,0,3.507
16-05-2026 18:14,0,3.508
16-05-2026 18:29,0,3.507
16-05-2026 18:44,0,3.49
16-05-2026 18:59,0,3.48
16-05-2026 19:14,0,3.44
16-05-2026 19:29,0,3.43
16-05-2026 19:59,0,3.42
16-05-2026 20:14,0,3.42
16-05-2026 20:29,0,3.42
16-05-2026 20:44,0,3.42
16-05-2026 20:59,0,3.42
16-05-2026 21:14,0,3.42
16-05-2026 21:29,0,3.42
16-05-2026 21:44,0,3.4
16-05-2026 21:59,0,3.4
16-05-2026 22:14,0,3.37
16-05-2026 22:29,0,3.34
16-05-2026 22:44,0,3.28
16-05-2026 22:59,0,3.25
16-05-2026 23:14,0,3.22
16-05-2026 23:59,0,3.19
17-05-2026 00:14,0,3.17
17-05-2026 00:44,0,3.12
17-05-2026 01:14,0,3.08
17-05-2026 01:29,0,3.05
17-05-2026 01:44,0,3.01
17-05-2026 01:59,0,2.95
17-05-2026 02:29,0,2.84
17-05-2026 02:44,0,2.78
17-05-2026 02:59,0,2.74
17-05-2026 03:29,0,2.65
17-05-2026 03:44,0,2.59
17-05-2026 03:59,0,2.56
17-05-2026 04:29,0,2.45
17-05-2026 04:44,0,2.39
17-05-2026 04:59,0,2.34
17-05-2026 05:14,0,2.55
17-05-2026 05:29,0,2.71
17-05-2026 05:44,0,3.02
17-05-2026 05:59,0,3.15
17-05-2026 06:29,0,3.02
17-05-2026 06:44,0,2.96
17-05-2026 06:59,0,2.9
17-05-2026 07:14,0,2.83
17-05-2026 07:44,0,2.68
17-05-2026 07:59,0,2.59
17-05-2026 08:29,0,2.38
17-05-2026 08:59,0,2.2
17-05-2026 09:14,0,2.11
17-05-2026 09:59,0,1.8
17-05-2026 10:14,0,1.74
17-05-2026 10:29,0,1.66
17-05-2026 10:44,0,1.51
17-05-2026 11:14,0,1.27
17-05-2026 11:29,0,1.18
17-05-2026 11:44,0,1.09
17-05-2026 11:59,0,1.01
17-05-2026 12:14,0,0.92
17-05-2026 12:29,0,0.83
17-05-2026 12:44,0,0.75
17-05-2026 12:59,0,0.69
17-05-2026 13:14,0,0.62
17-05-2026 13:29,0,0.56
17-05-2026 13:44,0,0.5
17-05-2026 13:59,0,0.46
17-05-2026 14:14,0,0.63
17-05-2026 14:29,0,1.08
17-05-2026 14:44,0,1.21
17-05-2026 14:59,0,1.18
17-05-2026 15:29,0,1.12
17-05-2026 15:44,0,1.09
17-05-2026 15:59,0,1.06
17-05-2026 16:14,0,1.34
17-05-2026 16:29,0,1.61
17-05-2026 16:44,0,1.89
17-05-2026 16:59,0,1.83
17-05-2026 17:59,0,1.74
17-05-2026 18:14,0,1.75
17-05-2026 18:29,0,1.73
17-05-2026 19:14,0,1.64
17-05-2026 19:29,0,1.57
17-05-2026 19:44,0,1.49
17-05-2026 20:14,0,1.46
17-05-2026 20:29,0,1.45
17-05-2026 20:59,0,1.43
17-05-2026 21:14,0,1.41
17-05-2026 21:29,0,1.39
17-05-2026 21:44,0,1.36
17-05-2026 21:59,0,1.32
17-05-2026 22:29,0,1.23
17-05-2026 22:44,0,1.21
17-05-2026 22:59,0,1.2
17-05-2026 23:14,0,1.17
17-05-2026 23:29,0,1.14
17-05-2026 23:44,0,1.12
17-05-2026 23:59,0,1.1
18-05-2026 00:29,0,1.05
18-05-2026 00:44,0,1.02
18-05-2026 00:59,0,1.0
18-05-2026 01:14,0,0.97
18-05-2026 01:29,0,0.94
18-05-2026 01:44,0,0.9
18-05-2026 02:14,0,0.84
18-05-2026 02:29,0,0.81
18-05-2026 02:44,0,0.78
18-05-2026 02:59,0,0.75
18-05-2026 03:14,0,0.72
18-05-2026 03:29,0,0.68
18-05-2026 03:44,0,0.65
18-05-2026 03:59,0,0.62
18-05-2026 04:29,0,0.55
18-05-2026 04:44,0,0.51
18-05-2026 04:59,0,0.5
18-05-2026 05:14,0,0.76
18-05-2026 06:14,0,1.22
18-05-2026 06:29,0,1.17
18-05-2026 06:44,0,1.08
18-05-2026 07:14,0,0.94
18-05-2026 07:29,0,0.87
18-05-2026 07:44,0,0.79
18-05-2026 07:59,0,0.73
18-05-2026 08:14,0,0.69
18-05-2026 08:29,0,0.65
18-05-2026 08:44,0,0.62
18-05-2026 08:59,0,0.59
18-05-2026 09:14,0,0.84
18-05-2026 09:29,0,1.03
18-05-2026 09:44,0,1.21
18-05-2026 09:59,0,1.19
18-05-2026 10:14,0,1.17
18-05-2026 10:29,0,1.15
18-05-2026 10:44,0,1.13
18-05-2026 10:59,0,1.11
18-05-2026 11:14,0,1.1
18-05-2026 11:29,0,1.08
18-05-2026 11:44,0,1.06
18-05-2026 11:59,0,1.04
18-05-2026 12:14,0,1.03
18-05-2026 12:29,0,1.01
18-05-2026 12:44,0,1.0
18-05-2026 12:59,0,0.98
18-05-2026 13:14,0,0.97
18-05-2026 13:29,0,0.95
18-05-2026 13:44,0,0.93
18-05-2026 13:59,0,0.92
18-05-2026 14:14,0,0.9
18-05-2026 14:29,0,0.88
18-05-2026 14:44,0,0.87
18-05-2026 14:59,0,0.85
18-05-2026 15:14,0,0.83
18-05-2026 15:29,0,0.81
18-05-2026 15:44,0,0.79
18-05-2026 15:59,0,0.82
18-05-2026 16:14,0,1.02
18-05-2026 16:44,0,1.74
18-05-2026 17:14,0,1.68
18-05-2026 17:44,0,1.64
18-05-2026 17:59,0,1.59
18-05-2026 18:29,0,1.59
18-05-2026 20:14,0,1.51
18-05-2026 20:44,0,1.41
18-05-2026 21:14,0,1.35
18-05-2026 21:29,0,1.33
18-05-2026 21:44,0,1.3
18-05-2026 21:59,0,1.27
18-05-2026 22:44,0,1.19
18-05-2026 23:14,0,1.13
18-05-2026 23:44,0,1.08
19-05-2026 00:14,0,1.01
19-05-2026 00:29,0,0.97
19-05-2026 00:59,0,0.89
19-05-2026 01:14,0,0.85
19-05-2026 01:29,0,0.81
19-05-2026 01:59,0,0.73
19-05-2026 02:14,0,0.68
19-05-2026 02:29,0,0.63
19-05-2026 02:44,0,0.59
19-05-2026 02:59,0,0.54
19-05-2026 03:29,0,0.45
19-05-2026 03:44,0,0.41
19-05-2026 04:14,0,0.33
19-05-2026 04:29,0,0.29
19-05-2026 04:59,0,0.59
19-05-2026 06:14,0,1.02
19-05-2026 06:29,0,0.97
19-05-2026 07:14,0,0.81
19-05-2026 07:29,0,0.75
19-05-2026 07:44,0,0.7
19-05-2026 07:59,0,0.64
19-05-2026 08:14,0,0.59
19-05-2026 08:29,0,0.64
19-05-2026 08:44,0,0.6
19-05-2026 08:59,0,0.68
19-05-2026 09:14,0,0.94
19-05-2026 09:29,0,0.9
19-05-2026 09:44,0,0.87
19-05-2026 09:59,0,0.84
19-05-2026 10:14,0,0.81
19-05-2026 10:29,0,0.79
19-05-2026 10:44,0,0.76
19-05-2026 10:59,0,0.74
19-05-2026 11:14,0,0.71
19-05-2026 11:29,0,0.68
19-05-2026 11:44,0,0.67
19-05-2026 11:59,0,0.65
19-05-2026 12:14,0,0.63
19-05-2026 12:29,0,0.62
19-05-2026 12:44,0,0.6
19-05-2026 12:59,0,0.58
19-05-2026 13:14,0,0.57
19-05-2026 13:29,0,0.55
19-05-2026 13:44,0,0.54
19-05-2026 13:59,0,0.53
19-05-2026 14:14,0,0.53
19-05-2026 14:29,0,0.53
19-05-2026 14:44,0,0.52
19-05-2026 14:59,0,0.52
19-05-2026 15:14,0,0.52
19-05-2026 15:29,0,0.66
19-05-2026 15:44,0,1.13
19-05-2026 15:59,0,1.18
19-05-2026 16:29,0,1.69
19-05-2026 16:44,0,1.62
19-05-2026 16:59,0,1.61
19-05-2026 17:29,0,1.64
19-05-2026 17:44,0,1.64
19-05-2026 17:59,0,1.64
19-05-2026 18:29,0,1.64
19-05-2026 18:44,0,1.64
19-05-2026 18:59,0,1.64
19-05-2026 19:29,0,1.64
19-05-2026 19:44,0,1.64
19-05-2026 19:59,0,1.64
19-05-2026 20:14,0,1.64
19-05-2026 20:29,0,1.64
19-05-2026 20:44,0,1.64
19-05-2026 20:59,0,1.64
19-05-2026 21:29,0,1.63
19-05-2026 21:59,0,1.63
19-05-2026 22:14,0,1.63
19-05-2026 22:29,0,1.63
19-05-2026 22:44,0,1.63
19-05-2026 22:59,0,1.63
19-05-2026 23:14,0,1.63
19-05-2026 23:29,0,1.63
19-05-2026 23:44,0,1.63
19-05-2026 23:59,0,1.63
20-05-2026 00:14,0,1.63
20-05-2026 00:29,0,1.63
20-05-2026 00:44,0,1.63
20-05-2026 00:59,0,1.63
20-05-2026 01:14,0,1.63
20-05-2026 01:29,0,1.63
20-05-2026 01:44,0,1.63
20-05-2026 01:59,0,1.63
20-05-2026 02:14,0,1.63
20-05-2026 02:29,0,1.63
20-05-2026 02:44,0,1.63
20-05-2026 02:59,0,1.63
20-05-2026 03:14,0,1.63
20-05-2026 03:29,0,1.63
20-05-2026 03:59,0,1.63
20-05-2026 04:14,0,1.62
20-05-2026 04:29,0,1.62
20-05-2026 04:59,0,1.62
20-05-2026 05:29,0,1.74
20-05-2026 05:44,0,1.85
20-05-2026 05:59,0,2.34
20-05-2026 06:14,0,2.56
20-05-2026 07:29,0,2.45
20-05-2026 07:44,0,2.42
20-05-2026 07:59,0,2.41
20-05-2026 08:14,0,2.39
20-05-2026 08:44,0,2.33
20-05-2026 08:59,0,2.29
20-05-2026 09:29,0,2.24
20-05-2026 09:44,0,2.24
20-05-2026 09:59,0,2.22
20-05-2026 10:14,0,2.21
20-05-2026 10:29,0,2.19
20-05-2026 10:44,0,2.15
20-05-2026 10:59,0,2.14
20-05-2026 11:14,0,2.07
20-05-2026 11:29,0,2.09
20-05-2026 11:44,0,2.04
20-05-2026 12:44,0,1.94
20-05-2026 12:59,0,1.95
20-05-2026 13:44,0,1.92
20-05-2026 13:59,0,1.89
20-05-2026 14:29,0,1.86
20-05-2026 14:44,0,1.84
20-05-2026 14:59,0,1.81
20-05-2026 15:14,0,1.79
20-05-2026 15:29,0,1.73
20-05-2026 15:44,0,1.71
20-05-2026 15:59,0,1.76
20-05-2026 16:14,0,2.0
20-05-2026 16:29,0,2.29
20-05-2026 16:44,0,2.71
20-05-2026 16:59,0,3.16
20-05-2026 17:14,0,3.32
20-05-2026 17:29,0,3.3
20-05-2026 17:44,0,3.29
20-05-2026 18:14,0,3.23
20-05-2026 18:44,0,3.18
20-05-2026 18:59,0,3.17
20-05-2026 19:14,0,3.14
20-05-2026 19:29,0,3.12
20-05-2026 19:44,0,3.11
20-05-2026 20:14,0,3.06
20-05-2026 20:59,0,2.99
20-05-2026 21:14,0,2.99
20-05-2026 21:29,0,2.99
20-05-2026 21:44,0,2.99
20-05-2026 21:59,0,2.99
20-05-2026 22:14,0,2.99
20-05-2026 22:44,0,2.97
20-05-2026 22:59,0,2.95
20-05-2026 23:14,0,2.92
20-05-2026 23:29,0,2.89
20-05-2026 23:59,0,2.84
21-05-2026 00:29,0,2.79
21-05-2026 00:44,0,2.75
21-05-2026 01:14,0,2.69
21-05-2026 01:29,0,2.64
21-05-2026 01:44,0,2.59
21-05-2026 01:59,0,2.5
21-05-2026 02:14,0,2.44
21-05-2026 02:44,0,2.31
21-05-2026 02:59,0,2.24
21-05-2026 03:29,0,2.11
21-05-2026 03:44,0,2.05
21-05-2026 04:14,0,1.94
21-05-2026 04:29,0,1.87
21-05-2026 04:59,0,1.84
21-05-2026 05:14,0,2.04
21-05-2026 05:44,0,2.45
21-05-2026 05:59,0,2.38
21-05-2026 06:14,0,2.3
21-05-2026 06:29,0,2.23
21-05-2026 06:44,0,2.15
21-05-2026 06:59,0,2.06
21-05-2026 07:14,0,1.97
21-05-2026 07:29,0,1.92
21-05-2026 07:44,0,1.85
21-05-2026 07:59,0,1.76
21-05-2026 08:29,0,1.61
21-05-2026 08:44,0,1.5
21-05-2026 08:59,0,1.44
21-05-2026 09:29,0,1.2
21-05-2026 09:44,0,1.12
21-05-2026 09:59,0,1.03
21-05-2026 10:14,0,1.14
21-05-2026 10:29,0,1.08
21-05-2026 10:44,0,0.99
21-05-2026 10:59,0,1.19
21-05-2026 11:14,0,1.58
21-05-2026 11:29,0,1.45
21-05-2026 11:44,0,1.34
21-05-2026 12:14,0,1.17
21-05-2026 12:29,0,1.1
21-05-2026 12:44,0,1.02
21-05-2026 12:59,0,0.94
21-05-2026 13:14,0,0.88
21-05-2026 13:29,0,0.82
21-05-2026 13:44,0,0.76
21-05-2026 13:59,0,0.7
21-05-2026 14:14,0,0.65
21-05-2026 14:29,0,0.61
21-05-2026 14:44,0,0.56
21-05-2026 14:59,0,0.53
21-05-2026 15:29,0,0.46
21-05-2026 15:44,0,0.43
21-05-2026 15:59,0,0.46
21-05-2026 16:14,0,0.67
21-05-2026 16:29,0,0.94
21-05-2026 16:44,0,1.21
21-05-2026 16:59,0,1.19
21-05-2026 17:14,0,1.16
21-05-2026 17:29,0,1.13
21-05-2026 17:59,0,1.09
21-05-2026 18:14,0,1.07
21-05-2026 18:29,0,1.05
21-05-2026 18:44,0,1.03
21-05-2026 18:59,0,1.01
21-05-2026 19:14,0,0.99
21-05-2026 19:29,0,0.97
21-05-2026 19:59,0,0.93
21-05-2026 20:14,0,0.91
21-05-2026 20:29,0,0.89
21-05-2026 20:44,0,0.87
21-05-2026 20:59,0,0.84
21-05-2026 21:44,0,0.78
21-05-2026 21:59,0,0.76
21-05-2026 22:29,0,0.72
21-05-2026 22:44,0,0.71
21-05-2026 22:59,0,0.71
21-05-2026 23:14,0,0.71
21-05-2026 23:29,0,0.71
21-05-2026 23:44,0,0.71
21-05-2026 23:59,0,0.71
22-05-2026 00:59,0,0.7
22-05-2026 01:14,0,0.7
22-05-2026 01:29,0,0.7
22-05-2026 01:44,0,0.7
22-05-2026 01:59,0,0.7
22-05-2026 02:14,0,0.7
22-05-2026 02:29,0,0.7
22-05-2026 02:44,0,0.7
22-05-2026 02:59,0,0.7
22-05-2026 03:14,0,0.7
22-05-2026 03:29,0,0.7
22-05-2026 03:59,0,0.7
22-05-2026 04:14,0,0.7
22-05-2026 04:29,0,0.7
22-05-2026 04:44,0,0.7
22-05-2026 04:59,0,0.7
22-05-2026 05:14,0,0.93
22-05-2026 05:29,0,1.07
22-05-2026 05:59,0,1.58
22-05-2026 06:14,0,1.51
22-05-2026 06:29,0,1.61
22-05-2026 06:59,0,1.51
22-05-2026 07:14,0,1.5
22-05-2026 07:29,0,1.5
22-05-2026 07:44,0,1.5
22-05-2026 07:59,0,1.51
22-05-2026 08:14,0,1.5
22-05-2026 08:29,0,1.47
22-05-2026 08:44,0,1.45
22-05-2026 09:14,0,1.4
22-05-2026 09:29,0,1.38
22-05-2026 09:44,0,1.36
22-05-2026 09:59,0,1.34
22-05-2026 10:14,0,1.31
22-05-2026 10:29,0,1.29
22-05-2026 10:59,0,1.24
22-05-2026 11:14,0,1.22
22-05-2026 11:29,0,1.2
22-05-2026 11:44,0,1.18
22-05-2026 11:59,0,1.16
22-05-2026 12:14,0,1.13
22-05-2026 12:29,0,1.11
22-05-2026 12:44,0,1.09
22-05-2026 12:59,0,1.07
22-05-2026 13:14,0,1.04
22-05-2026 13:29,0,1.02
22-05-2026 13:44,0,1.0
22-05-2026 13:59,0,0.98
22-05-2026 14:14,0,0.96
22-05-2026 14:29,0,0.93
22-05-2026 14:44,0,0.91
22-05-2026 14:59,0,0.89
22-05-2026 15:14,0,0.87
22-05-2026 15:29,0,0.85
22-05-2026 15:44,0,0.83
22-05-2026 15:59,0,1.1
22-05-2026 16:14,0,1.23
22-05-2026 16:29,0,1.71
22-05-2026 16:44,0,2.08
22-05-2026 16:59,0,2.42
22-05-2026 17:14,0,2.42
22-05-2026 17:29,0,2.42
22-05-2026 17:44,0,2.42
22-05-2026 18:14,0,2.4
22-05-2026 18:29,0,2.36
22-05-2026 18:44,0,2.36
22-05-2026 18:59,0,2.34
22-05-2026 19:14,0,2.31
22-05-2026 19:29,0,2.3
22-05-2026 19:44,0,2.24
22-05-2026 19:59,0,2.26
22-05-2026 20:14,0,2.23
22-05-2026 20:44,0,2.2
22-05-2026 20:59,0,2.2
22-05-2026 21:14,0,2.2
22-05-2026 21:29,0,2.2
22-05-2026 21:44,0,2.2
22-05-2026 21:59,0,2.2
22-05-2026 22:29,0,2.13
22-05-2026 22:59,0,2.06
22-05-2026 23:14,0,2.06
22-05-2026 23:29,0,2.06
22-05-2026 23:44,0,2.06
22-05-2026 23:59,0,2.06
23-05-2026 00:14,0,2.06
23-05-2026 00:29,0,2.06
23-05-2026 00:44,0,2.07
23-05-2026 00:59,0,2.04
23-05-2026 01:14,0,2.03
23-05-2026 01:59,0,1.97
23-05-2026 02:14,0,1.97
23-05-2026 02:29,0,1.97
23-05-2026 03:14,0,1.97
23-05-2026 03:29,0,1.98
23-05-2026 03:59,0,1.94
23-05-2026 04:14,0,1.93
23-05-2026 04:29,0,1.93
23-05-2026 04:44,0,1.89
23-05-2026 04:59,0,1.96
23-05-2026 05:14,0,2.24
23-05-2026 05:29,0,2.77
23-05-2026 05:44,0,2.77
23-05-2026 05:59,0,2.77
23-05-2026 06:14,0,2.77
23-05-2026 06:29,0,2.77
23-05-2026 06:44,0,2.77
23-05-2026 06:59,0,2.77
23-05-2026 07:14,0,2.77
23-05-2026 07:29,0,2.73
23-05-2026 07:44,0,2.73
23-05-2026 07:59,0,2.7
23-05-2026 08:14,0,2.67
23-05-2026 08:29,0,2.65
23-05-2026 08:44,0,2.6
23-05-2026 08:59,0,2.6
23-05-2026 09:14,0,2.6
23-05-2026 09:29,0,2.6
23-05-2026 09:44,0,2.6
23-05-2026 09:59,0,2.6
23-05-2026 10:29,0,2.24
23-05-2026 10:44,0,1.94
23-05-2026 10:59,0,1.64
23-05-2026 11:14,0,1.45
23-05-2026 11:29,0,1.42
23-05-2026 11:44,0,1.39
23-05-2026 11:59,0,1.38
23-05-2026 12:14,0,1.36
23-05-2026 12:29,0,1.35
23-05-2026 12:44,0,1.35
23-05-2026 12:59,0,1.35
23-05-2026 13:14,0,1.35
23-05-2026 13:29,0,1.35
23-05-2026 13:44,0,1.34
23-05-2026 14:14,0,1.29
23-05-2026 14:29,0,1.27
23-05-2026 14:44,0,1.26
23-05-2026 14:59,0,1.25
23-05-2026 15:14,0,1.25
23-05-2026 15:29,0,1.25
23-05-2026 15:44,0,1.25
23-05-2026 15:59,0,1.25
23-05-2026 16:14,0,1.58
23-05-2026 16:29,0,1.77
23-05-2026 16:44,0,2.23
23-05-2026 16:59,0,2.6
23-05-2026 17:14,0,2.6
23-05-2026 17:29,0,2.6
23-05-2026 17:44,0,2.6
23-05-2026 17:59,0,2.65
23-05-2026 18:44,0,2.59
23-05-2026 18:59,0,2.61
23-05-2026 19:14,0,2.61
23-05-2026 19:29,0,2.59
23-05-2026 19:44,0,2.56
23-05-2026 19:59,0,2.54
23-05-2026 20:14,0,2.5
23-05-2026 20:29,0,2.5
23-05-2026 20:44,0,2.5
23-05-2026 20:59,0,2.5
23-05-2026 21:14,0,2.5
23-05-2026 21:29,0,2.49
23-05-2026 21:44,0,2.49
23-05-2026 21:59,0,2.49
23-05-2026 22:29,0,2.48
23-05-2026 22:44,0,2.46
23-05-2026 22:59,0,2.44
23-05-2026 23:14,0,2.43
23-05-2026 23:29,0,2.43
23-05-2026 23:44,0,2.43
23-05-2026 23:59,0,2.43
24-05-2026 00:14,0,2.43
24-05-2026 00:29,0,2.43
24-05-2026 00:59,0,2.44
24-05-2026 01:14,0,2.41
24-05-2026 01:44,0,2.38
24-05-2026 01:59,0,2.39
24-05-2026 02:14,0,2.39
24-05-2026 02:44,0,2.35
24-05-2026 03:14,0,2.33
24-05-2026 03:29,0,2.3
24-05-2026 03:44,0,2.27
24-05-2026 04:14,0,2.19
24-05-2026 04:29,0,2.13
24-05-2026 04:44,0,2.07
24-05-2026 04:59,0,2.03
24-05-2026 05:14,0,2.26
24-05-2026 05:44,0,2.69
24-05-2026 05:59,0,2.66
24-05-2026 06:44,0,2.53
24-05-2026 06:59,0,2.48
24-05-2026 07:14,0,2.42
24-05-2026 07:29,0,2.35
24-05-2026 07:44,0,2.28
24-05-2026 07:59,0,2.28
24-05-2026 08:29,0,2.19
24-05-2026 08:44,0,2.14
24-05-2026 08:59,0,2.1
24-05-2026 09:14,0,2.07
24-05-2026 09:29,0,2.01
24-05-2026 09:44,0,1.97
24-05-2026 09:59,0,1.92
24-05-2026 10:14,0,1.88
24-05-2026 10:29,0,1.82
24-05-2026 10:44,0,1.77
24-05-2026 10:59,0,1.73
24-05-2026 11:14,0,1.7
24-05-2026 11:29,0,1.63
24-05-2026 11:44,0,1.68
24-05-2026 11:59,0,1.62
24-05-2026 12:14,0,1.62
24-05-2026 12:29,0,1.53
24-05-2026 12:59,0,1.46
24-05-2026 13:29,0,1.42
24-05-2026 13:44,0,1.39
24-05-2026 14:14,0,1.36
24-05-2026 14:29,0,1.35
24-05-2026 14:44,0,1.35
24-05-2026 14:59,0,1.34
24-05-2026 15:14,0,1.34
24-05-2026 15:29,0,1.34
24-05-2026 15:44,0,1.34
24-05-2026 15:59,0,1.4
24-05-2026 16:14,0,1.61
24-05-2026 16:59,0,2.48
24-05-2026 17:14,0,2.46
24-05-2026 17:59,0,2.41
24-05-2026 18:29,0,2.41
24-05-2026 18:44,0,2.41
24-05-2026 18:59,0,2.41
24-05-2026 19:14,0,2.4
24-05-2026 19:29,0,2.4
24-05-2026 19:44,0,2.4
24-05-2026 20:14,0,2.38
24-05-2026 20:29,0,2.33
24-05-2026 21:14,0,2.22
24-05-2026 21:29,0,2.16
24-05-2026 21:44,0,2.12
24-05-2026 21:59,0,2.13
24-05-2026 22:14,0,2.09
24-05-2026 22:29,0,2.02
24-05-2026 22:44,0,1.93
24-05-2026 22:59,0,1.88
24-05-2026 23:14,0,1.85
24-05-2026 23:29,0,1.86
24-05-2026 23:44,0,1.78
24-05-2026 23:59,0,1.76
25-05-2026 00:29,0,1.65
25-05-2026 00:44,0,1.59
25-05-2026 01:14,0,1.39
25-05-2026 01:29,0,1.32
25-05-2026 01:59,0,1.24
25-05-2026 02:29,0,1.16
25-05-2026 02:44,0,1.12
25-05-2026 02:59,0,1.05
25-05-2026 03:14,0,0.99
25-05-2026 03:29,0,0.93
25-05-2026 03:44,0,0.86
25-05-2026 03:59,0,0.8
25-05-2026 04:14,0,0.75
25-05-2026 04:44,0,0.66
25-05-2026 05:14,0,1.07
25-05-2026 05:29,0,1.22
25-05-2026 05:59,0,1.13
25-05-2026 06:14,0,1.08
25-05-2026 06:44,0,0.98
25-05-2026 06:59,0,0.94
25-05-2026 07:14,0,0.9
25-05-2026 07:29,0,0.87
25-05-2026 07:44,0,0.83
25-05-2026 07:59,0,0.81
25-05-2026 08:14,0,0.79
25-05-2026 08:29,0,0.77
25-05-2026 08:44,0,0.83
25-05-2026 08:59,0,0.81
25-05-2026 09:14,0,0.78
25-05-2026 09:29,0,0.75
25-05-2026 09:44,0,0.73
25-05-2026 09:59,0,1.15
25-05-2026 10:14,0,1.25
25-05-2026 10:29,0,1.23
25-05-2026 10:44,0,1.21
25-05-2026 10:59,0,1.19
25-05-2026 11:14,0,1.17
25-05-2026 11:29,0,1.14
25-05-2026 11:44,0,1.14
25-05-2026 11:59,0,1.14
25-05-2026 12:14,0,1.14
25-05-2026 12:29,0,1.13
25-05-2026 12:44,0,1.13
25-05-2026 12:59,0,1.13
25-05-2026 13:14,0,1.13
25-05-2026 13:29,0,1.11
25-05-2026 13:44,0,1.09
25-05-2026 13:59,0,1.07
25-05-2026 14:14,0,1.05
25-05-2026 14:29,0,1.04
25-05-2026 14:44,0,1.04
25-05-2026 14:59,0,1.04
25-05-2026 15:14,0,1.04
25-05-2026 15:29,0,1.04
25-05-2026 15:44,0,1.04
25-05-2026 15:59,0,1.09
25-05-2026 16:14,0,1.25
25-05-2026 16:44,0,1.84
25-05-2026 16:59,0,1.81
25-05-2026 17:14,0,1.82
25-05-2026 17:29,0,1.82
25-05-2026 17:44,0,1.82
25-05-2026 17:59,0,1.82
25-05-2026 18:14,0,1.82
25-05-2026 18:29,0,1.82
25-05-2026 18:44,0,1.82
25-05-2026 18:59,0,1.79
25-05-2026 19:14,0,1.78
25-05-2026 19:29,0,1.74
25-05-2026 19:59,0,1.75
25-05-2026 20:14,0,1.75
25-05-2026 20:29,0,1.75
25-05-2026 20:44,0,1.75
25-05-2026 20:59,0,1.75
25-05-2026 21:14,0,1.75
25-05-2026 21:29,0,1.75
25-05-2026 21:44,0,1.75
25-05-2026 22:14,0,1.68
25-05-2026 22:29,0,1.68
25-05-2026 22:44,0,1.65
25-05-2026 22:59,0,1.57
25-05-2026 23:14,0,1.58
25-05-2026 23:29,0,1.57
25-05-2026 23:44,0,1.57
25-05-2026 23:59,0,1.57
26-05-2026 00:14,0,1.58
26-05-2026 00:44,0,1.57
26-05-2026 00:59,0,1.67
26-05-2026 01:14,0,1.65
26-05-2026 02:14,0,1.49
26-05-2026 02:29,0,1.48
26-05-2026 03:29,0,1.42
26-05-2026 03:44,0,1.4
26-05-2026 03:59,0,1.36
26-05-2026 04:14,0,1.33
26-05-2026 04:29,0,1.28
26-05-2026 04:44,0,1.25
26-05-2026 04:59,0,1.22
26-05-2026 05:29,0,1.17
26-05-2026 05:44,0,1.15
26-05-2026 05:59,0,1.12
26-05-2026 07:14,0,2.07
26-05-2026 07:29,0,2.03
26-05-2026 07:44,0,1.97
26-05-2026 07:59,0,1.97
26-05-2026 08:14,0,1.96
26-05-2026 08:29,0,2.0
26-05-2026 08:59,0,1.97
26-05-2026 09:59,0,1.87
26-05-2026 10:14,0,1.84
26-05-2026 10:29,0,1.84
26-05-2026 10:44,0,1.84
26-05-2026 10:59,0,1.84
26-05-2026 11:14,0,1.84
26-05-2026 11:29,0,1.84
26-05-2026 11:44,0,1.87
26-05-2026 12:14,0,1.83
26-05-2026 12:29,0,1.84
26-05-2026 12:44,0,1.83
26-05-2026 12:59,0,1.83
26-05-2026 13:14,0,1.83
26-05-2026 13:29,0,1.83
26-05-2026 13:44,0,1.83
26-05-2026 13:59,0,1.83
26-05-2026 14:14,0,1.82
26-05-2026 14:29,0,1.78
26-05-2026 14:59,0,1.77
26-05-2026 15:14,0,1.68
26-05-2026 15:29,0,1.68
26-05-2026 15:44,0,1.68
26-05-2026 15:59,0,1.96
26-05-2026 16:14,0,2.22
26-05-2026 16:29,0,2.74
26-05-2026 16:44,0,3.16
26-05-2026 16:59,0,3.26
